-1.1523602,-0.25057858,-0.43387884,0.84871036,0.6920092,2163.0786
-2.1152196,0.32227492,-1.2633348,0.3499832,0.3081339,2104.96
1.2376579,1.1167772,-0.24727765,-1.3526537,-1.6959313,1592.1019
0.7935084,0.59883946,-1.5550951,-0.3413603,1.8530061,1539.9465
-0.58549714,-0.17339702,0.18347792,1.3893661,1.5863343,267.46582
-0.8436768,-0.6135831,0.03159274,-0.49267703,0.24841475,-1.1799232
0.112411186,0.64079237,0.44115627,-0.10230965,0.792444,1683.2826
0.052507486,0.5228604,2.3022053,-1.4688939,-1.5866888,833.87897
0.8728312,1.0553576,0.17784412,-0.23033547,-0.3917544,1.1571289
-0.39515752,-0.4462172,0.7440207,1.5209795,3.4105027,25.329027
-1.234135,1.8197253,-0.5515287,-0.569248,0.9199713,2036.9855
1.2898738,-1.4781743,2.5672328,-0.4731198,0.33555073,6.2057147
-0.54974365,-0.47983426,-0.49968216,-1.06698,1.1149396,-0.5061907
0.80575365,-0.09334823,0.6870502,-0.83831537,0.00089182175,-0.11459984
-0.40003455,1.039462,0.3581531,-0.24600095,2.3025165,76.730125
-0.049727023,-1.0449786,-0.95650053,0.03353186,0.7100866,488.61166
-1.3601689,0.34456542,0.5198677,-2.6133225,-1.6964747,-16.41782
0.279955,0.2469264,0.076887004,0.3380058,0.45440176,5.465496
-0.865371,0.78130794,-0.9267894,-0.21883368,-2.4350653,-13.792458
-0.033986602,0.9625183,0.34916824,-0.921462,-0.056194782,1090.059
-0.46372217,1.9217824,-0.4025455,0.12390248,1.1647835,9.623162
1.3872952,-0.88337576,-0.41891345,-0.8048267,0.5656091,275.44467
0.46688354,1.9506571,-1.0630985,-0.077325754,0.116398655,2.1632996
-1.2439286,-0.10209263,-1.0335484,-0.31263885,0.24578549,-2.9477046
0.11833705,0.24395832,1.1646006,0.28857586,0.38659775,2615.5054
-0.117926985,0.1921991,-0.7721569,-1.9003456,0.13067743,833.5037
0.31472096,0.15739289,0.3853627,0.9671457,-0.99108285,1.6285719
-0.10731688,0.99845636,-0.49871477,0.7611109,0.61830086,630.9009
0.21333301,-0.12005083,0.36045974,-0.3140355,-1.078708,-4.653633
-1.3962274,-0.06614456,-0.35835508,-1.5615617,-0.3546433,-51.0389
0.13147806,1.5735376,0.78142935,-1.078658,-0.72090983,1372.6685
0.275635,0.66678107,-0.99438965,-1.1893647,-1.1959498,-11.194851
0.5334718,0.40688664,0.39458653,0.17151096,0.87604475,2298.7725
1.0216401,-0.07439491,-1.0922236,0.3920264,0.5945261,1302.1575
-1.2063024,0.6074397,-0.5471568,1.1710892,0.097496286,566.8991
0.8403232,-1.2536547,0.98683614,-0.49465504,-1.283043,-580.10065
1.2835777,-0.6658616,0.5651337,0.28770372,-0.033375256,328.10272
-0.11442617,-0.34333584,1.5712649,0.19161488,0.37994194,7.5791907
0.6376179,-0.28129008,-1.329876,-0.1420107,-0.5341458,1365.0071
0.86150426,-0.8869631,0.8387747,1.1528952,-1.7610976,-2.031656
-1.7556711,0.0761662,-1.0786035,1.4403417,-0.11059419,2.2385564
-0.1691741,-0.06402487,1.0384256,0.9068235,-0.47551355,-228.06294
0.1447429,1.9028565,0.3903958,-0.039372582,-0.8014718,1.8226388
-0.36151406,0.5851132,-1.1560068,-0.14336488,-0.19474058,211.27104
1.3945203,0.5969001,-0.48284835,-0.3660986,-1.3270522,-6.6337934
2.0654995,-0.23395768,0.7073183,0.5800481,0.26830208,7.381836
0.5340205,-0.5353949,-0.8636656,-0.02349435,1.1716698,3.4451234
-0.19871552,-1.1559409,-0.31666976,0.9402981,-1.1469542,1426.5302
0.79175854,-0.18467577,-0.7317725,-0.08065191,-0.98006076,-6.402959
-0.4889547,-0.81373125,0.8199948,-0.6331734,1.2947547,5.5494328
-0.6204337,0.9883892,-0.43217802,-0.62321943,-0.21624534,1573.4684
0.7869553,0.10759073,-1.0714777,-0.116647765,-1.0169708,931.6668
0.47843775,-1.2295241,-1.3700367,1.5435418,-0.033207,0.71101135
-0.2555965,-0.12923102,-0.054594755,0.40834674,1.1263659,7.6584716
1.0076851,1.0046417,-0.43351972,-1.2425977,1.2845501,-684.2157
0.53036857,-0.0145307295,-2.235718,1.4660301,-1.2190582,-5.658659
3.930004,-0.12442428,0.29534167,0.3826542,-0.54972136,2.431627
1.3459369,1.9456682,-1.2903639,-2.349476,-2.068862,2199.805
-0.6946201,1.9594572,-1.1038278,0.5411418,1.5389583,11.135682
1.246405,0.11507506,1.6193073,0.4636934,1.3007355,15.049076
0.0651267,0.77324104,-0.97013843,-0.8876769,-0.31831706,-667.46295
0.45428365,0.49895304,0.87799746,0.38944435,1.4625175,2161.742
-0.5333999,-0.034651347,0.65729696,-0.3112243,-0.56200355,1240.0405
-1.2721126,-0.17401844,0.55411685,-0.18165524,-0.23447339,904.1362
0.79732287,1.2642155,0.9354917,0.5454632,-1.5373887,1495.474
0.7400597,1.4502208,4.1014934,1.1182257,-1.5668478,13.203231
0.5743867,1.2380632,-0.6405401,-0.76447284,0.24084058,0.031147208
-2.2318141,1.3892109,-0.50233257,1.679693,-1.023953,2.7397602
-1.217692,0.7649633,1.1971186,-0.71278685,-0.06557541,2.3732033
1.785171,-0.011840681,0.9796671,-1.0660515,1.7719636,682.6007
-0.2769017,0.74892545,-0.64345515,-0.95175934,0.27152124,513.2684
1.849982,1.19095,-0.5898564,0.9646938,-1.5093513,686.07623
1.2287956,-0.48546082,0.45357096,1.3514447,0.43392682,1145.82
-0.18602684,0.27565816,0.109690644,0.35942408,-0.7537387,373.03873
-0.25444418,1.5800135,-0.24436437,-1.1991092,-0.02568617,1910.0801
-1.0596528,3.4028263,-0.56867,-0.47548905,1.7431631,1943.6299
-0.3164144,1.2937437,1.3452626,0.19394375,1.5716748,16.152367
1.3950834,0.3427455,-1.6044924,-0.5873053,0.60038847,1681.0883
-0.09645469,0.33026883,-0.1875189,-1.4270647,0.5925545,-1.7775043
0.035760924,0.21601258,-0.91608,1.5598513,-3.1537244,-10.86762
-0.4302971,-0.33322516,-1.5463973,-0.0147169065,1.2251118,1.5036904
-1.6314973,-0.05687696,0.629659,0.27116904,-0.6859827,57.757454
1.679667,-0.8808245,0.5800328,0.3642299,0.08813406,3.679433
-0.70636976,-0.16421615,-0.97146815,-1.030844,0.64727926,-3.555569
0.71665096,-2.0001886,-2.4096577,0.21942289,-1.6988605,-17.463993
-1.6612948,-0.54607284,-0.6301779,-0.63465005,0.9746645,-0.49094993
0.029889857,1.7092352,-0.7257586,-0.77353716,0.59621435,2.0855653
1.1455933,0.73934186,1.253198,-0.4445231,0.81845194,1151.5259
0.36031604,-1.6146107,-2.4733615,0.036155786,-0.342218,-11.153717
-0.05687851,0.8436175,0.68287385,3.3943958,-1.6687781,720.20703
-0.285985,0.33505186,1.1719372,1.2955022,0.89086163,197.07568
-1.1726574,-0.68704545,-2.3348582,0.09404076,-0.20208217,165.17957
2.0118418,-0.3367917,0.32598034,0.53520197,1.9732895,1401.0397
-0.030574493,0.12672815,0.0055465633,0.794336,0.4071536,2217.0903
1.3102548,-0.96505266,0.8806112,-0.10247438,-0.67701006,1552.7185
-1.6185554,0.5079081,2.3229542,0.22977534,-0.5296529,6.3902216
0.004261419,-1.2578868,-1.0844678,0.7529794,0.32364774,-0.2580549
1.3056118,0.21175182,0.2719623,-0.92684317,-2.7329998,-14.531965
-0.27399963,0.13978058,0.50856197,0.27709973,-0.98124963,1651.6472
1.5689952,-0.081852585,-0.3494001,0.20242652,-0.28838313,-0.073202625
2.4187312,1.3278693,-0.26386023,0.36446592,2.5440164,-219.06693
2.4426093,0.01037451,-0.9964888,0.97850007,-0.44143954,0.96704894
0.79797685,-1.1071447,2.3305755,-0.7650176,-0.47496715,690.70605
-0.1983605,2.2148795,-0.13668862,-1.0181606,0.17840539,1313.0728
-0.56442887,-0.9183681,-0.74956346,-0.09493296,1.1008662,1.7282891
-0.29284596,-0.7883442,-0.16952126,-2.1748617,0.7202475,1653.7207
0.2290301,1.2832692,-1.379205,0.5407566,-0.94780743,-3.050379
-0.35074812,0.54500526,1.5412108,0.6002392,-0.3380149,7.2546177
0.89312863,-1.454091,1.1874936,-0.29952344,2.2963183,12.363147
2.174768,-1.2459528,2.4966133,-0.7068829,1.1504486,791.7906
0.81551796,2.000545,-0.43934748,-0.43189803,-0.47292864,0.05206979
-0.9736213,0.7978925,-0.5733004,0.20604949,0.21373624,3118.0828
0.7330628,-1.4552099,-2.0457976,-0.17707549,0.6240474,-5.256427
0.817579,-0.38959736,1.2776108,0.51468146,0.34851742,-599.5183
-0.9586872,0.9181745,0.48879737,0.9839283,0.996136,12.73486
-0.58537114,-0.18619274,-1.2374421,1.1838981,-0.19545402,1865.5529
1.051132,-1.026934,-0.28749532,1.8479732,-2.394956,62.67032
-0.16988592,0.5841776,1.0504307,1.285579,-1.6165199,492.35358
-1.2204617,0.5731281,0.6991968,0.25105572,0.27845174,-705.3356
1.6104327,-0.12166494,-1.394133,-0.90478724,-0.3466989,-211.6032
0.03054458,-0.85423833,0.53881836,-0.5264901,-1.3320408,136.24231
0.40862593,-2.0546427,0.5259053,0.59946424,-0.40781933,1849.2976
-0.39178935,2.1403496,-0.20620288,-0.09838856,0.48546717,411.42688
0.043065067,-0.43943793,-0.67611474,1.738886,-0.94229275,1074.5084
-0.22970922,-1.2564039,0.557013,0.15761486,1.0270689,5.7840886
-0.0012231326,-1.8095455,0.692563,1.1982136,1.3166901,370.37842
1.2075037,-0.6478288,0.5265248,-0.9507912,-2.1455786,812.5649
-0.40974683,-0.7386033,1.6552756,0.52037185,-0.23261602,5.295365
0.2685222,1.4768786,0.35479507,1.6247085,0.59342253,119.55374
-0.6220156,-0.006249401,0.89519733,-0.007699869,0.04517162,3.490576
-1.5825188,-0.5877922,-0.11398256,0.70143753,-0.5556063,2205.3364
-0.0442441,0.5195826,0.7600807,-1.029267,-1.2504048,521.582
-0.6140205,0.8530077,0.15509827,1.1059221,1.0944527,657.7657
0.7763662,-1.3568337,-0.7653952,-0.20902625,-0.26518333,-548.73566
1.407234,-2.9776642,-0.14418237,-0.8499266,-0.29783177,1520.6256
0.50273246,-0.88708985,1.9974164,-1.6983763,-0.6720046,-4.697198
-1.9145387,-1.1217594,-0.60355777,-2.4189694,-0.9170435,2281.1892
-0.7560975,0.37634695,1.1279659,0.021896534,1.4937313,637.5893
-0.10906618,-1.5689645,0.5581149,-1.0654696,0.40257764,1606.8065
-0.58336616,-0.25852317,-0.60555947,-0.1882427,0.95960665,2.4495785
-0.7692208,-0.07288359,-1.443346,-1.262258,0.58818084,-5.9652643
-1.0352659,-1.2152215,-0.16962762,0.5822805,1.8897082,9.2481985
0.73014474,-1.2801203,-0.35817936,-0.06125941,1.3390553,4.1116962
0.4159275,-0.78011936,-0.02442266,-0.9445182,0.076086305,2388.6213
-0.8107677,-1.1052082,-0.72330654,0.7882311,1.3645267,1068.4192
-1.000434,0.0015595388,-0.13155869,0.103148796,-0.3697941,814.1124
-0.120299615,1.2383082,0.19852315,-0.7985086,0.2760488,1805.4537
2.482092,-1.200674,1.0209576,-0.38697153,-0.056888696,1.0374523
-0.06105384,0.5320888,-0.8971833,-1.3016558,-1.3728253,2204.8245
-0.4621997,0.20358495,-1.0328287,1.1304808,-0.5703013,-0.25349626
0.3899225,0.0873435,-0.8573606,-0.27461615,0.4432121,1075.1127
1.3319532,0.7733117,3.056697,-2.487803,-1.6961745,-6.0530205
1.3925688,2.2975423,0.52725476,0.15138178,0.5188244,1763.0493
1.0006802,-1.3174312,0.0056001856,0.5678831,-1.4192033,-5.9300847
0.16012698,-1.4835624,0.8233741,1.0166345,1.2867535,11.133146
0.116743095,-0.14822921,0.8930536,-0.76183164,-1.5387883,-7.2580233
0.6954886,-2.456195,0.020697417,-0.12531798,1.6862394,4.3786144
-0.95678264,0.71448344,0.84445536,0.06993348,0.006232986,4.77058
0.11945226,-0.3312215,-0.84073514,0.46111816,0.6159672,2.8036828
-0.24066502,-0.62509567,0.81614923,-0.57106906,-0.11945281,650.9153
0.81432503,-1.4120764,-0.0997737,0.074936196,0.59032184,1.5466007
-0.6358906,-0.3538538,-1.0989977,-2.054349,-0.08066243,-11.905078
-1.14544,2.006081,-0.17704834,-1.5146697,1.0749555,1902.2252
-1.655744,-0.46148813,0.038077034,-1.3240482,0.5548263,-3.1142669
2.1221154,0.049964603,0.45212755,0.81456995,-0.13941883,939.296
-0.45735484,-1.2945498,0.7011869,-1.9097658,1.0538136,1791.389
0.22511537,0.67983294,0.52886754,0.3542244,0.5805201,8.234725
0.6230258,0.8397579,-0.88198465,0.96504515,0.8688326,568.11774
-0.92478466,0.32409665,-0.8189603,0.36241758,0.22211488,1.3310082
-0.31517422,-0.40103623,0.2157178,1.2853788,-1.038595,2052.065
0.5374267,1.082613,-1.7104682,-1.0840825,-0.12873806,-102.465324
-1.309896,0.66026926,-1.412063,1.834581,0.45619425,463.34937
0.19927996,0.10911346,-0.8429985,0.6051697,1.3176558,70.77631
-1.2217153,0.628865,1.0134166,-0.7994328,-0.1256682,0.76706105
0.8625015,1.7967968,-1.5077322,0.07274993,-2.2924912,-10.676559
0.6816826,-1.4963338,-0.9824753,0.7183938,0.44021195,1405.4056
0.6639502,-2.103325,0.8777172,-0.23718883,1.5657252,884.707
-2.66332,2.124525,1.3875089,0.81153494,0.16292265,12.05898
-1.6928482,-1.0749267,0.8543414,-0.5914515,0.42445996,1424.3864
-0.07067191,-0.06320041,0.59197307,-0.44556186,-1.2189803,-5.267566
0.47238404,-2.7393508,0.025881581,-0.19623692,-0.78205717,-261.61438
0.33373958,-1.1229814,0.62096876,-0.8763944,-1.7740028,-11.60875
-1.475962,0.6670248,0.6688039,-0.07519467,0.1643014,4.083224
0.5813154,0.23498435,1.0716707,-0.5228656,-0.7212901,-0.67266303
-0.80876726,0.46466228,0.3914804,-1.3406037,0.759646,1.1379141
-0.066735394,0.5558985,-1.4076215,0.110627316,0.035188127,-1.4884446
0.915884,0.298982,0.17709148,-0.34392425,0.22910148,-24.520111
0.27017984,-0.20022143,1.0184193,-0.4169326,-0.030777726,2.6450102
0.20237742,0.41562667,-1.203715,-0.13329864,-0.29340672,1038.8147
0.5762487,-0.05777863,1.1715286,-1.5184962,0.047528647,842.04816
1.435347,0.25175053,0.74082273,-1.0981501,0.15478936,976.99786
0.040803835,-1.1174201,0.70294315,-0.66747665,0.12538227,222.11592
-0.6549322,0.05212422,0.34005544,-0.21241626,1.5629166,8.684901
-1.5661852,0.04854765,0.9935045,2.1179721,-0.1827105,1126.0614
1.7764268,-0.5032784,0.056575924,-0.54808754,-0.6917327,1455.4713
0.6949254,-0.46705866,-0.16795415,0.75847334,1.1880646,8.9012375
-0.06540572,0.6187951,2.0019612,0.2952379,0.53137577,12.066297
0.099478155,-0.11688261,0.37282354,-1.0210977,1.079466,2235.2402
-0.17329216,0.06371202,-1.2699165,-0.6211707,-0.23807597,212.91466
1.800752,-2.0626597,0.32217002,-1.1390374,1.2417963,1480.1946
1.2005081,-0.44513482,0.049678378,-0.17359526,0.76698387,4.022875
2.789912,0.43252537,2.1304455,2.5500085,0.2992521,779.9464
0.32548308,0.1332535,0.124883376,-1.4959593,0.018231241,-4.008352
0.031206096,0.40039045,0.4257631,0.8395171,1.2389448,659.6962
-1.6583717,0.5483349,-1.398321,-1.9764143,1.2324904,1244.8243
-0.06941389,0.73224473,-0.15033345,-0.7071322,0.4674973,1.4602177
1.3356787,1.1553124,-0.05629798,0.4306151,-0.93264496,1066.8871
0.10331708,1.5215786,0.36549732,1.4289279,0.36433312,12.810703
1.0106316,0.6218946,2.2847002,1.5749048,-0.31051356,14.419226
1.0033702,-1.4374816,0.043097343,-1.6455464,-1.4646438,1225.6565
-0.10590545,-0.7404946,1.1576905,1.4433768,0.19839913,9.739592
-2.0371144,2.1287673,-0.2044581,0.46846366,1.2036285,2201.5332
1.5853344,0.8790557,2.7500124,-0.52031356,-2.2907882,-1.7912405
-1.8938603,-0.34591526,0.62019926,0.69224703,0.74496984,401.2983
-0.6848528,0.63001555,1.9448069,0.3883721,0.88457125,864.4196
-1.1974032,1.4019586,0.49731192,0.6799168,1.1085395,12.933788
-0.15343817,-0.2745296,0.2855151,1.0041053,-1.1813147,-0.62472993
-1.7934264,-1.29585,-0.8070517,2.1192298,0.35834324,367.26297
-0.18559813,-0.15892124,1.2183373,-1.1200173,-0.45884353,817.80505
1.0784022,0.116372705,0.26902592,-1.8818876,-0.54570246,-7.7337594
-0.28868636,0.6692926,1.4944886,0.024317078,-0.49781436,530.0728
1.276276,-0.15469112,-0.28456807,-0.6296441,-0.24855971,-3.2153285
-1.1018785,-0.74082595,0.82407683,-0.9503344,0.65933305,0.91332614
-0.2916592,1.869919,-1.1053565,-0.14417847,-0.3462562,-1.0605766
0.9407208,-2.2080972,0.4190495,-0.24860446,-1.345234,489.29004
-2.1942997,-0.30386195,-0.20922212,0.6825136,-0.12944508,989.3963
2.4895082,-0.74531037,-1.7158865,1.3672587,2.2012913,2945.9553
0.72174716,1.4671623,-1.4540313,-1.6336757,-0.74156904,1666.1569
-1.5952702,0.62787527,-1.5422435,0.21990158,0.8785276,-916.42145
-0.4481245,1.1556338,1.3168038,-1.0800692,-0.64677745,87.98181
0.39044592,-1.104988,0.8456877,-0.46837753,-0.63976985,563.062
1.2368488,3.0229318,-0.48566687,0.24285536,-0.15634626,6.3483324
1.3340182,2.007833,-0.23459324,-1.0743641,-0.801383,-3.2900884
-0.2821471,-0.4710902,1.9417651,0.69642794,-0.5743701,5.6276026
-0.22428255,-1.4099342,1.065128,0.41832367,0.713301,6.4160028
-0.8358373,-1.9481411,1.8367405,-0.41839266,-0.12562148,-0.16226403
0.0019308655,1.3103606,-0.5257476,-0.03413593,1.4708159,9.286439
1.2093669,0.053563673,-0.37049598,0.26504084,0.16346215,2.546706
0.2852746,0.4203893,1.1917719,-0.07993885,1.2039465,11.278324
1.5494729,0.2095949,0.045500338,0.16272062,-0.058489278,2.789123
1.0268588,0.62416166,0.2914157,0.5569983,-0.74697787,2.1721106
1.1190741,0.011701875,0.014502173,-0.72286963,-0.20104104,-2.2969053
1.2486879,-0.8373648,0.22470933,-0.84383285,0.89445823,1.7141091
0.17002222,0.7814423,-0.5328566,-0.9255815,-0.20309313,-3.7364893
0.4647186,-0.8540258,-1.5642383,-0.15724632,0.9396961,287.69864
-0.1435869,3.7251,1.732696,-0.7422731,0.14464794,-172.47087
0.6298072,-0.4704444,0.21505082,-0.41299486,-1.8310094,-2035.2722
0.3660935,-0.023467643,-0.45105034,-2.1999989,1.4691974,-1.6765907
1.152527,1.8086386,-1.5669464,1.3985722,0.27512747,7.422585
-0.6777618,1.2894601,0.49883005,-0.5291616,0.10662004,3.1683226
0.2252612,-0.62667954,1.6608349,0.19960563,0.96868664,10.445269
1.6782504,-0.8512233,-2.0529485,-1.3517826,-0.028922014,68.673965
0.26280254,0.69010925,0.39716434,0.5601859,-0.105505705,2008.5771
1.0479012,-1.8560214,-0.732474,0.87161535,-0.75898063,-4.7108064
-2.3379033,-0.27670318,0.25808355,0.5569879,1.583112,10.176629
0.37987122,-0.8441681,-0.03631269,0.0981207,0.9635644,4.609181
1.1733963,-1.5960741,0.8083367,0.4165085,-0.22593181,1980.3231
-1.7836531,0.46817768,-0.88731545,-0.082730226,0.814225,2.1917434
-0.5322308,1.4999704,-1.6803586,-2.4878757,-1.2185978,581.3599
1.3972511,0.09016707,0.08576501,-0.44568846,0.35795465,2.0461345
-0.8552056,1.0684149,0.09606088,-0.6842528,0.39891413,2.233071
0.19901623,-0.1584062,0.7390348,-0.25059557,-0.19741152,1814.8481
-0.6298487,0.61076725,-0.14153965,-0.68301266,1.3855709,-61.5782
-0.6669832,0.46094626,-0.40199015,0.56335205,-0.9334517,-2.0103822
-1.0469602,0.42549804,-1.5515589,1.5001035,-1.004509,1102.8137
-0.78874457,1.4492573,0.23202235,-0.0060980977,-0.023013834,1313.6564
0.23425744,-1.6312388,1.3001311,0.23921274,-1.8412095,1135.9165
-1.0143124,-0.4456473,-0.7546178,1.1411221,-0.7132007,1193.8082
-1.2117205,-0.13957919,-0.20890288,1.1369139,-0.78471375,0.15917341
-0.97468555,1.205654,0.18388614,0.27692115,-0.41522202,33.20924
0.18304984,-0.41773894,-2.3606336,-1.2222924,-1.0694225,-17.038616
-1.0984662,-1.1557602,-0.32728887,0.37678614,0.9962949,391.83328
1.1383868,0.39564574,0.48467055,1.4251134,-2.2150772,1155.7921
-0.6432792,-1.628847,0.29941514,0.4768399,0.05778077,0.41701317
0.06298505,2.077668,-1.156086,-0.83805704,0.0045130826,-1.6520813
-1.1423036,0.5115203,0.27438805,-1.258383,0.7509625,679.3335
0.62868345,-1.5342768,-0.6970733,0.21097676,0.54679346,-490.81836
-1.9182609,0.25430477,-1.6449172,-0.43483654,-2.1027513,750.1041
-0.47186992,1.5115925,-0.112437084,0.8743261,0.045072872,7.149545
1.8040944,-0.25333986,1.2563587,0.5277968,1.4931694,14.749148
-0.19651183,0.5295347,-0.566412,-0.1900814,0.112108864,-67.59361
1.6702224,0.19088458,-2.19608,-0.60354394,0.0039913515,794.1355
0.58610827,-0.4712253,-0.15025426,-0.58470094,1.9886384,-525.6988
0.7116502,-1.0629325,-0.06411275,1.1783456,-0.6523729,0.40971804
1.5086612,-0.0793681,0.8194432,0.8363559,-0.3621835,1032.741
-0.5611795,0.7079104,-0.103516445,-1.16139,-1.3401915,-9.432754
-1.2414346,2.0339794,0.13626622,-0.5010976,0.8082681,6.870976
-0.025203507,1.251656,-0.8889452,-0.7243706,0.43093953,-935.43677
-0.11600495,1.1690121,0.004880121,1.268522,2.090689,1922.1302
-1.0970569,-1.0661993,0.43949094,-0.6010976,-2.2042394,-13.733499
-0.94669956,0.07997484,0.15420859,0.6407949,0.29364616,974.51874
-0.4738871,0.029221628,-0.6343489,-0.4677971,0.37739968,1791.5559
0.91200674,0.14683937,0.60547894,0.26492652,0.39105633,-284.6316
-2.014457,-0.36237556,0.037076373,0.21746458,-0.41510502,1788.6753
-0.15451932,-0.8628882,2.428329,-0.67042625,1.311123,10.3205805
0.81897295,1.7625443,-0.7507394,0.72452337,-1.3014867,1006.08923
0.22723503,-1.0263761,1.8639896,2.7473872,0.24256532,16.884436
0.6459609,-0.7003147,0.8890899,1.1127499,1.0570263,2297.739
-1.2947205,-0.2570226,-0.4781352,-1.9051964,-1.6951631,1725.1812
-0.717081,1.1468867,-0.07632968,0.44333318,-0.5973283,1.4757727
-0.023629991,1.1778225,-0.6408057,1.2592565,-1.6406283,-1.7565372
0.98619324,0.61787766,-1.7281513,-0.2725279,1.2993538,2.9475517
-1.8811071,-1.3008426,-0.765376,-0.47772214,-1.2306638,2225.05
1.0616875,1.2442472,-0.5508208,-0.5205238,1.5414485,1038.2865
-0.8796616,-0.98009396,1.6861025,0.2367818,1.5648997,12.43239
0.17531466,0.08593972,0.38751853,-1.1793928,1.5782679,5.670259
-0.48517358,-0.04371494,-0.11596296,0.797778,-0.24252181,917.98914
-0.3795656,-0.011423253,-0.45123005,1.0632304,0.24968769,1965.6611
0.81291837,-0.9575578,1.2139364,-0.5724937,0.07932961,1.3653853
-1.415706,-0.22958918,0.15753974,-1.1856835,-1.2909647,-569.5717
-0.7710646,2.6714842,-1.9461017,2.2147932,1.6745564,2040.331
-1.9176579,-0.6797869,-2.5549374,-1.3454809,1.9527173,-635.4455
1.4118028,0.40027112,0.6820074,-0.8853593,0.3795869,1487.0232
0.48845497,-0.34212554,0.45787108,1.3709072,0.04585617,1050.9524
0.33531064,-0.793864,0.6968094,-0.22966789,-0.5878725,1757.7548
0.02572975,-0.4650438,-0.6945914,-0.042286087,-0.9024784,2655.3198
0.46402767,-1.2195053,-2.5316603,-2.5865335,-0.8707314,554.2401
0.030087622,1.0205009,0.089378856,-0.48788992,1.0724982,6.7508364
-1.182177,-0.34632516,0.26968265,-0.7855727,0.7436665,247.55338
-0.027929457,-0.034283027,-1.5015589,-1.0362092,-0.2600442,-9.037315
-0.69989985,1.0987619,1.9433179,-1.2090055,-0.03086139,934.0746
-1.4422526,-0.100579284,-0.059833776,0.16830081,0.81043154,4.645559
-1.9388121,-1.0047191,-0.19782186,-1.404308,-0.5315823,1714.9017
0.34430894,0.46520546,0.5006155,-0.6373808,-0.7916518,-2.920948
-1.4788843,-0.2505363,-0.07960619,-0.14794423,1.0818332,4.3133073
-0.4519939,2.2745955,-0.911928,0.5104643,0.5316016,7.3131375
-0.11564494,0.5156965,-0.114243194,-0.5827706,0.121441305,3595.77
-0.34971106,1.7710108,0.93490046,0.695798,1.9051374,19.495802
0.62911946,-0.27600685,0.01046456,1.160366,0.13754973,6.1119294
-0.65428424,-0.47844857,-0.28139442,0.12208668,1.0094333,4.438666
0.4875867,-0.9265,-0.57479864,0.7300099,-0.92868334,1217.3427
0.11351043,-1.3872789,-2.8854272,-0.05876672,0.53005075,1242.6958
0.49676183,1.6728207,-0.31508684,-0.29654688,-0.35684583,0.6944664
-0.5187179,-0.083941214,1.3068936,0.71950763,-0.20369042,6.2131467
-0.44556242,0.6337912,-1.4815168,1.7312566,-0.2704307,3122.9282
-1.6735195,1.4137628,-0.7073212,-0.8812907,-0.5895347,972.992
-1.8354496,0.47649994,-0.12338615,-0.25573838,0.31728727,1.2449311
0.7918653,-0.704226,-0.19531359,-0.27725932,0.58296067,1317.897
-0.5712034,0.8557726,-0.1066275,-0.5934698,-1.1657774,-6.0532656
1.6228365,-0.06459566,-0.6221893,0.86773986,-0.28575617,1610.1434
0.073975645,-0.8003724,-0.09728334,-1.5324612,-0.38123122,-236.73225
1.0869349,0.6656973,0.8846984,0.4671119,-0.64521855,491.06982
-0.32261577,-0.99354875,-0.8204515,-0.3198418,-0.31016466,-6.3724117
-1.447106,-1.17963,-0.8328812,0.45361745,-0.82090575,993.0021
1.337252,0.17813475,-0.019204434,-0.51011014,0.03241846,965.3339
-0.20617451,0.97192734,-2.6161315,-0.10138226,0.8616951,-1.0367779
0.77092105,-0.84160143,1.7962201,0.19237286,-0.17772433,4.975076
1.8793321,1.0057603,0.87082255,-0.690151,-1.1933396,-2.102471
0.57424736,0.26481527,1.026412,-0.36999166,0.7571219,7.153266
1.5330687,0.8182668,1.2511514,-0.45705017,-1.0858065,-0.08986221
0.49519908,-0.9355423,-0.64294106,-1.2763441,-0.6658934,-10.989127
2.185027,-0.04489245,-1.1616211,-0.59209883,0.7456973,1405.2451
-0.8220701,0.60512286,-0.99045664,-0.2533898,0.05296558,-1.8997457
0.44884968,0.25201434,-2.2690773,1.117898,0.21341123,2484.4792
-0.72476107,-1.0970483,-1.0562258,1.6772059,0.29699877,3.464892
-0.13405582,0.19057031,1.408148,0.56128997,0.8194602,1246.3682
0.14497897,-0.43009907,-1.2729467,0.34684828,-0.19058986,-3.107297
1.3541805,0.0014147876,-1.0186774,-0.9484802,0.702076,-1.7112597
1.0805323,-0.5553388,-1.4102674,-0.76076984,-0.49979472,-3.5078516
0.6154068,-0.2197048,0.016173722,1.9802665,1.5284784,-158.32295
0.39448076,0.58052075,0.020588294,0.41966444,-0.7763021,1038.5038
0.06334386,0.65096676,-1.083149,0.5464232,1.3303789,7.9032383
-0.56025773,0.69470596,-1.1198335,-0.05286095,0.76180255,834.73334
-0.83947265,-0.77459955,-0.7888518,-0.5472686,-0.27306148,-6.818533
-0.7049149,-0.33270684,-0.6154571,-1.2994621,0.72368,-3.4245214
-0.3450018,0.07904211,0.40749457,1.0389916,-0.43754202,4.135418
0.409636,1.0504031,-0.6871716,-0.9538624,0.72709966,1.0458541
-1.3223774,0.48051617,-0.43048856,0.036524616,0.12693074,-1731.0409
-0.2305788,0.43881187,0.38105047,1.7162228,-0.0039211763,9.673788
-1.591933,-0.2452335,0.30278516,1.1842364,0.6711599,44.358894
0.4756039,0.8376536,0.83736414,-0.79422885,-0.3621698,0.29362842
0.31476682,3.0973735,0.012120802,0.80322045,-0.6961759,2730.9429
0.23836508,0.013248655,-0.42369407,-0.09258259,-0.85187614,2317.0588
-0.80252814,-1.1103987,0.21507666,-0.3594437,0.5785039,0.5803597
1.2962993,-0.7942272,-1.142814,0.049264498,0.4103181,-1.1353685
-0.06284925,-0.5699048,-1.2049562,0.25427613,-0.06373914,-3.0777135
0.8253094,-0.701365,0.7877996,-1.1025139,0.12695415,-1.3937001
-0.14463556,-1.7125342,0.3617389,-0.46251586,-2.1531017,-14.01263
0.581639,-1.325015,-1.3146727,-0.5247965,-1.3041588,-648.3988
-1.703444,-0.6729763,0.5053026,1.497654,-0.5454407,2907.8853
0.47448954,0.48438463,0.43439946,-0.73347056,0.4529913,1258.1321
-1.3074595,-0.64060336,-0.45010048,0.7728535,1.2818134,7.182974
1.2246666,-0.4375455,0.37198573,-0.3203676,-1.0110201,545.536
0.21330246,1.7954437,0.4092708,1.3280652,-1.0375274,6.0308394
0.21786252,-0.9257397,0.3447547,-1.4456666,-0.9355416,1539.7557
-2.0108035,0.052931167,-0.24355356,-1.5032146,0.5824904,-3.753385
1.1215147,1.334842,0.71185005,-0.77944076,-1.435998,-3.9078066
0.22864743,0.1259639,1.0637338,-1.2337245,-1.0669323,-5.685623
-1.8638926,-1.7089778,1.0636212,0.31731313,0.3687955,1818.2639
-1.5670764,-1.1130108,2.679589,-0.9300641,-0.24175376,1.1263628
0.20472895,-1.0569732,-2.1960733,0.10059942,-1.1243323,2348.362
0.5685405,-0.9838363,0.9209477,-0.11026511,-1.8729292,815.1836
-0.27517805,0.99155104,0.78892106,1.0539458,-1.4463979,2.17057
-1.7668902,1.0384114,0.056148227,-0.70973283,0.5508085,1158.5746
-0.33839512,1.4706758,-0.32137814,-2.2059953,1.0064708,-0.9941054
0.15722528,2.318693,-0.19372022,-0.397464,-0.8334133,915.7052
0.3923597,-0.19620684,-0.782396,-1.0104437,-0.97548676,1765.1288
1.3739908,1.515994,0.41965887,-1.0895988,0.17652407,2.4700487
-0.063904986,0.34466144,0.512452,0.6432469,-0.92509866,1737.0746
0.0096963635,-0.08429743,-1.5201585,1.082247,0.58188397,-783.82416
-1.1113883,0.43131876,1.7588059,-1.0033455,-0.4448364,0.27449962
0.37390175,2.4863513,0.39934734,0.50840336,-0.07957184,8.95644
1.1534034,-0.700298,0.13918371,-0.064182274,-1.2347044,-376.38742
0.39510188,-1.180735,-0.4138226,-0.06040465,-1.2446659,-8.8907175
0.8965102,0.14060478,1.6155821,-0.40958226,-0.047504634,-885.7367
-0.77255684,-0.6787976,-0.50071114,-2.7854323,0.98596287,-8.470031
0.8908966,-0.5935295,-0.9883274,-0.90738666,-1.6235693,-1107.0975
1.9978651,1.7318287,-0.10482421,0.66836846,0.44687808,1293.0739
-0.67250925,1.3561009,-1.2209357,-0.7698543,-0.80565864,2434.1316
-0.010182509,0.46949965,0.35882726,-0.20804699,-0.9945652,2480.872
0.33226985,-1.9662731,0.74520993,1.8665997,-0.9579849,2298.4297
-0.031245805,0.63514054,0.0176601,1.6182396,-0.090166315,1071.4183
1.0037794,-1.1075594,1.2967438,-0.14861225,2.0251074,982.9246
-0.4717625,0.21157806,-1.042373,0.8840362,-0.7462878,-2.156966
0.28948814,1.3233001,-1.0048169,0.62936413,0.08360078,-480.39987
-0.8224528,-0.36348972,-0.027533036,0.87119263,0.40243298,190.63312
0.8948733,-0.4530755,1.4003158,0.7638196,0.19118397,2134.6826
-1.0604124,1.6827992,2.355923,-0.32605103,-0.7294174,1446.2422
-1.7879403,0.20454893,-1.6621271,-1.7046671,-0.61424,-14.34864
0.400133,-0.18589789,0.4033255,0.7373137,0.54599476,7.693238
-1.2816375,0.2424434,0.8365433,-1.3394849,0.013891958,-1.9207349
0.47807902,-0.010339296,-0.8282583,-1.5381072,0.33856636,-5.696194
1.4878811,1.349931,-0.11877367,1.1637183,-1.0769508,186.13354
0.5531643,0.6176705,0.54662955,1.8611152,0.50004417,-829.0965
-0.3519719,1.2173793,1.1053827,0.7831153,-1.1250165,2701.2341
-0.82723165,0.47270405,-0.05289006,-0.25851512,-1.3893912,-6.5549617
0.5756286,-0.034169514,1.4007415,0.18002702,0.15103017,6.84149
-0.90326935,0.17513402,0.7126789,-0.4404082,-1.2485499,-4.9625998
0.5542058,-1.4964343,0.097298585,-1.1094531,-1.2542136,-12.095324
-0.11887649,-0.24107344,0.6498412,1.8022567,0.33972546,1698.921
1.2802137,-0.03722714,-1.2907021,0.2934825,-1.4069502,1648.9629
-0.80695355,0.070743755,-1.7528985,-0.981431,-0.40847307,2402.6436
0.017969098,-0.05090621,1.7996951,-3.057612,-1.7291706,1930.7546
0.8003425,-0.052969012,0.8194336,0.089722574,0.5980471,7.093423
-0.37851253,-1.1127988,1.133585,-0.8588777,0.4248,397.3193
1.0882759,0.010856423,-1.1204122,0.010308459,-0.31117338,1826.063
0.06143684,-0.25146115,-0.69373214,0.15450941,-0.8661531,1331.4796
-0.48283112,0.9699131,-0.2364352,-1.8703195,0.3276526,-3.8747914
0.93049914,-0.8938623,-0.1385797,0.4406115,-0.04134051,766.79425
-0.13959056,0.8792382,-0.8053221,-0.13392696,0.8623663,1411.3573
-0.84346324,-0.14508294,0.08012208,1.416723,2.1210444,16.780039
-1.4965925,-0.9135796,-0.67814565,-1.1773146,-1.0367533,-13.456707
0.5970902,-1.15637,0.21449085,-1.0268955,0.6418529,939.359
-1.7796535,-0.42746323,-0.9150392,-1.3634181,-1.3115294,-15.55869
-0.56757057,-0.16702518,1.7732285,0.10098518,-1.4502665,2415.6187
0.22445637,1.3507365,-0.19361106,-0.06712445,1.2740692,1964.1573
-1.2152095,1.095405,-2.0605323,0.5660612,1.4058344,5.7137513
-0.5798379,0.18613932,-0.39137775,0.10809965,0.21362875,1.3371215
0.39858672,-0.6636487,0.24959713,-0.0077947527,-1.4080987,-6.470639
0.9164404,-0.6679251,0.898408,-2.829949,-1.1534177,1810.635
0.0016227331,-1.320097,0.73652,0.4681878,-0.47289476,0.016477931
2.0248067,0.033703405,1.687165,-0.2596878,0.18876879,7.1239977
-1.0208145,0.3279336,0.011078178,1.9938251,0.89803773,810.6045
0.43792966,0.6090839,1.5468307,-0.5783598,2.212334,789.9994
-1.0679269,0.47339097,0.43403453,0.43252337,-2.2392542,-6.8346887
0.17425685,-0.30576834,-0.06230406,0.80535835,0.34537485,5.264646
-0.23950475,-1.9311843,-1.0747734,-0.121907935,0.050672915,-6.4068947
-0.2291267,-0.36092457,0.26407707,1.5371798,1.6032022,15.173141
-0.3884561,-0.6097421,0.09509716,-0.52022725,1.1244079,3.3620229
2.200207,-0.7406601,-1.4368141,0.1606095,1.1785103,2.7854645
0.29556012,-0.51826376,1.9964219,-0.34723946,1.0322224,9.934826
-0.10430437,1.0246202,0.4014867,-0.7621492,-0.17309351,1829.1115
1.2977943,-0.55906767,-0.78912437,-0.9204219,-1.0811081,-11.010229
-1.5130856,0.21329889,-0.8761925,0.5946434,-1.7412455,312.71643
0.89833236,-0.03409092,1.804387,0.44272983,0.16479926,9.329134
-0.33557248,0.49512875,0.015877195,0.78431135,-0.4493174,1084.0377
-1.0170106,-1.3010048,1.2190799,-0.7904203,-0.4036903,-3.5262923
-0.85772157,-0.35809982,1.340458,-1.4922998,-0.8423956,-6.2603335
-0.37327668,-0.08777625,-0.62362516,1.1651903,-0.8526096,-0.80679923
0.35809898,0.28534025,-0.068616934,-0.029604089,-0.8461632,2392.7922
0.0008650943,-0.803258,-1.4948702,-0.1542319,0.5397081,-2.9915583
0.61862886,0.19877896,1.6937122,0.75470924,0.13573648,-1.7506552
2.1363244,1.8019631,-1.2687645,-0.6519686,-0.02376436,-0.8947431
0.5430245,-1.4159667,1.4167905,0.9150343,-0.016146459,6.177792
1.4062606,0.2460163,-0.9191277,-0.3647094,0.33618894,-0.38092962
1.0150255,-0.5325798,0.036601998,-0.4343949,-1.208987,-7.1398377
0.64284396,-0.81920785,-0.98289853,-0.109209545,-1.2319567,585.34784
-0.8704509,1.4177223,-0.679424,-1.4787118,0.20670696,-3.5528815
-0.58800375,-0.18289258,0.51477116,0.2598851,-0.40648228,0.9590218
0.111943595,0.0011178788,0.3392741,-0.6486963,0.41697994,904.0149
1.2708054,-1.1436601,0.25748536,-1.2535181,0.6734352,-1.5236905
1.4027022,-0.3980652,0.4819489,-1.0868478,-1.2154523,2964.951
-4.093737,-0.094880916,-1.3066245,-1.0323075,-0.46916908,-11.535263
0.8400654,-2.2652276,-0.74432325,-1.6696382,1.4502339,831.4244
0.42013213,-1.243656,1.1775109,-0.24405806,1.1844672,1672.3197
1.1121379,0.10340097,-0.15268515,1.4909483,-0.34563902,5.605034
1.143186,-0.0592591,1.0108461,-1.8066741,0.23582128,2575.0007
1.8482416,0.11925198,2.180838,0.52069825,-0.07685286,1974.3854
-0.1004985,0.3943761,-0.37598065,1.0901879,-0.29468393,3.4888668
-0.22920309,-1.083057,-1.2365916,-1.1842138,-0.12681037,-10.267024
-1.0099784,-0.2942248,-0.40352702,0.18409994,0.627546,2.5441818
0.7677546,-0.83963794,-0.35360432,-0.7989194,0.5383886,-1.9114527
0.46834978,-0.6457523,-1.2702107,-0.0022665765,1.2034699,1640.3376
0.96556705,0.52316606,-0.35117108,0.68715924,0.025566902,4.3201823
-1.8057281,-0.97784877,-0.08813178,-1.7915553,-0.643372,-12.529917
-0.124824345,0.6279691,-0.6209081,1.7909055,1.2445185,948.1537
-0.58257127,-1.3120782,0.7389517,-0.37581828,1.6352104,6.9570293
-0.30188096,0.24421847,-0.8828219,0.048939444,1.6812931,750.63464
-0.487969,-1.0006088,0.14329419,-0.93881917,-0.6031061,1221.1455
0.30171716,0.44445932,0.7425927,-0.8059603,-0.20253472,0.03827199
0.1891321,1.6197715,-0.38434106,-1.8798003,0.28711623,1860.1738
-0.35824677,2.842437,-0.6401045,-0.58739376,1.1301221,7.9427814
-0.6077299,-0.13560615,-0.6312592,-0.010459014,0.7401145,2.2214348
-0.009926305,-0.69687647,-1.7059478,-0.30593857,2.1507351,411.82645
-0.48094583,0.6162021,-0.2938545,0.2704916,0.7925486,1469.04
0.37326816,-1.3779106,0.54823965,2.2031136,-0.76594657,550.5902
0.49937445,-1.5602273,1.1314622,-0.05040974,0.54819924,4.1141644
-0.47584802,-0.8764359,0.25668907,1.7113947,-0.8766102,2094.4177
0.7999827,-0.0900644,-0.751721,0.0577009,-0.93379736,-5.497504
-1.1530671,1.1059002,0.164466,0.72073555,0.16804399,690.2866
-0.4434966,-0.41979027,0.13454612,0.98164755,-1.7592684,-4.483654
1.3223393,-2.0006342,-0.6380098,-1.1713753,-0.8415489,-13.1583395
-0.07792104,-0.19788922,0.55581254,-1.5829747,0.09332319,-3.6772153
-0.4499915,-1.5246682,-2.0557585,-0.29984298,-0.64486,-12.889696
-0.688712,-1.1475683,0.6857598,-0.029344207,-1.7188241,1217.7937
1.5376902,1.7515672,-0.75827736,-0.375352,-1.1910884,-4.466147
-1.8328418,0.88193816,-1.3492078,0.5555458,0.85577595,4.196059
-0.3680533,-0.6533706,-0.8922331,-0.22360869,0.43823972,-663.60406
-1.6100975,0.6502398,-0.28821915,2.0990813,-0.20266986,8.057979
1.8341625,0.41650653,0.97165805,-0.18352647,0.61570925,1030.0106
-0.5921935,0.76410025,-0.44103196,-1.8686433,0.5796509,2207.6362
0.86294615,-0.031665426,-0.28106996,0.33517766,-0.2647752,0.55743706
0.05992678,-0.9237042,-0.12531722,-0.560422,1.1513935,2.4098086
1.410296,0.77916056,3.0918283,-2.2609591,-0.87946874,-499.96976
0.2235607,0.9764884,-0.12306141,0.20559932,0.44188803,5.7657766
-1.3681822,0.038007796,-0.22916333,-0.23075874,-0.49348873,64.197525
-0.098082006,-0.25831568,-0.06649528,-0.057173155,0.1427404,0.6956807
-0.75116605,1.1244384,-1.4330155,-0.26420927,0.31110653,2521.0068
-1.6201938,-0.2709429,1.0828116,-1.2749946,-0.026872229,2909.799
-0.40385503,-0.31882286,-0.5658336,-0.6098064,0.06328608,2372.6064
-0.6842765,1.5562233,-0.39743865,0.85717773,1.4428121,1430.4001
0.83296657,-0.4553103,-0.73393476,-1.4172574,0.10719684,-345.35904
-1.7541227,-0.9723082,-0.84034026,0.67582875,-0.63798946,191.68307
0.15615313,-0.6716351,0.12294726,0.84081423,0.2984079,1720.8972
-0.58675015,-0.084387295,-0.25770453,-0.53348005,-0.87381935,-6.754973
-0.16209869,0.45977363,0.9276734,1.0468812,-0.1674441,8.0058775
0.47912508,-1.1355871,-0.7914353,0.7096347,0.0541393,2020.3458
-1.2849479,0.56297785,1.288426,-1.3611238,-1.503226,-7.64801
-1.9243596,-1.7304614,0.13821182,-1.9160033,0.15078366,1061.8115
0.40272704,-0.549764,1.772484,1.0143435,0.50282305,11.981485
0.86182135,-1.5490698,-0.66711664,-1.0322177,0.18069184,-7.027997
-0.85355365,-0.9046342,1.8064412,0.88120925,-0.92071444,1397.9915
-0.121408135,0.6768973,0.97148937,0.5479927,0.1660352,2203.0159
0.15735593,-0.6740353,0.21297939,1.3756152,1.3714988,1713.5609
1.3973337,0.4198495,0.4962326,-0.10001005,-1.1508762,-2.088889
-1.1671797,1.1570027,0.577037,0.14577475,0.42213053,3321.4573
-0.6118352,0.83580923,0.13125138,0.043718886,0.41810688,1974.7891
2.6321905,-0.48692468,-0.32558435,1.4408988,0.19685763,7.147183
2.476064,-0.49343982,-0.26307237,-0.0992741,-0.2586993,-1.2385279
-0.6558718,-0.33255482,0.98095834,0.002632455,-1.9767487,2410.815
1.1097732,-0.53488666,0.705692,-0.14363718,-0.6008298,-0.92777723
-0.60468686,-0.30065215,-0.37524024,0.37719598,-0.14092079,883.7421
2.3645983,0.32071882,0.39793843,-0.68009675,-1.2016319,-4.7031
-0.036711615,-0.9728644,0.7923933,-1.1591684,-0.016679386,-3.2750475
0.8096457,-1.6844522,0.0494763,0.06574816,0.2796188,-0.16111423
0.30130896,1.0101002,-0.11901547,-0.10483842,0.916627,7.007656
0.48526925,-1.2210872,2.0447538,-0.6698229,0.1283703,1794.6003
0.37267932,-0.046426814,-0.73265225,-0.39578992,0.012593768,-2.5712132
-0.7067832,-0.8625879,-1.1772748,0.3239929,-0.9947206,-8.3076515
-1.7147466,0.31719044,-1.1278434,0.61022246,-1.3292769,-6.811646
-0.25461274,0.15624928,0.5450289,-0.32972103,0.5663202,-349.54083
-0.68626225,-0.017258361,0.38973325,-0.40794796,0.3372876,2692.1033
1.1780977,-0.37623948,-0.1187853,-0.4210903,-1.7087133,65.7778
-1.0548409,0.2161242,1.8792238,0.23045424,-0.98064,2.5149412
-2.8588254,-0.79034233,0.070828855,-1.3918908,-1.2057083,-13.385131
0.8168566,-0.28684515,1.3792726,1.6821911,1.0151297,16.668816
0.18664005,-1.0611837,1.9911942,-0.14133103,0.07396907,-478.0655
0.029458761,-0.17003037,-1.4565077,0.4668764,-0.6531182,-5.1095934
0.49664772,2.4104733,-0.89675784,-0.42555392,0.041222844,1658.3738
0.99039114,-0.9408661,1.263756,0.46497625,-1.4117122,1122.4496
2.8267224,-0.39219376,1.156445,-1.4087801,0.9515589,4.193938
0.011505764,0.8506073,0.9344921,0.38847843,2.7377899,-1401.2899
-0.55579156,0.2086071,-2.2364507,-1.1469285,0.9673422,-5.1897674
0.09590471,0.8230684,2.071837,0.3907904,0.76319087,14.208747
-1.3872309,-0.5482261,-0.3499068,1.8066053,-1.0128212,2569.6685
0.081105836,1.2581525,-1.0039462,-1.2855682,-0.94087666,-9.219904
0.26662242,-0.17257151,0.27957213,-0.3466495,-0.58455235,-2.625675
-0.1875474,0.66351914,0.8158154,0.78786933,0.71993184,1158.6854
-1.2258317,0.52767116,0.051728323,0.8055576,-0.12091754,4.213661
0.81218874,1.059336,0.5472301,1.2698268,2.3985379,22.219809
0.7387748,-0.8178351,0.14121296,-0.5739805,0.005906029,-910.92706
0.7991315,0.23506798,0.01864913,0.046911485,-1.116188,-3.4044776
-0.82569003,-0.6160851,0.33711338,0.13188158,-1.2949874,-5.597597
0.8292018,-1.1241298,0.8136478,0.62440425,0.58398706,1992.7316
0.36124024,-0.7393823,-1.8106089,0.8819773,-1.0194399,-7.286779
-0.97315264,0.25234804,1.6011013,0.6578127,-0.30007473,-60.187553
-0.58693945,-0.25779033,-0.695643,-2.5699456,0.66119045,630.72
0.7342792,-0.632974,-0.037953306,-1.152747,2.1341388,1332.9495
1.4853442,0.43173254,0.4281673,0.74456614,-1.4476725,1866.5409
0.3132858,0.19533159,0.6426171,-0.31050733,-0.37971526,0.3563331
-1.7329434,0.40096635,-0.8231174,0.31827426,-1.3688989,1332.5828
-0.26302806,-0.45802027,-2.1221352,-0.8514819,-0.13539287,187.52408
1.0996044,0.018620325,0.9570785,-0.7270985,0.057663172,1.9311019
0.078162715,-0.23985861,0.22655585,0.48581767,-0.24112284,1.9327419
-0.55810165,-0.32718292,0.03989405,0.7881456,0.40705866,1236.0349
-0.98763764,0.9105444,2.749837,-0.35403574,-0.106102265,8.613654
0.18555817,-0.29373437,-1.1151444,0.26004145,-1.1799297,-7.688501
0.3754761,-0.22475126,-0.39904952,-0.8291812,-0.03851118,-3.9884477
-0.89516497,0.6314287,0.3582219,-0.4271336,0.03432917,1.3504584
0.12781113,1.2991028,-0.37857303,1.360908,0.9055141,-480.94113
-0.86793244,-0.5257067,0.6931819,-1.2414966,-0.77282155,744.5231
-1.6420596,0.03568245,0.2821745,0.2940245,1.9805921,361.0486
1.1535728,2.1707344,0.060163517,-0.090197966,1.2929846,12.182023
-0.43925792,1.026606,-1.4661459,-0.99530345,-0.4132247,-1301.3802
1.7974863,1.6683438,2.6557481,0.07894899,-0.1659138,541.0226
0.09830665,-1.8402563,-1.0357355,0.3486531,0.18794215,-3.3216069
0.57229924,-0.13164045,-0.06891078,0.81192786,0.6417294,1434.4218
-0.6930736,-0.3094909,0.8904531,-0.6673791,0.60688096,197.58148
-2.6054587,0.21088919,0.10286648,-0.8722671,-1.1013246,-8.63607
0.6373261,-0.47185153,-0.13827498,-1.2710861,-0.19103537,346.07584
-0.30083364,0.6786443,-0.36338186,-0.7322873,-0.075326204,-2.1675029
-1.469132,-0.07879966,-0.03453535,1.6451284,-0.92985106,-31.59006
-1.8876493,1.0007077,1.0708387,-0.5598745,-1.1505874,-2.7553384
0.6658775,-1.1570377,-0.72313637,-1.009999,0.67108715,-3.8605087
-0.90753233,1.3674924,1.6876562,-0.7670672,-0.25119165,3.972405
0.3497408,-0.98034453,0.75822145,0.7488321,-0.3678737,793.88995
-0.55289274,0.07329465,0.2263665,1.1653714,0.55608314,2256.3857
0.68184316,-0.6194059,0.52047265,-0.14590275,-0.17120859,1358.7507
-0.57007647,0.4614947,-0.09099678,1.6597587,0.17718755,1172.822
0.45007405,0.79303396,1.7114103,-0.29977223,0.18952066,7.711978
-0.013022745,-1.340648,1.4317799,0.37195307,1.13911,1317.8903
-0.89397925,-1.4651139,-0.37685776,1.3740193,-1.7826048,-6.8673277
-0.74309754,-0.41660362,-0.37271607,0.032955874,-1.0074939,-6.171376
1.1337293,-0.78666985,-0.3383513,-1.0905997,-1.3086435,-11.967194
0.17965542,-0.8079957,-0.4938924,-1.0205479,-0.596362,-9.124161
-1.5500681,0.66475344,-0.7852451,1.3596674,-0.3907245,2385.6404
-0.19818825,-1.1351109,0.09679881,0.7702807,1.3937064,1991.9398
-1.1161851,1.710007,0.58323187,0.54035187,-1.1409308,2.1622117
1.0374774,1.5046535,1.0363528,0.84305394,0.45219687,13.317943
-0.16841249,0.3363273,0.15935348,-1.1343296,0.5102714,0.09100953
1.3018842,1.0273998,1.1938757,0.3043635,1.0272557,1909.7524
0.71941155,-0.31089985,-1.1238122,-0.31277108,2.7291563,578.2566
-0.55567706,0.3142637,0.95316076,0.86527693,0.54718626,10.433839
0.8835406,1.3976799,-1.8568892,0.78587365,0.8427579,1744.5822
-1.8977766,0.25901106,-3.383274,-0.32177022,1.5124851,2569.159
0.9144189,-0.7860084,0.28319505,0.6022129,0.17504999,-162.27109
0.336061,-0.13519257,0.021153875,0.02909041,-0.64656514,1946.6978
-1.1179491,0.64861715,0.45731315,0.097890235,1.207546,9.525601
-1.6417297,0.2501457,-1.3589729,0.6417611,-0.19027737,-1.8198332
1.1408683,-0.47557312,-0.17595683,1.2778003,1.0525185,-0.3909073
-0.17876945,-0.9975312,-1.8218367,-0.723313,1.0002124,1566.8713
-2.2925367,-0.010122004,-0.31957555,-0.049851205,-0.972291,1637.0555
-0.89654106,-0.9302597,-0.97483194,-0.44820866,0.7639431,1379.4614
-0.57013637,1.6413242,-0.49379265,0.40940392,0.05388249,-127.593506
-0.5261483,-1.8017608,-1.3115813,-1.2258611,0.9232007,2775.1084
-1.3503895,-1.3753067,-1.7587456,0.047950212,-1.034798,1945.9688
0.07106337,0.21063924,-0.55445546,1.303509,-0.88937026,0.56754506
1.3367893,0.43100965,-0.56304896,-1.0851096,0.35502166,2558.0947
-0.0038364816,-0.5919287,-0.07699435,1.2396976,-0.8888405,982.1061
0.76987875,2.240972,-2.081689,0.79846597,1.2079444,1008.60754
-0.48822182,-0.74638194,-0.22028224,0.085880645,-0.3591618,1586.8442
0.5564788,0.19069304,0.6907763,0.83307874,0.42811596,224.69655
1.2571273,-0.6233539,-0.17174199,0.90855247,1.1027788,9.005975
-1.3498714,-0.2898768,0.29004052,1.6972855,0.2545987,-327.37885
-0.5255872,-1.3133148,0.7562774,0.02238171,-0.7138557,-3.1290295
0.6181551,-2.1379402,-0.5856457,0.07697224,1.0463924,671.6841
-1.3870639,0.1577904,-0.26811323,0.019928727,-0.8371347,1853.0896
-0.6881278,-0.31023398,1.4319276,0.3493282,-0.07784958,5.350662
1.100449,-0.93500507,-0.6097231,0.5010084,-0.46581805,-2.4243615
-0.14173508,-0.30186102,1.1122568,-0.5080049,0.45672095,3.9368804
-2.6914704,-0.9934168,-0.57150084,1.5617608,-1.0988917,-3.1832452
0.33639276,0.5901095,-0.8324867,-1.3715175,1.0460107,-0.4123348
0.5700544,2.195838,0.006885832,-0.76750153,1.4564807,9.88312
0.08632514,0.48734888,-0.3064769,0.7302908,-0.6931713,1346.3704
0.41201162,0.2585491,0.43903187,0.21485907,-0.53516877,1.2007186
0.50047076,-0.29034868,-1.2376769,-0.16960393,-0.16519356,-4.587981
0.71028155,0.3699403,-0.18951721,1.2873572,0.9561393,-164.60455
-0.1214542,0.49619117,-0.26594886,-0.4942551,0.35632828,1897.1671
-0.04053739,-0.55477196,0.3398133,-2.2392275,-1.7190934,1913.2979
-0.25783363,-0.69940484,-0.8062986,1.6408522,-0.13896883,373.73474
0.70894235,-1.4136523,-0.7611983,-1.7281109,-1.1444114,161.38495
-0.21216679,0.19861285,1.0563643,-0.15044333,0.7420202,7.502586
-0.26119223,0.012389692,-0.6439244,-0.6954114,-1.3521111,891.7177
-0.56429446,0.07460624,-0.15023854,2.2380333,-0.15016194,1728.3463
1.6697291,-0.9085439,0.24446653,-0.019592209,-0.55974555,2246.0488
-0.23722483,-0.55589384,-0.29810947,0.4812611,0.19993536,1.8106252
0.24062732,1.3652974,-0.6060709,1.2446883,-1.0294219,1.9068154
-0.74056834,0.91918105,-0.56520677,-0.7208424,0.039185002,-1.8065951
-0.33990312,-0.4331215,1.0264058,-0.4520078,1.6263424,1051.7834
0.046027567,-0.5727799,-0.42453367,0.22672832,-0.95883834,3090.9907
0.5659573,-0.51755446,2.2324557,0.92061,-0.63121974,7.5816236
1.4256443,0.30423692,0.90232307,-0.48517022,0.7815948,101.18709
-3.0356858,-1.7288474,0.60198206,1.9476454,1.0077016,3123.0623
0.15408996,1.2499328,0.14085963,1.3757657,0.04018672,1224.9801
-0.4118609,-0.8217948,-1.6850221,0.023339331,0.7940121,-1.8449837
0.60232764,0.050912376,0.98190373,1.087165,1.7586569,17.471346
-1.3824539,1.0564841,-0.90379864,-0.41962197,-1.7567906,-10.799618
-0.26706102,0.25167513,-1.5322069,0.0141512565,-0.32964537,287.28558
-0.50861925,-0.5946792,-1.1656461,-0.6800149,-0.60777855,-9.705352
0.8648262,0.16493312,-0.39393106,-0.5786403,-0.13516255,-2.4440749
0.16365425,-1.9376353,1.1595634,-0.8074094,-1.6581163,1963.2667
-0.45094606,-0.6996038,-0.2715017,0.4377309,-2.2062328,-10.700989
-1.1842277,-0.2808717,-1.5912602,2.46671,-0.11730933,4.313705
0.5988111,-0.25785485,-1.0667095,-0.7594701,0.54604226,-2.6384945
0.07782405,-0.5399387,-0.6000078,0.13344084,1.0472188,3.9362714
0.83981633,-1.2880851,-1.3287574,-0.38545132,-0.51710635,104.841385
-0.54391015,0.12081046,0.38768172,0.5728881,0.24351133,5.5714
-0.82983416,0.5196813,1.9608669,-1.3728774,1.251611,-149.11018
1.4624299,-0.042270225,-1.2064314,0.811307,-1.807999,-7.77899
-0.6344921,-0.14173293,-0.8361619,-0.53019327,-0.23935473,1208.7532
0.005428204,0.34127876,-0.047702283,0.6271627,-0.98459405,1503.1117
0.29620168,1.010182,-1.4287319,0.6135246,0.09921118,2229.579
0.5874702,0.6927173,0.032069284,0.69710803,-1.0736833,1820.5586
-0.98684216,1.0447236,-0.15998669,1.0374724,1.2083691,12.334381
-0.0510417,2.6697314,-0.5010684,0.6291605,-0.12529622,1464.6317
0.7939578,-0.8192949,-2.135057,0.6553889,2.254041,995.4006
-1.3748744,0.2491607,0.8947551,-0.9062184,1.334486,497.8224
0.5745239,1.0954108,1.4464486,-0.38584718,-1.1766262,0.35995474
-0.63318616,-1.2167408,2.5743728,0.3999892,0.22239706,807.5803
-0.50594985,-0.28587082,-0.9648895,1.5388018,-1.6737283,-4.9539986
-0.42490953,-1.3430976,-0.42279986,2.6376305,-0.5175309,4.7568526
-0.06631228,-0.34730008,-0.012639295,0.7314107,-1.5692873,397.80756
-1.6128383,0.27410027,-0.6852958,-0.032079086,-0.2464239,-2.7267349
-0.77654487,0.5921319,-1.230155,0.2618806,-0.112280436,84.33991
0.19295858,-2.020615,-0.58398014,0.45201567,0.9809457,2.0237963
-0.91136813,-1.0587577,1.0572783,-0.7808603,-1.3969496,2415.254
-0.9286483,-1.8216324,-0.37244782,-0.68108964,0.7358071,-3.296755
0.19208895,1.060909,-0.7123957,-0.15078017,-0.2744761,-0.8787187
-0.11357912,0.73576206,1.6530943,0.89644915,0.06431965,11.248414
-0.8777085,-0.7212434,-0.36606562,1.0323604,-0.95752007,174.41849
1.1792893,0.3526176,0.68550694,0.9390618,-2.6665168,217.19489
0.1970689,-0.22658266,1.4404136,-1.3274065,-0.8398859,1227.4807
0.48955232,-2.6022933,-0.35500693,0.33339506,0.97719026,-232.62811
0.36373082,-1.3525145,-0.9803036,-0.35488743,-0.48171133,1022.5914
1.6301551,-1.0071715,0.15202808,0.0358386,1.295956,6.9214854
-0.34169096,-0.6293488,0.50201404,2.2502582,-1.0832194,4.58624
-0.91033983,-0.2634024,-0.4412396,0.4155251,1.2321575,6.5613728
-0.756785,-0.49599746,0.7910007,0.12301425,-0.4475087,1727.4473
0.654383,0.015137623,-1.9854476,-0.5604529,-0.058833502,-7.155304
0.41570333,0.8900712,-0.60945517,-0.13742782,0.49379697,483.015
-0.08025443,-0.893121,0.2949005,-0.46418476,-0.12138983,2310.918
-0.74568284,0.111938156,0.22375448,0.7932367,0.21861216,5.8136306
-0.19718966,-0.23658405,0.4435754,1.089873,0.08388498,6.586935
1.2986118,-0.4804477,0.6820931,0.23771648,-1.2343076,1383.5195
2.410321,0.49147207,-0.55342245,-0.22029178,0.50784653,3.2073467
0.78319514,1.199829,2.3360333,0.7277521,-0.64736557,832.0574
2.091969,0.35488924,0.35115364,0.5672466,-0.42934963,1923.2758
0.31477273,-2.0605295,0.39092904,0.8797152,-0.5891117,1297.4271
-0.4008186,-0.6830891,-0.014137012,-0.4170922,-0.06743339,1973.3503
-1.1351618,-0.22940455,-0.8589852,1.3637314,-1.6594001,-5.413795
-0.9519917,-0.7948914,0.18100423,-0.892272,-0.8092978,-8.111506
-0.92366874,-0.7481764,-0.20186833,1.424817,0.39721245,-475.74753
-0.120881006,-0.41774362,-1.7877986,-0.30259714,-0.70329136,590.9739
-1.2984825,-1.1761928,-0.77149355,-1.5658394,1.940435,-0.9058939
-2.3097837,1.2727685,0.5484267,-1.4785274,-3.4729462,2579.252
0.2685892,-0.64456177,1.6999928,-1.5485224,0.06791036,56.93778
0.12802652,-0.31619188,-0.40090257,-0.22789909,0.45114902,847.01685
-0.78858155,0.7327223,1.105615,-0.9647664,-0.46321085,-0.791848
0.039348036,-0.5545283,0.3015164,-1.0368061,-1.0672884,2381.5825
-0.7116198,0.46122533,1.8964156,1.7681191,-0.40769574,12.321486
-0.8643765,0.994891,1.53792,-0.526326,0.5575626,7.943208
-0.96349156,-1.5393782,-0.72811157,-1.8537809,-0.28626215,-13.641085
-0.35766184,2.4431262,0.33722487,0.22884381,0.7612672,11.450565
-1.025249,0.21665767,0.24520952,-0.6526357,-0.94332397,31.054844
-1.6488891,1.7330056,-0.7890674,-0.32803765,-0.65884954,-3.388639
0.012662525,-0.077365786,0.6443053,-1.2629853,0.92202806,2.4053695
1.6406955,0.07657276,0.020870008,0.07460449,1.6996677,10.793545
-0.7353311,-0.15565605,-0.44395995,-0.52138674,0.5883221,-0.13923953
-0.29841772,-2.1875632,0.61610425,0.3962978,1.5946289,7.818843
0.58895516,0.846952,1.2941744,-0.17692532,1.0029765,1273.0845
1.8353921,-1.49909,-0.70008844,0.090625316,-0.011145895,-2.96318
-1.3357251,0.57485455,0.72188896,2.0727272,0.59260696,1060.1676
0.8589947,-1.4792442,-0.62198865,0.0406839,-0.18059278,110.78328
0.8919351,1.7814013,-0.0020627445,0.14257601,-0.46244588,2024.5331
0.2815646,1.3650081,-0.5124179,0.4439376,-0.7432811,0.43034595
-0.009351879,-0.2909626,0.867797,-0.08543618,-1.59752,2346.9443
0.83873904,0.51303256,0.16624235,-0.57644725,0.83560544,4.8118463
0.0516646,-0.6096845,-0.3045391,0.5917427,-0.07362796,0.8406657
-1.1060257,1.0274402,-0.2323985,1.5145218,-0.551642,5.090844
0.5809993,1.9268771,1.8605953,-0.7161257,-2.1407638,-2.7712631
-0.013288414,0.734208,-1.0424517,0.95284015,0.4368695,5.352343
1.4295527,-0.48474362,0.83727,-2.2337406,-1.4579793,1447.415
-1.2507023,0.76840305,0.63289326,-0.21264862,-1.9707906,2327.6387
-0.3946335,1.0216337,1.506304,-0.8015011,-1.3001399,553.39307
0.9776762,-0.8660566,0.44764814,-1.7452525,-0.42712617,1358.5518
-0.116365544,1.0971367,0.038930226,0.5695376,0.5774557,8.473676
-0.993472,-0.27239704,-0.91676307,-0.480003,-1.4576056,-837.89496
-0.70733464,0.49223685,-0.1948675,-0.976178,0.99822134,953.9354
1.3409153,0.28583646,0.33251226,-1.0095285,0.092251875,-0.31718123
2.0339956,1.2597064,-0.9588434,-1.10222,1.0052556,2.2537518
0.14263847,0.43378145,0.5374179,1.0015335,0.6435378,2105.1184
-0.8202664,-1.2023,1.0127785,0.13570091,0.72282934,5.4215817
0.9903785,1.0036442,-0.17276576,0.5646647,0.24502616,6.4592586
1.580801,-0.66497797,0.2503624,-0.115491316,-0.41689873,-1.2946321
-0.75258464,-0.9535717,-0.13287959,0.5427865,1.2880162,6.8882003
-1.1135907,-0.56947726,2.084738,-0.28054294,0.37620226,2422.7935
-1.0443066,0.1319782,0.04103354,-1.475077,-0.3111648,-6.55733
-0.38839,2.7549715,1.6016117,-0.9979547,0.3651855,8.944581
-0.6337007,1.6296601,0.16221648,0.029632147,0.0014947391,4.570723
-0.20565212,0.87064457,-0.83441615,-0.22777799,0.21166596,0.36394745
-0.4233014,0.39164937,-1.6352792,0.7323178,-1.20099,1455.6843
0.8811152,0.4058264,0.6235526,1.7680391,-0.81630725,7.1283555
0.8591993,0.9426149,0.8612912,-0.094758175,1.6980758,14.038872
0.84915584,-0.37182182,-0.60089177,-0.6021175,0.8949511,0.94179535
0.10185853,-2.3930304,-0.7002237,-0.6519629,0.9382465,-3.7120297
-0.34233844,-0.35612583,-1.1260562,0.35603917,-0.41626823,1760.9404
-1.1311893,-0.49831524,-0.16601542,-1.5096025,1.2114677,-1.0200412
1.1955798,0.053009212,-1.6057638,-1.3536198,-1.219233,713.87744
-1.2240599,0.5095368,0.17018458,0.42556274,0.2728755,1461.2126
0.6300513,0.75749975,-0.37597746,-1.3995445,1.5505105,3.833182
0.5876429,0.818925,-0.37742853,0.41421008,-0.116218984,2.8914347
-0.04862843,-1.0334109,1.2484628,1.350368,0.76862764,-770.0026
0.8602411,-0.28046164,-0.7956079,-0.69740504,0.31848693,-2.6694186
-0.7274525,0.4381222,1.9571939,-1.3852806,-0.31044036,0.25800788
-1.6556565,-1.6355464,-0.18499598,0.9055015,2.1163998,10.535575
-0.7032,1.0802172,0.3950558,-0.54043037,3.7399764,20.495977
-0.46982497,1.5379338,-1.5327615,0.12970062,0.12229829,0.3096066
-0.03484007,0.4164349,-0.12932235,-1.0010817,3.1042533,1693.6416
0.13137235,-1.1089622,2.3395078,-0.7038242,-0.6536745,-509.86206
-0.8788566,0.49109787,-0.5847324,0.48456308,1.1534522,7.517433
-1.8401929,-0.08809427,0.5648619,0.19952574,0.15975781,3.1838171
-1.0262389,0.10225152,0.7976524,0.66673744,-1.2408651,981.31305
-0.5071867,-0.46661147,-1.1683968,-2.0119693,1.2046764,-44.762985
-1.398095,-0.9850576,0.32376868,0.5166601,0.30619657,780.93756
0.4770384,-0.00025963364,0.38728687,0.8684851,-0.1409216,5.129812
0.3483248,1.0707829,-1.8111314,0.735211,-1.250366,267.4334
0.3020711,0.5442925,0.06330875,-1.240988,-0.8410964,-6.6319222
1.2382467,0.8793355,0.70648175,0.7829219,-0.83825034,4.4520783
0.066578455,1.4220198,0.03576972,-0.2648657,0.49955475,5.423548
-0.17697425,0.021978708,-0.11999909,-0.09073062,1.5043808,7.7505183
0.0070708552,-0.06810322,-0.124349356,-0.61675966,0.11685635,-345.33377
0.24595532,-1.3401862,-0.9606357,-1.3818872,-0.24083005,-11.206714
0.6147049,1.4461509,0.756348,-0.6504361,1.9008409,13.36271
0.015080536,0.91861564,0.879953,-0.88284916,-0.41518942,-708.527
1.6037797,-0.69957155,0.0946976,0.52086973,0.01600179,429.47476
-0.0519993,0.48101926,-1.6815448,1.9599348,0.63270223,-286.41345
0.5833662,-0.16693436,1.1978403,-0.8552823,-1.3498889,-5.628641
0.497648,1.9303478,0.84823257,-0.36006242,-0.67586946,692.6693
-0.8731367,-0.4535897,0.4358373,-0.5689699,0.1322901,-11.779572
0.8283479,0.8252221,2.6148906,-0.13785064,0.47863892,12.806084
2.3157203,-0.010075578,-0.98292136,-0.02754303,0.16839968,-0.08465288
1.1395961,-0.904632,0.7157195,-0.40097907,0.8227555,4.397931
0.5299389,-0.35972816,-0.89066404,0.2428473,-0.8233277,895.0015
0.42728186,-0.6717838,1.0371152,0.99517983,0.39787596,8.952256
0.020440174,1.2037277,0.24010292,1.1652994,-1.8477437,-0.36452478
0.6671743,-0.5243289,-0.3909524,-2.0049808,-0.5601702,-11.689289
-1.5174997,-1.3970077,2.103499,-1.044945,0.796659,169.60553
0.4676319,0.06639288,-0.029326852,0.6166609,-0.127714,3.1840754
0.75519085,-0.010399445,0.48329666,0.9971067,-0.44129008,4.6357317
0.95022863,-1.1169566,1.0868356,0.43693134,-0.14571963,174.67807
-0.20117226,1.963969,0.7798316,-1.7395631,0.34962863,-428.4317
0.46974832,0.66271305,0.87789655,0.2026324,-1.1338339,1849.0282
0.021396449,-0.73144764,-0.93859965,-1.555168,-0.79016876,-13.473927
-2.604418,-1.7923893,0.9521885,-0.53402525,0.7820356,0.85396945
2.9091017,-2.449363,-0.23769455,-1.6405063,1.9569049,0.03579499
-0.78349745,1.0948346,-1.2268115,-0.123822525,0.49071464,-1370.0441
1.0859917,1.6684127,0.39459473,-0.62631965,0.8530818,7.751147
0.657744,-0.5875511,0.08568581,0.79801124,0.83852065,288.6812
-0.50255007,-1.0329533,0.515644,-1.9883965,2.2578847,170.17651
-1.4861878,0.22104341,1.1380197,-0.72311133,-0.95539933,-3.5369003
2.0180929,-1.3593637,1.5328143,-0.77482647,-1.8352062,-8.332181
0.62491167,-0.6688396,-1.3307599,0.052233934,-0.5227967,1174.1383
0.12492648,-1.1456254,0.30258852,-0.03125152,-2.3025527,-11.973013
-0.17819186,0.353251,-0.1316774,-1.6393447,-2.4468749,1927.6206
-0.28164038,0.48286596,-0.31800693,0.67554307,-0.15182753,2.7522802
0.5309873,-0.29477522,0.1730794,-1.3584597,0.47182357,-1.8256732
0.86762244,0.3161905,1.4759613,0.8251171,-0.4293328,7.681248
1.3169763,-2.0126922,1.1667994,-2.3918474,0.25621575,-7.137986
-1.5319437,-0.46841496,0.26862207,-1.1515236,-1.8388082,845.425
-0.72902775,1.4775028,0.8992725,-0.56049633,0.8337532,862.63855
0.18793413,-1.2202139,-1.3614812,0.15674692,0.34192795,1872.4463
-1.3041652,-1.6200922,-0.07513228,0.317479,0.18344294,-0.89465237
-0.18882416,0.9183464,-0.4617277,-0.31622374,0.20104638,1.1131648
-1.073162,0.6052137,-2.1816208,-0.7662655,-0.14727342,1774.4044
0.64119184,-1.0515435,1.0107478,-0.99043924,-2.4436188,2250.785
-1.1310685,-1.1806552,0.4489272,-1.383625,0.6679997,171.48955
-1.2902932,0.072420195,-2.4640338,-0.67713845,-3.1141293,-25.151009
-0.8720343,-0.68168306,0.36872226,-0.5936477,-0.2012095,-3.0034134
1.7786407,0.16332895,1.2135617,2.0065477,-1.4651299,1459.2319
1.0812905,0.34132084,0.4670881,-0.18507747,0.00027202902,-573.57184
-1.5666322,-1.8281015,-0.036589272,0.07659474,1.5845275,3689.7227
1.1400414,0.25874752,1.6012595,-1.1879966,0.43041795,974.72754
0.2902558,-1.0675528,-1.4117334,0.64890355,0.385939,2107.8264
-0.0025565599,-1.4290673,0.47173673,-0.27582678,-1.7425318,-10.296596
2.0378063,1.6507808,0.9090966,-0.096719965,-1.294417,1.2102954
-0.71383137,-0.3193507,0.75912446,1.1371812,0.3330718,1321.3253
0.40328968,0.41167888,-0.63336986,-0.7392267,0.9618183,1434.3925
-0.42772654,0.70557535,1.2916075,-1.1250238,-0.797163,1052.1721
-1.3661693,-0.70979035,0.3298456,0.602558,-0.20060052,1.1895514
0.70166224,-0.508363,-1.7305058,-1.4958091,-0.25035664,-12.123051
-2.174991,0.4022975,-0.64610356,-1.3242044,0.7179236,-2.9775898
0.94270813,-0.5271483,1.6630166,-0.40041518,0.13505644,665.9398
-0.8010717,-0.15313116,-0.12856686,-0.11702507,0.63558006,2.5378635
0.013928162,0.06799772,-0.87794626,-1.0527638,0.5151523,1890.7157
-0.29408014,-0.9949998,1.0053593,1.7633057,-1.3480269,2.2834058
1.0811393,0.12891877,0.2869593,0.05054165,-0.34188524,1907.3425
-2.9399276,0.29508728,-1.3324989,0.12555884,-1.2700965,1054.3578
-0.59349525,0.946814,0.1609881,2.2022684,1.1399254,2003.5438
1.0495257,-0.03759566,-1.2873063,0.32296583,-0.5094111,-3.6587815
0.066278435,-0.14981647,-0.14081495,0.05833876,0.77414334,4.3638954
-0.10020112,-0.8468408,0.43103403,0.42001525,0.49098894,4.6923876
-0.25537023,-0.17581946,-0.03652916,-1.2031652,2.6684005,1164.6567
-1.0342622,-0.26443925,1.1463739,-0.0006051969,-0.56435436,0.5922673
-1.0062082,1.0179487,-0.04778827,-1.7713686,0.23912778,-3.4875512
-1.7083595,1.21292,0.034517627,0.058449708,-0.6008517,-0.043130755
-0.90920854,0.67113686,0.7893359,-0.5522424,-0.43198237,-0.1249027
0.78236634,0.17548724,0.12993868,-0.6660483,0.2998239,2632.9717
-0.36400682,-1.0684643,-1.9620305,-0.9574118,-0.5750235,519.4812
-1.4581838,0.84295344,1.1232725,-1.0174692,0.6486136,4.4943676
0.7861767,1.4126309,-1.0006782,-1.0228235,0.72267365,0.6990184
0.22322002,2.4104338,-0.69503796,0.27890927,-0.56894875,1045.6501
0.09795845,0.9154584,-1.2522584,1.1913115,1.0258611,9.025905
-0.28566542,-1.2853569,-0.9654526,0.9913821,1.0327443,4.564134
-0.8650918,-2.099257,1.1753397,0.8327808,-1.074199,1567.1688
0.94641304,0.3156361,1.1309763,-1.0543269,-0.9046222,-3.2233236
-0.059106216,-0.34983975,0.74019134,-1.607198,-0.61232114,-6.9335136
1.6209397,1.5878547,0.33273283,0.6447292,-0.578899,5.673383
0.8105901,0.6350752,-0.1252052,1.645334,-1.3466856,2.1887195
0.5979152,-2.2811694,0.10958309,1.4338431,-0.24155815,1227.5072
1.8382556,-0.13203892,0.18596017,0.033953864,-1.1917322,620.2552
-0.92107105,0.55991995,-0.8689123,-1.1622084,0.019709472,-5.546064
2.0103621,2.2251842,0.076618165,-0.6374914,-0.7112193,56.29801
-2.3607662,-1.7841516,0.72174007,1.6388665,1.1230729,-1412.0455
0.174678,0.28918302,0.9952278,1.2143115,1.2734345,15.851714
1.030173,1.0283916,-0.08978257,1.802172,-0.9757645,3380.056
-0.8191002,0.72086334,0.26883468,1.0408579,1.0725132,702.95074
1.0555645,-0.03787132,-0.19785699,1.034042,-0.046811484,932.7773
0.8310792,-0.33421192,-1.342767,0.21187453,1.0469868,2.9059188
0.6944217,0.91156286,-2.0701482,0.5996891,0.94022375,-103.05126
1.6027107,0.011780718,0.6028792,0.22497828,1.8056571,655.65045
-1.7075835,0.1652808,0.011533884,1.3985488,0.5802232,147.42015
-0.28496426,0.88439935,-1.5172149,0.11881338,-0.9382833,2126.2996
-1.4135114,-1.5116131,0.35352248,0.7181531,0.83585775,5.263926
-1.7935232,0.64924854,-0.98597234,1.9058682,-0.60718596,659.44977
2.107604,-1.6168851,0.1875818,0.21731703,1.0448484,1490.8134
1.185618,0.73010045,0.07128271,-0.71077454,1.0736169,5.758272
-1.1358911,-1.1248147,-1.2021247,0.7306049,0.8415542,1370.3779
0.78367054,-1.8032225,-0.5896848,-0.03722266,0.24569388,230.80875
-2.5019042,1.071474,0.818619,0.7212642,-0.7472994,1062.7483
-1.05626,1.7857686,0.042996787,-1.2562518,-1.4453988,1901.1139
-1.3707625,-0.5578822,-1.1842695,-1.3085085,1.5660794,36.474464
0.59987915,-0.4829778,0.45169872,1.5706791,0.30436954,9.5485
-0.649253,-0.66875255,0.65409166,-0.60298705,-0.860467,476.056
-0.6515049,0.36396265,0.22109497,0.81398064,0.7031125,8.849233
-0.19172086,-0.29103416,0.99497545,-0.53400517,0.49922016,3.5897977
0.5033591,0.8231049,1.4242923,-1.510524,1.1749375,7.027469
0.13017416,0.2600736,1.2758123,0.4433641,-0.590546,195.69307
0.3903839,-0.4709986,1.7038407,-0.57774764,-0.41716853,-59.979618
-1.4137337,-1.5589155,-0.11452079,-2.0298758,-1.2347318,268.75882
-0.774118,0.6715603,1.0030872,-0.025958441,0.41056952,-471.87958
0.5474608,1.0938654,1.1173527,0.008595117,-0.14921117,1715.3776
-0.48698065,0.11466247,0.117229655,-1.2985632,0.9239926,0.7340999
1.0406467,-1.186527,1.0341624,-0.3760825,-0.0858028,2209.9976
0.4571325,1.2983583,-1.3020786,-0.33244354,-0.50163555,1852.0985
0.21196362,1.2246357,0.79609084,-0.011575732,1.3949046,12.823822
0.5766673,-0.072713755,-0.09082828,0.79389536,0.20638224,1368.9006
1.1806355,1.233095,-0.9433296,-0.6042146,1.2391096,5.0247993
-1.1978043,0.82776415,-0.17273797,1.4184555,0.41717094,1974.1296
-2.1982808,-0.029808545,0.20092276,1.0374445,-1.3530024,-1102.4069
-0.14822954,-0.0012254025,1.2924929,-1.0012052,0.7415001,4.5062957
0.17092566,-0.5604055,-1.7670324,1.8147516,0.95547694,-230.00606
1.8527081,0.11153745,0.37945753,-0.43833435,0.9950666,6.5700607
1.619354,0.38368896,-0.6182186,0.44856614,0.21138744,751.967
-1.5268741,-0.8568183,0.06830598,0.49491423,0.64602506,1306.6405
-2.2176425,-0.80904895,0.008799786,-1.1869311,1.279846,235.50397
0.046385035,-0.2919246,-0.20002417,-0.20806308,-1.810699,26.481173
-0.6000404,-1.3196278,1.0151337,-0.7984131,-0.61927414,-5.15157
1.1117989,-1.0814521,1.1327162,1.6149158,0.98942447,14.257962
-1.605036,-0.19786187,-1.7579716,0.13835466,-0.9869553,-918.3615
0.09872392,0.93640083,0.5997613,-0.31469998,0.9603498,898.49304
-1.6838957,-0.29632214,0.06012991,0.4502331,0.62932885,4.7029715
1.1723359,0.16179131,-0.34800494,-0.62770295,-1.6102376,-9.795808
-0.63949305,1.7907776,0.54525685,-0.5760409,-0.29177892,2.1663659
0.38462517,-0.7020223,-0.08528554,1.5888252,-0.94179165,1692.7305
-0.18155323,-1.2790803,1.173774,0.8935117,0.5875858,8.368108
-0.92575604,-0.39894888,-0.81407225,-0.78334904,0.8121874,-1.7350475
0.023890542,2.6891963,-1.5830246,-0.32023808,1.7814324,9.247043
0.93234503,1.1412202,-1.0792608,0.1335706,0.12537771,1.6304122
1.0075049,-0.23195143,-1.0395665,0.35501143,-0.78571147,1871.134
0.050048646,0.7214839,-1.3422297,-0.6015949,-0.8280731,1521.9365
-2.1025972,0.41264156,0.53596103,-0.20828712,-1.6351025,1492.7291
-0.49379793,-0.8023938,-0.9799907,0.37702736,-0.48178178,-382.99133
0.15518959,0.46028176,-0.7036352,-0.008759919,-0.8968837,-4.6339664
-2.0185745,0.27490586,0.049065378,-0.24223325,-2.0960662,-10.741229
0.9782646,-3.3303668,-1.316772,-1.1465313,-1.1115037,-19.16131
1.2882634,-0.683919,-0.6490034,1.9483798,-1.9651773,-3.658774
1.3024185,1.4575157,-0.26769757,1.4231913,-1.5735558,1.5630686
1.3587098,-0.7312874,-0.22024381,1.0003438,1.8055456,2204.581
-0.4495821,-0.6600872,2.090278,-1.3390509,-0.94268775,1361.2401
-1.0531521,-0.6986342,0.236332,-0.14737165,-1.780017,1001.5872
0.6767643,0.20304608,0.4473593,0.8222982,0.7345718,10.023003
0.08272864,0.30204082,0.19485404,0.77724785,-0.57552004,-162.44055
-2.618717,0.21464099,1.0472298,-0.13195558,0.7311089,6.4031386
-0.6394141,0.050766367,0.10768161,-0.5035547,0.5103624,884.9357
1.745318,-0.49436808,1.0381106,0.5413184,-0.69830513,2.6710908
0.6700405,0.48212832,0.8419003,0.27969152,0.23805058,7.1280375
-0.16486521,-0.10468306,-0.02940765,-0.24304865,-0.89662266,-4.7815847
0.12927775,-0.12698454,1.1218362,-0.6565238,-1.4927298,1311.278
0.9038912,-1.3483505,-0.9085635,0.614168,-1.2334872,1155.1764
-0.16045678,-1.1345675,-2.2307086,-1.1876903,0.9815308,956.57605
0.23356847,1.5866414,-0.21091205,0.35961366,-0.5792157,2.1636136
1.1356155,-0.28640106,1.2011977,-1.8963245,0.64180577,165.58417
-0.6691195,-0.61454535,-0.033945877,-0.97081244,0.37830546,3211.2344
-0.0029189102,-1.2977698,0.24650893,0.53442234,-1.4132318,-5.799145
1.0433468,1.1862996,-0.7125343,0.27224913,-1.6982633,1865.867
-0.411578,1.7813354,1.3946202,-0.75086635,-0.62918526,1603.3567
-1.7856426,0.5348947,0.5055594,1.6380895,-0.6977001,5.767269
-0.2755559,0.46313432,0.14300862,0.37426823,-0.5082379,1.1962835
0.97899926,-0.37724093,-0.52235276,-1.1700987,-1.7060741,1129.1971
1.024537,2.367073,0.3731775,-0.08307142,0.42159903,850.86
-0.79235953,-0.63131773,1.5540009,0.7962218,0.390568,9.122406
1.825285,0.028160928,-0.12098009,-0.062621735,-0.10755749,0.78849787
-1.0277108,0.20814678,0.09733165,0.39737102,-0.18859434,532.58594
-0.51028836,-0.40970173,-0.24871573,1.0776166,0.1698697,1428.2463
-0.09208446,-0.39159617,-2.1027503,-0.8536657,-0.4423447,-11.746485
0.40801227,0.10019294,1.618375,-0.9290664,1.3806393,961.20575
0.22446208,-0.9040822,1.7101264,-0.6495411,1.3032298,1349.6682
2.1113687,-0.54620326,-1.4949552,1.5763332,-0.7552953,888.22
0.6627158,-0.27636194,0.19482554,0.6324023,0.9680671,8.775101
-0.5633292,2.393687,-1.2752078,-0.47041985,-1.1792036,1586.1882
0.9192886,-2.0166779,-1.1041659,-1.8123212,0.39938262,2196.1963
-0.85829806,-0.4905185,-0.41550335,-1.4241731,1.9895905,2.642428
0.11864479,0.7163365,-0.7663045,0.55594087,-1.7815818,-6.4698887
-1.2078282,-0.7159859,-2.0092537,-0.84374756,-0.5382239,1334.5181
-0.6235245,0.7828061,-1.1018082,-2.2128868,-2.5948677,-206.0256
-0.25027168,0.44650978,-0.3770917,1.4029946,-0.06415342,1857.9158
-1.6296796,0.3364847,1.9867272,0.66598123,-2.046865,-0.692802
-2.6919162,-1.9853059,0.43300182,-0.55389845,-1.0172273,-10.324406
-1.2967675,-0.84289783,0.9079785,-1.3241322,1.9042271,5.614458
-0.7821009,-0.15699357,-1.7996994,0.6823209,-0.65605927,851.4125
0.88815063,0.05051006,1.5331819,-0.24130122,0.33905846,6.8849893
0.6433764,-0.95500124,1.3864145,-0.61247385,0.5461063,419.09375
0.5786916,0.80406195,0.020828221,0.901898,1.0248395,-113.66039
-0.37163776,-1.5827085,0.33327392,-0.2713335,0.0072291465,-2.4391813
0.8351277,0.75821334,-1.5303689,-0.44734794,0.28074086,-2.0130694
1.1881385,0.08767516,1.5282564,-1.4485227,0.8038291,1464.3816
0.22244677,-0.06922014,-0.38158098,-1.3045509,1.329409,973.21967
-0.5459794,0.84116745,-0.1280261,-0.3491678,-0.0731426,1382.3596
0.08410711,-0.562238,-0.0029186537,1.558173,0.30194497,3745.6467
0.45160148,0.53129506,0.72666067,-0.6187141,0.304597,1239.0785
-0.5394691,-0.42674458,1.1945047,0.81163204,1.1249611,1562.0035
1.3693877,0.3305156,2.604033,0.5147572,1.0329559,1074.7456
-1.1579976,0.7347649,1.7571738,-0.61362696,-0.25366533,1050.3712
0.7131887,-2.0824015,1.3059802,0.48529878,-0.94295263,1624.9542
-0.35732672,0.43954188,0.5349659,1.3991882,-0.69210535,5.4359026
1.1739972,-0.026584502,0.63286656,-0.55119395,-0.23041257,0.02635466
0.95535,0.33960512,-1.3020464,-0.25280508,-0.1419368,983.7791
-0.10294091,0.36885834,-0.32871458,-0.32211134,-0.23719513,-1.7204341
0.41984674,0.7028767,1.5913678,0.94751,-0.75783,7.4401793
-0.17966835,1.5640956,-0.478761,0.45250428,0.3369792,918.57874
0.40186784,0.985417,-1.573051,-0.95434844,-0.9965737,1135.8522
1.0576184,2.0923748,-0.43869814,-2.6173174,-0.29391438,-7.5618987
0.39954957,1.2171359,0.9275559,-0.38233647,-0.20688385,3.8434284
1.5854999,-1.0788673,-0.20981134,-0.4186174,-2.201345,2557.7627
-0.00087933935,-0.8437052,-0.5947815,-2.6929436,-0.20680487,-14.27382
-0.17464569,-0.89436394,-0.23063275,-0.021472067,0.5653038,1080.0371
1.0793527,0.7450449,-1.7730365,-1.2726963,-0.08393705,312.80783
-1.8193934,-0.014392095,1.3085539,-1.8451844,-0.64716476,883.85266
0.33406648,0.96188873,-0.61814576,1.0696934,-1.8672522,1175.476
2.0246017,-1.3304558,0.4988759,-0.12174069,-0.10897058,2225.5674
-1.3004477,0.68713194,-1.0402008,-0.11412155,1.1501995,2185.069
1.2159873,0.8068131,2.100031,1.1311591,1.352948,20.846306
-0.32970837,-0.95872766,0.011979119,0.48049167,0.36809263,2.8120344
0.7886526,1.0845405,1.9278384,0.5543312,0.05386849,1343.3832
1.9525776,0.9009766,-0.90167165,-0.42558846,1.8772258,8.759304
1.5733012,-0.47362077,-0.7444782,-1.6359525,-1.3501542,-14.705576
-0.64978117,-3.1509652,0.0035528704,0.58020246,1.7782534,5.533508
0.80986893,0.056463853,0.25446278,-1.3664441,0.35880613,2177.6885
-0.0071147694,1.970302,-1.1576983,0.4562297,0.27287287,4.6549797
-0.97977227,-1.1020904,-0.92320466,0.9868435,-0.40481204,-2.4976177
-0.47000664,-0.5677965,0.2766787,1.9324648,-0.82317936,4.017018
0.23049112,-0.27151868,-0.15692678,-0.8097372,-0.31085062,1018.6018
-0.21267883,-2.2543974,0.44520167,1.2263438,0.15232195,3.3239398
-0.75926644,0.97606015,-0.7000701,-1.2301424,-1.863575,421.5112
-0.07183228,-0.7582347,0.9724419,0.6560434,1.9631386,1669.311
0.23162228,0.3132847,0.6203404,1.4360256,0.6034043,12.360963
-0.7780174,0.51151735,-0.55640453,1.4164381,0.2379268,6.8341517
1.1331367,-0.08983794,-1.8413194,0.89990455,0.9023083,1239.8838
0.80553305,-0.02483039,0.68997806,-1.362027,-1.3329358,976.7308
0.8312793,-0.9888779,-0.7852329,-0.43314698,0.2606939,-3.401533
-2.0928261,0.63561237,-1.5069447,-0.21487464,0.35899082,1790.2783
-0.25582823,-0.5251307,-0.7416406,-0.42694828,-0.40081754,-6.021107
-0.5270737,-0.46669996,-0.71847427,-0.73191005,1.0968683,473.02765
0.85330224,0.79143935,2.9133637,-0.2815378,1.8608869,19.979351
-0.2881008,0.24413912,1.6777433,-0.3368567,-1.9657537,-4.7161026
0.10169761,0.19956249,2.0221758,0.8239485,-0.5697207,462.15262
1.9443696,-1.3344775,0.5370146,-0.30809626,-0.009724168,-0.4310325
0.339585,-1.0535507,-0.6323275,0.019808743,-0.75176364,-6.4756517
-1.8483286,-0.08504996,1.4888619,0.7460946,1.4546118,765.8918
0.23716207,0.1254346,-0.6485378,0.78475696,1.757956,11.233932
-0.89342433,0.7930361,0.5892908,1.503102,0.82717854,14.067889
0.95542157,0.56022847,1.2002774,-0.9660344,-0.5987763,1458.5096
-0.39672408,-0.16047643,1.1467023,0.0543566,0.43707058,558.1128
-0.88156384,0.26000506,-1.3532228,0.8382765,0.46650362,2145.5872
-0.203286,-0.9559849,-0.7219289,1.4012583,-0.31624874,650.6111
-0.12113188,0.10735262,1.3795087,1.030766,-0.23819771,8.18724
0.92341167,-0.17210959,0.06402704,0.32190508,-1.8144678,1164.6755
0.7347944,0.3181664,-1.1848029,-0.4664041,-0.27349868,35.859047
0.3329721,-1.0580645,1.5554187,-0.7447854,-0.087876394,0.38305974
-1.2727352,-0.74180555,-0.58849484,1.0773342,-0.014051265,1.3912317
0.23719147,0.5337495,-1.378828,0.46071598,0.40832463,1.9149466
-0.05112584,-0.1538749,1.831535,0.66083294,0.6531355,738.10767
0.65513045,-0.027810885,1.4850826,1.650326,-2.0301423,2.1704445
0.17825319,1.0411978,1.4480795,-0.17152445,-0.4127048,2864.039
-0.24031067,0.7107739,0.7661327,0.3050695,-0.06418555,5.496006
0.56187284,-0.21717924,0.49199313,1.3005028,0.18668815,32.266212
0.23161957,-0.4556854,-0.9382961,0.44190505,0.39089084,1540.3269
0.102022305,0.5332053,0.15618484,0.23352924,2.025526,13.669793
-0.8090207,-0.10043161,0.045950074,0.04483733,-1.885959,3259.3674
0.03386515,-0.8272626,-0.7479429,-1.5577922,-0.35214654,-10.846277
0.3404558,0.6131009,-0.6179829,1.8634746,-0.040930964,850.8123
0.29797918,0.7247794,0.767749,0.6085123,1.5784378,-833.2743
-1.1268904,1.47551,0.053254087,0.6365754,1.4102021,2554.9756
1.0927339,-0.74961776,0.3234685,0.48357886,-0.8963861,881.09406
-2.1204758,-1.1715343,-0.48352796,-1.3958571,-0.36861435,-11.310095
1.6791595,-1.5003179,-0.8229109,0.31231877,-1.0055751,-7.3850884
0.03902615,-0.74773055,-0.83156836,0.14333455,-2.402929,794.29694
0.2480479,0.12975538,0.74804574,-1.3050587,0.9527392,3.1697354
0.46527612,-0.42300734,-1.3450899,2.4074116,-0.22967175,128.56589
-0.47217363,2.6319013,-0.9008172,2.0707712,-0.5419715,165.0641
-1.0037773,-1.0384512,-0.668377,0.7058744,-0.25255424,275.83234
-0.90339303,0.31106293,-0.6669863,0.57933885,-0.888879,-2.9511907
0.31120476,-0.056716796,-1.2892302,1.4161808,0.80614734,1418.8787
0.35767156,0.05304801,1.2865813,-0.55193096,-0.17651048,-157.98074
-1.7733953,-0.11821112,-2.3753564,1.0325379,-0.018930519,-3.1456852
0.57683265,1.0780442,-0.021623746,0.09317329,0.18767554,4.704356
-0.4092968,0.32321292,-0.44681472,0.74204606,0.31153515,4.594628
1.3413694,-0.0112190265,-0.48143455,0.61571497,0.6641315,6.005349
1.2568121,0.46025857,-1.165997,1.4122288,1.1712834,10.542887
0.2785353,1.7230153,0.34218287,1.4500209,-0.5237674,8.769136
-0.94662327,1.6241865,1.1405554,2.618025,1.0919143,23.099953
1.0426075,0.079569,-1.1405449,1.2724255,-0.7468109,-0.3430343
0.43444288,2.715897,-0.8069402,-0.8818587,-0.010946417,-246.84781
-0.8318419,0.7504326,1.5972034,-0.6529483,0.05085804,4.478637
0.8769075,0.14793256,0.5307808,-0.6915459,-1.9874336,-9.413731
1.2987816,0.12777612,0.05104684,2.0379725,-2.1201167,2613.4304
-0.26349705,0.8285711,0.73445034,-0.68014175,-0.8211564,-2.0286517
-0.49364826,-0.32208765,-0.006000303,-1.2120987,-0.7113003,-8.295986
-0.83052033,-0.93228626,-2.4665852,0.67077637,-0.28358942,-7.501975
-1.1832374,1.5406073,0.5761572,0.085793614,0.72682226,9.2570505
-1.2974484,0.9861847,1.2021552,-0.21814322,2.081965,15.486921
-0.5691495,-0.18793055,-1.0716556,-0.05826105,-0.19890194,2194.1584
-0.37172958,-0.49459666,0.42557934,-0.7832491,-0.46854484,1980.2915
1.3835679,-2.3352919,0.9366798,-1.2821892,-0.74632627,829.01746
1.7353952,0.24017648,0.11054925,1.2383685,0.72268206,1414.7677
-1.880515,-0.5914268,1.1321812,0.93182707,-1.6583999,-2.2732372
0.8634614,0.5032818,1.167232,0.65111005,1.2479846,1463.6318
-1.3230529,0.46562657,-0.8647324,-0.27311978,0.39290562,-0.42922562
0.57819736,-1.5388207,0.24832907,0.24109341,0.7219455,3.5570226
0.17739616,0.93895257,-0.4856849,-0.6931033,-3.2829854,-250.57617
0.26774707,1.8002431,1.3066658,0.6084541,1.0396557,16.370872
0.073750265,-1.4194665,-1.6866057,0.4635712,-0.08396171,-5.437363
-0.32983452,1.141254,0.42291647,0.2071044,0.7733492,349.83658
0.54650795,-0.7985026,0.4161892,0.44109806,-0.28054848,3471.1064
-0.5853616,1.1750863,-0.2534806,0.31056264,0.9855721,8.467595
-0.54666114,-0.9048564,-1.140396,-1.8073487,1.6431922,-3.6150775
-2.1704965,0.356342,1.294774,2.3122325,0.25828743,15.031959
-1.410781,1.4959888,1.1424886,-0.58049977,-0.84577394,1277.6273
0.45744386,0.13345228,1.1482717,-0.13116714,0.55971205,7.25684
-0.8786061,0.7510262,-0.37627047,-1.4141014,-0.5431287,-7.400879
1.1516341,1.7163862,-0.45632887,0.34073234,0.21664259,1746.718
1.4252642,-0.8500595,1.0322388,-0.1529453,0.33425412,872.57086
-0.97984594,-0.0024739653,0.05165473,-0.6756411,-0.11038239,-2.606834
-1.1701326,-0.4481618,-0.36017528,0.46883002,-0.36983347,1175.5607
0.94292486,0.41488335,1.1197512,-1.7842382,-1.0070302,885.9638
-0.11346529,-1.2606072,0.40297514,-0.35549104,-0.49595204,-4.2785044
-0.20506956,0.16877341,-0.9065434,0.84335274,-1.5351295,-5.7836385
0.27179283,0.05435953,-0.121524625,-0.010790113,-0.8638523,-3.5200377
-0.01670944,-0.9957245,1.0301963,1.100241,-1.4512532,-0.7815287
0.42312983,1.3676205,-0.3319336,-0.17808618,0.8898189,-455.73618
3.0163877,2.2890112,0.36675316,1.2592368,-0.6857939,1658.8131
-1.7557774,1.4082229,-0.78291607,-0.14363837,0.61087483,3.1558204
0.46824422,0.37041917,-0.90655553,-1.5239682,-0.28693914,-8.29453
1.9079909,-0.622266,1.3645931,-1.1570565,-0.9155564,-4.3681736
-0.51540595,-2.3433447,-0.3979854,-0.29513413,-0.8957194,-10.791969
-1.4639437,1.0687127,-1.0399934,0.5106291,2.2034073,1440.2953
-1.248226,0.69587934,1.3019723,0.18154466,0.31384358,7.9046865
1.7410718,-0.6465524,1.1447113,-1.1944265,-1.3349925,-7.427067
-0.72587717,-1.9318717,-2.7395167,1.2820014,0.0099011045,-6.3442073
-1.0377076,0.86787534,-0.582561,-0.14216502,-0.12763013,1855.6406
-0.4154612,-1.4395658,-0.027103202,-0.7579483,-0.029150885,-5.3997827
-2.680526,0.38108194,0.043919805,-0.67896533,1.6429471,6.0795746
-1.5249202,0.022584205,0.041537367,-1.2273961,-0.26426074,907.05145
0.05832247,-1.6745427,1.1530615,0.9009835,-0.056932006,4.3694243
0.4075771,-1.8421997,-0.66716313,-1.6504703,1.0129607,-534.3213
1.7970073,-0.79483736,1.0030619,0.40516782,1.7936804,13.971379
0.6797295,0.28196856,-0.73544806,-0.19114906,0.04171421,1258.1301
1.7234848,0.7123916,0.5951211,1.8371799,1.28355,18.88487
-0.45330247,0.026706208,-0.3069505,0.041749477,-0.74287647,2229.2476
-1.7992467,0.7770034,-1.1694235,-0.5768348,-0.55828524,-136.76736
0.1438711,1.1054896,0.21971264,-0.30735925,-1.0200121,-2.3874931
0.35714045,0.6599202,-1.7439432,-0.63871574,-0.7432694,1947.3663
-0.54819214,0.4437435,-0.58478624,0.12581058,0.16565573,1.2114352
0.029915525,1.1488208,-1.3510301,1.1295663,0.9418584,8.463473
-0.4503828,0.8972533,-0.76934224,0.6902692,1.2077694,1273.587
0.70476097,-0.7892995,-0.60659736,-0.7809806,-0.24130203,-1421.0868
0.38773137,-1.2475926,0.33343825,-0.28097856,-0.080092505,2272.9114
2.2668946,-2.579445,-0.7918017,0.17486575,-0.18275994,-5.5914354
0.85465956,0.70725983,-0.04454221,-0.48626074,-0.558424,745.5932
-1.7129531,0.19038676,-0.4490075,0.38071603,-1.5715874,455.03952
-1.0198042,2.0555985,-1.5013198,-0.12728606,0.82154626,3.6578932
0.8321206,0.24801426,-0.8101562,-0.2327189,-0.019106343,-1.5831121
0.74092454,0.21967293,-1.2685765,-0.08283276,-0.23882791,-3.564734
-1.0574609,0.53102356,-0.42036617,-0.5990277,-1.2188544,2558.7722
0.86523145,-0.5456858,-0.8015227,-0.2746963,-0.56433576,424.4338
-0.6321544,1.6276066,-1.146469,0.83796877,1.4363236,1959.6877
-0.90290344,0.97662205,1.2712119,1.5845009,-0.37027866,10.891036
-1.3337955,-0.020972295,-0.2912401,-1.1640729,0.77887535,-1.3948047
-0.6021101,1.2906594,-1.1954209,-0.8073927,0.50746495,1708.6309
-0.086101316,0.65433955,-1.9129205,-0.7049967,0.56140333,-3.5654833
0.70666593,0.7864801,1.4034483,-1.0444988,-0.15703268,574.27814
-1.217033,2.1720135,0.6483846,0.63536674,-0.07184255,8.880842
-0.94620186,0.13417256,0.6025478,-0.22883482,0.3153657,1203.0452
-0.85327375,0.85405207,-0.52192914,-0.37005776,0.2122647,1952.8035
1.0588583,-2.3822556,1.8015602,-0.20085646,0.49611965,3.8026743
-0.73449004,-1.8831121,-0.9306278,-1.5671496,-0.04449237,348.87454
-0.4534758,-0.97325706,-2.080937,0.5049053,-1.7551208,785.975
-0.23076712,-1.4863676,-0.5824716,1.706228,-0.25844425,1.5846528
0.16788247,-0.00519203,0.5358523,1.4981233,-1.772539,-0.042343587
-1.8681421,-0.08648763,-0.39183754,-1.4776046,0.30936155,2009.698
1.6654222,-1.2298075,1.2362424,1.0081469,1.7591665,15.882138
1.1408316,-1.4100274,0.9552804,-1.0038952,-0.3192577,3013.17
0.3845152,0.89964825,-1.0890572,0.31812358,1.3759772,7.912268
-0.005270389,0.54085815,-0.06683472,-0.7477294,1.1497905,4.689627
0.38216078,-0.9113263,-2.059399,0.3921074,0.19777857,-4.217924
-0.30838785,-0.1679246,-0.5949908,0.2936949,1.1023707,5.44768
0.16751741,-0.9942733,-2.2921748,-1.0710263,1.815248,-2.9889627
-2.4981387,1.6602719,-0.84094256,-1.484607,-0.53639114,1557.7717
0.10777091,-0.06876011,0.51286155,0.8733123,0.9966112,10.972335
0.28943405,-1.1585507,0.46326908,1.1666442,-0.06368205,4.480174
0.6653082,-0.13466005,1.8080456,0.07952166,0.4339351,8.98118
0.02417836,-0.4805968,0.34346944,-0.8831459,-0.8249442,975.043
-0.57841253,0.11010105,1.6287655,1.18576,-1.9522613,0.80997145
2.598023,0.37747544,1.3789907,-0.30138943,-1.8433132,-3.1852884
-0.97530496,0.7497398,-0.49692476,-1.1105506,1.3871702,1087.7295
-0.40587237,-0.6267631,0.09129939,0.5451626,0.5708001,4.8821583
0.12574656,-0.46890172,-0.4739942,-1.0986668,1.0324132,-0.5097369
-1.3415314,-0.3623492,1.0950689,-1.3762954,0.8103837,540.2189
0.24812157,0.81671244,0.4183722,0.68709284,-0.09558439,734.86414
0.46399313,0.010443536,0.38794088,-1.8624381,1.0754191,0.28043675
0.020992288,2.2650037,1.0993477,2.2840483,0.48849702,-267.43243
0.19066136,-0.98033446,-0.13802105,-1.007678,-0.3941547,2696.8726
-0.030134395,1.7322487,-1.1069807,-0.031041557,0.5976348,4.1174407
-0.9574811,-0.6589469,0.9518999,-0.5310607,1.4844846,7.3472905
-0.58084244,0.005063584,-0.63462555,0.4060727,1.3831041,1309.6873
-0.86110264,-0.5545626,-0.6960533,2.0870678,0.25913423,1281.0029
-0.88694775,-2.0262072,0.30466205,-0.20976163,-0.2826526,-4.727725
-1.0093746,-1.0978377,1.1530298,1.2714124,0.5205844,9.481696
1.0407339,1.2747407,1.069576,0.76054,0.3192574,-423.45724
-0.09456183,1.4776685,1.1803017,-0.08605005,1.4068949,159.238
1.3087218,0.9104876,1.7546979,-0.18637615,0.24421038,9.242526
0.057590358,-1.8132983,2.0250723,0.56412065,-0.2308487,4.6338596
0.018892087,-0.71406806,1.2890524,0.28898674,-0.8786937,0.21951902
1.3678906,-2.9452765,-0.2055089,0.32112283,-0.38857543,2623.2783
-0.11360576,-0.2987969,-0.68776375,-0.7227015,0.8595343,1929.0358
-0.21686138,-0.592015,-1.6715732,0.15216808,-0.29847524,452.1244
-0.72316414,0.119781025,-1.9423871,0.6772288,-0.031034376,1690.9027
-0.518813,0.2981327,-0.45703167,-0.011736459,0.35650608,1.7301106
-1.8150833,-0.7004198,0.2631454,2.2995367,-1.6540681,0.45966294
-1.1081365,1.6551716,-1.50594,1.3472601,-0.0890567,-238.18056
-1.3303713,0.09598185,-0.00913371,0.21402448,-0.49852228,-1.2560527
-0.1437133,0.50549334,1.2236212,0.45245576,-0.5733304,4.5718265
1.4961233,0.22035834,1.360275,-0.33175698,0.80928314,8.976513
1.1528214,-1.1544882,-0.38915354,-0.47701406,-0.007936317,1352.5071
-1.6428097,-0.49546218,-0.6697756,-0.40187258,-1.5128459,-12.040737
0.5815067,-1.1436186,0.7346374,1.4398535,0.932318,11.572876
0.72287023,0.2068163,-0.47861272,-1.3485479,0.030027453,-4.916818
0.5937191,-0.87366366,-0.17242037,0.49776104,1.6698713,9.383058
0.07216462,2.0081127,0.33056372,-0.9605266,-0.96777076,627.8666
-0.20015459,0.07367481,-0.11891712,0.15761217,0.7848229,5.240976
-1.5517464,-0.4745259,-1.0092802,2.7002625,2.0988488,327.37018
1.5709196,-0.8178418,-0.97002304,0.016021052,-1.3421887,-9.368092
1.731202,1.8201847,-1.400954,0.020149456,-0.99715745,-3.635923
-0.07074067,-0.47847378,1.1170046,-1.1675678,1.1710756,4.5349
0.02864342,0.5174899,-0.58264846,0.414933,0.67841524,5.389738
1.0545771,2.0184908,1.6352739,-0.50082815,1.3192949,772.6785
0.35434082,-1.4224818,-1.2716299,-0.8741272,-0.4945088,-11.394585
-1.2149435,1.2627833,0.51651216,0.14224507,-0.14514339,4.3067613
-0.14697208,-0.30205166,0.5854887,0.0050773104,-1.2532022,-4.1880736
-0.13410723,0.38599157,-1.5735689,-1.7719631,-0.13577169,24.51631
-0.55722445,0.025079515,-0.2872163,0.37450457,-1.2092894,-4.594835
0.7259828,1.8100021,-0.7409947,0.1668277,-1.0019277,-1.4738722
0.84896356,-0.5368296,0.21003067,-0.075798266,0.7296044,4.2771835
0.07799154,0.4775232,-1.5562,0.565425,-0.3583781,-2.1533825
1.0376565,0.28885415,2.3676784,-0.19511935,1.4091862,15.467795
0.26105815,0.49228024,-0.81975013,-1.0015184,1.6967322,4.1745205
0.78668433,-0.5145449,1.0025122,-0.72395283,0.27145356,1.8025638
-0.33515233,1.2935965,0.09743523,0.19175431,-0.08488466,4.132681
1.3814312,1.567367,-1.6077021,0.33143398,-0.29697323,-0.19081713
-0.24175325,0.5009908,0.6124559,-0.055821866,-0.5118262,0.978742
-0.6143301,-0.95457965,-0.06520897,-1.6583701,-0.38441467,-9.968402
-0.4739787,0.8739069,-1.0421327,-1.6434249,-0.11390168,891.9467
-0.44874573,2.204549,0.08900074,-0.6027331,-1.7618614,-5.7984056
-0.62541264,0.5959943,-0.6851592,-0.6760997,0.5600567,-0.062403724
1.2339963,-0.26007754,0.574232,0.07095461,-0.289316,1.7231321
0.8880095,0.18219548,-0.99362004,-0.6216898,-0.60721695,-6.6757774
0.91423595,0.7190071,-0.11797295,0.06518659,0.98292124,1556.9031
1.2101891,-0.99520683,-0.33199385,-0.44143054,2.802984,-1232.5988
-1.33808,-1.2787501,-0.39856353,-0.29145834,-0.08161477,-5.005712
-0.54664564,0.5323116,0.7794093,1.1358613,-0.09802602,538.00995
0.7792591,-0.36190647,0.6964223,-1.7880458,-0.56075525,1031.7054
-1.1296324,-0.14435096,-0.397245,2.0861864,-0.3245733,-11.41988
0.25564915,-0.5516447,-1.0747441,-1.3436402,0.32342902,1.1835122
-0.8940894,1.0583916,0.76137054,-0.403201,-0.22775006,2.1243427
-0.047315583,0.9723132,-0.8823223,1.2755455,-0.67228395,2.0512464
1.9746637,-0.30220774,-0.095839456,0.80032104,0.5043441,6.8273387
-0.7029064,0.26111025,0.70418155,0.78823423,-0.72483504,1444.165
-0.4105393,0.07510697,-0.07968337,-1.3098425,-1.2406584,-10.707185
-0.50758827,0.28394794,0.505073,0.33816054,0.18908325,5.132624
-1.1485631,-0.089611635,-1.2063591,1.678171,0.47337925,5.693567
-1.0965258,1.2269919,-0.5568936,-1.6119106,-1.9106677,-14.670532
0.88565433,0.3735007,2.6150131,0.15303028,-0.63433224,7.484611
-1.6672181,-0.82143855,1.0318215,-1.2451257,1.2359679,2.7593284
-0.34955555,1.5109271,0.090314806,1.950405,-0.037104562,11.769285
0.55675924,0.027147312,2.2951634,-0.6046579,0.36437234,1014.89044
0.5476699,-0.9278061,-1.389879,1.3460816,-1.6554766,-7.561906
1.7125328,-0.59099495,-0.009782032,0.8754041,0.04474822,4.3644137
0.12083849,0.45166177,-0.4453287,-0.4900775,1.4967026,6.1330986
-2.0935202,0.041125983,0.2185631,0.13300309,0.77989405,5.1594086
-0.486256,-0.86526585,-0.14104797,0.51700985,-0.90643215,-3.8132448
0.46254167,-0.44154093,0.18895626,0.45266396,-1.0668666,2108.2007
-2.0010812,-0.75207204,1.6305627,-0.37681264,-0.110144585,1.3058219
1.8688166,-0.44412878,-1.278981,-1.6556205,0.14753138,-8.707759
0.9072534,0.61785656,-0.49954328,0.048493538,1.3611087,52.616405
-2.3453352,1.0864295,0.6753746,0.96883243,-1.4503057,0.7236476
-0.28804246,0.9184791,0.6996525,-0.9484192,0.35073182,674.727
-0.04328247,-1.017205,-0.91190654,0.90627307,-0.8604981,193.79172
0.58208585,1.2840428,-0.27378437,0.71751887,-0.7814105,1114.5016
0.0029959206,-1.0138092,1.1617601,0.942735,-1.3155107,-0.3442709
0.073386654,1.4479312,-0.015096601,0.8167881,0.278258,8.583433
-1.9277903,-0.66744375,-2.1924243,1.5886271,0.26089308,-0.22377494
0.6562703,-0.056519594,-0.87527966,-0.17614622,-0.5284197,219.75568
1.0498183,-0.2760382,-2.116265,-1.2004668,1.4457148,1179.0643
0.08562092,-0.288109,-2.0782883,-1.2654377,0.38939312,1424.7974
-2.2587996,-0.8445645,-1.579701,0.67922795,-0.18258575,1091.6932
1.4421841,-0.9239218,2.1532636,-0.1310882,0.5989406,1180.4197
-0.5734882,-2.5880933,-0.06989456,-1.0433625,0.8284356,-4.650534
-0.7315587,-1.1747086,0.9561981,-0.73531365,-0.07527106,1853.1583
-2.5197442,0.7683408,-0.45059177,-0.3559189,-1.128698,1183.5602
0.43690154,0.74320966,0.7497342,-1.7620811,-1.5967389,1445.781
1.5859904,-0.48498118,-0.06285312,-0.17752042,1.0545601,5.243285
0.2869501,0.4615457,1.1110454,1.0914973,0.8990783,14.246961
2.2078645,0.16286013,1.4701508,-1.4712192,1.378353,7.8807383
0.34597597,-1.5910369,1.0098715,0.23310386,1.4486607,9.18478
-0.38104987,0.54886496,-0.24060208,-1.5592333,-0.7790319,-9.0081415
-0.02445344,0.6171429,0.272501,-1.092333,0.90974706,3.2156985
-0.97566134,-0.8910402,-0.5842209,-0.62293047,0.39665845,1191.249
-0.23697104,-0.18499461,0.11800006,1.2584822,-0.97989416,0.9073937
1.5360186,0.17542988,-0.49562886,0.9374538,0.051828086,580.6368
-1.2478809,0.16212423,0.1988022,1.0063331,1.125418,991.7217
1.1008002,0.23209181,-0.8446389,-0.1900684,-0.07441775,343.1517
-0.97866917,-0.099347554,0.00401025,-1.8444084,-1.4588014,2560.0383
-0.7455085,-0.9709962,-1.0958743,-0.8382905,0.35067737,-6.158735
-1.7108407,-0.49850595,-0.5705292,-0.8428387,-1.2050378,-11.986435
0.7469432,1.6022377,-0.7488392,0.3362012,-0.53296256,1.0233762
-0.094367355,0.4520879,-0.08723036,1.5273973,-0.60685766,4.651509
-1.8117197,-0.53799033,0.05294274,-0.30974331,0.5061983,0.4678926
-0.8465155,0.7612786,1.2328955,0.3148086,0.34772182,8.7370405
0.118088,-0.509258,0.1870886,-0.15728068,-1.0129497,-5.210909
-0.2989783,-0.3575693,0.24667314,-1.2128766,0.29668057,326.44968
0.33225203,0.6894609,-0.3071751,-0.15262672,0.11850548,1.6542374
-0.6854885,0.35304448,-0.5237654,-0.021989578,0.15929373,1932.4717
0.22309743,-2.4385889,0.2242279,1.0707403,-1.5549853,-6.6095552
-0.48347127,-0.20288,0.0049657873,0.8390861,2.1370456,1144.2618
-0.88217646,0.3435599,-0.34448442,-0.07180547,0.8204867,3.9842274
0.031689014,0.7566011,0.21994641,-0.14377752,-0.9485282,-2.1224282
-1.2330074,1.2898765,-0.07497396,1.6860526,1.8066249,18.53032
-1.0928898,0.77265847,0.8218355,1.3426646,-0.31624267,1136.511
-1.183022,-1.3905023,-1.579453,-0.19131331,-1.8355294,521.317
1.6082432,0.354634,-0.7353991,0.078308016,0.7975694,1670.6475
1.1023377,-1.197374,-0.29568836,0.70636994,-0.8464617,-3.0483136
-0.9383969,-0.26099405,0.32036358,0.110756055,1.7880646,10.379477
1.0198612,1.6624987,0.54954517,-1.0569788,1.8281441,11.350358
0.052357834,-0.6010205,0.19124661,-0.37621194,-1.589644,-9.11698
-0.52905905,-0.5864261,-0.30857742,0.56580967,-0.7475814,350.95444
-0.1856283,0.26515728,-0.79081297,0.98080534,-0.17459108,2.1317098
-0.20306909,-1.3890992,-1.7569063,1.1182086,-1.3897847,-14.903192
-0.61485934,0.17892249,0.5799093,0.049993932,1.0363808,8.169165
-0.3013894,0.8834843,-1.2710488,0.78086877,0.17653428,2.8469646
-0.9733647,0.091562845,-0.7901212,-1.1878825,-0.96309125,-823.15753
0.0034749026,-0.2285459,-0.010476746,0.31770036,-0.90297294,-2.7444701
0.59768444,1.8436567,-0.029280422,-1.049526,-1.097295,2136.0537
-0.29168567,0.8463017,0.98344195,0.37344998,-1.0340962,-120.530464
-2.3914418,-0.5369055,0.8039192,0.026345415,0.8628495,5.5806937
-0.35173577,-1.3722456,-0.11022935,1.1568469,1.2368197,8.607807
0.18634994,0.8450869,0.41303462,-0.7823778,1.7467238,9.6781
0.92234856,0.592406,0.83021015,0.5945597,0.23381633,8.680053
-1.2436731,0.43149915,-1.3937563,-2.0610285,-0.89116675,-15.634696
0.77401435,-0.3867956,0.07740873,0.15385154,-0.7270965,406.88495
-0.5133768,1.2412695,0.9012828,1.1982108,-0.1917749,1302.1655
-1.6932875,0.47561643,-0.5938731,-0.5281418,1.7460612,1602.6138
0.33721018,0.7364096,-0.4844512,-1.329504,-0.66632086,816.80493
0.06264456,0.6310761,-0.14226812,-0.83354306,0.7558773,877.6221
-0.07007874,-1.4968448,-1.5373559,2.456258,-0.13275848,2.5862682
-1.2215489,0.29727203,0.862722,0.1422773,-0.47533324,1.8163278
-0.82777214,-0.04898712,-0.8321008,1.1386226,-0.44587934,1814.9008
-2.2366002,-0.39207786,0.36313733,-0.41973904,-0.8450131,-5.7213883
0.6391364,0.12244737,-1.674106,-0.035186477,0.22201055,-2.5673926
0.67118484,-2.0686343,-0.18974993,-0.08482848,-0.18940681,-4.684312
0.051851578,-0.080090955,-0.2001285,-0.78244704,-0.343739,512.1459
1.0933919,-0.7472161,-0.08074402,1.238306,-1.458957,10.160394
-1.4710914,-1.8136724,0.5791282,-1.2710623,0.11072196,-6.183949
-1.0771338,2.2215476,-0.73803234,1.331011,-0.78327036,787.36084
-0.4036785,-0.6990612,-0.2722684,0.40550402,-2.3155153,683.7974
-0.33849207,-1.2814304,-1.4375257,0.83265287,2.7570195,11.0176
0.16708319,-1.3601515,0.5289016,-0.73032606,2.2069757,1923.9796
0.66261107,0.079168394,1.1866949,-0.46648833,-0.86360514,-1.0633311
1.7647165,0.96918994,1.0597364,0.4291516,-1.1395533,2.9738626
-0.6937429,-1.2096626,-0.40117434,1.7762645,-0.3472366,2.3914013
0.17165199,-1.4296523,0.8182131,0.96120864,-1.5192307,-3.1163146
0.9704379,0.3439276,-1.0723971,-0.43110266,0.33841962,-1.1229002
1.0842644,-0.36705196,0.1046052,0.4979132,0.2677667,4.41459
-0.8368728,-0.26502374,1.7741151,-1.6822207,0.73519045,2.3412292
0.34703457,0.22817637,-0.46269208,-0.5527089,-0.03125262,2610.0776
-1.753001,0.10333464,0.25543094,0.42464253,-1.1006839,-657.45703
0.1486274,0.3621043,1.4831196,-0.59062487,-0.15834479,-647.9894
1.3802811,1.0205054,-0.39421564,-0.24239145,0.54087687,1346.3131
0.3209293,0.22661571,-0.7138866,0.17734577,1.2443343,1072.1522
2.0464227,-0.21732059,-1.9584247,0.63273335,-0.19874455,840.3451
-0.76149935,0.032110315,-1.380755,0.9329129,1.036815,185.30562
0.19446355,-0.25703147,0.20780173,-0.7007703,-0.15309107,-2.4158185
-0.44180253,-0.49300846,0.07080012,-0.5915683,-0.102141276,-2.9474778
0.60319066,-2.7084136,0.575583,-1.1664838,-1.4948133,-14.524468
1.104747,0.12729996,-0.4642936,1.0093766,0.8553099,1381.762
1.616241,-0.08861731,1.2457796,0.5687444,0.8292889,-13.579647
0.9395745,2.29593,1.0124645,-0.78156245,-1.5391359,-1.7839472
-0.8114027,-0.5195019,-1.5304068,-0.120441616,0.89878666,2618.872
-1.9261602,0.735452,-0.36030155,-0.09640994,-0.7378477,-3.673396
-0.057052314,0.124340184,0.8396142,-0.41797632,-0.14118066,1.3500582
0.7841041,0.8208252,-1.4484093,1.8935944,1.0807914,-109.47549
0.5727569,-1.3724321,-1.849135,-1.4122447,-0.018988023,2380.9392
1.3245221,0.12548329,0.01377553,0.373692,-0.96638566,1154.3557
0.46847263,1.8670685,0.15957004,-1.5628464,-2.2953265,-97.11721
-1.5182229,-2.3325617,0.14095397,0.021995306,-1.6144465,-11.968093
0.09926566,-0.51862663,0.7584121,-1.5191431,-0.31735653,640.56494
0.8074751,1.86184,-0.9241909,2.011501,-0.777402,6.462592
1.0626587,-0.19505106,-0.11427449,0.66669565,0.009763525,3.499095
-0.53695035,-0.29765266,0.012276776,-0.2313073,0.056491327,-0.48750308
-1.6008836,-0.87251854,-0.37460083,1.2527181,-0.35748613,0.4943536
-0.3664771,0.93934935,1.8016763,0.63123274,-0.09076225,10.019472
0.5033878,0.61225665,0.012373115,0.46782613,-3.0150166,1019.9526
0.32076234,-1.3961912,2.4108129,1.1603944,0.9387781,14.932189
-0.06106302,0.6333513,-0.7189719,0.6219365,-1.3033637,-3.9536424
1.0218314,0.51761407,-0.82000595,-0.7580665,-0.66208696,3792.3406
1.9752308,0.18981491,0.5923832,-1.571692,0.73241544,1.5266532
0.09401953,1.2484757,1.3060652,-0.26131433,0.41966617,1864.6583
-0.13934286,-0.04164462,-0.113607325,-0.07997041,-0.6607196,-214.43842
-0.9012997,-2.4676323,-1.0584643,-2.1242764,-0.7620617,1669.3535
1.5967046,-0.32971203,0.13470134,-0.42080143,-0.28029823,-1.5212573
0.34114167,-0.76937574,-0.17044072,0.57828903,-0.8480859,-1129.4009
0.482767,-1.2826874,-0.09710698,0.2054924,-0.81584084,-4.854649
-0.2883036,0.9773845,-1.7764844,-1.7672757,1.0927918,-4.115618
-0.23612915,-0.117463715,-0.7712402,-0.6019512,0.1725952,2902.1501
-0.35738182,-0.16184554,0.5394442,1.1741036,1.8649738,16.180365
-1.0748698,-2.064413,-1.8292466,-1.7375138,0.91250867,3059.9739
0.05336534,2.0811114,0.7075997,0.4310231,-0.26546794,7.731575
-0.6058447,-0.8459413,0.8399437,0.3422146,0.032322906,3.0106602
1.2607163,-0.70780444,-1.3353671,-0.45455876,1.9137176,611.1809
0.25780645,1.6190345,-1.0241057,1.5022877,-1.915776,-428.91385
1.0231873,-1.2455993,0.5590776,-1.5732276,0.8202937,2295.0989
0.40899828,-1.5692545,-1.1003772,-1.0013272,1.0118886,1462.7252
0.0122859655,1.090329,-0.22037458,0.30435392,0.386574,5.7372494
0.0891257,-0.83996373,-0.058076542,-0.045902666,0.9834175,3.8964975
-1.0697471,0.59612215,0.4896033,0.45228234,0.7798785,88.54855
-1.007236,-0.14556614,0.13650194,2.5799673,-0.47762385,8.55193
-0.7973245,-2.0997896,0.2901727,0.14649971,-0.82171243,-6.2351465
0.044516884,1.957642,0.47818756,-1.2383697,-2.0521188,380.14557
-0.66992193,-0.060851164,0.85500795,-1.3543496,-0.70980346,1010.08435
0.7210608,-0.442613,1.1397512,0.18740867,0.17896795,1347.8323
-0.2511934,-1.5040354,0.43892604,0.83978057,0.7107525,1043.272
-0.57629144,-0.3492028,1.8778849,-1.1901914,-0.20823574,-0.10603745
-1.4096774,1.326784,0.8199777,0.746879,-0.0016994573,38.889248
0.26625478,1.0073279,-0.33141798,-0.4574795,0.8962873,4.7291374
0.83157885,-0.3525324,0.45170605,2.01529,0.42320108,520.50195
-0.077279806,-0.90109324,0.4590386,0.31134114,0.6970472,5.4390693
-0.6656733,-0.43955475,2.7189505,-1.2237364,-0.5549208,1541.6149
0.5738151,0.17855427,-0.44684082,-2.0562782,0.58233935,3029.5703
-0.62769943,-2.0375774,1.3696969,1.4685628,-0.71928847,1495.5558
-0.24545169,-0.11914191,-1.720263,0.47553164,-1.048809,-7.92329
1.1181021,0.113327436,1.1399415,0.85160327,0.4273222,10.7032995
1.4232557,1.315833,2.1354547,-0.17102143,0.78877705,1198.8374
-0.063250765,-0.07563405,0.1795611,1.5602989,0.80336607,1630.5028
-0.8980833,-0.79845494,-0.69469815,0.78913546,1.1755029,875.5475
0.57141984,-1.0398843,2.0089808,-1.6733946,0.33325437,2244.3691
0.7376441,-0.34157827,-0.9365328,0.21344224,1.2098037,330.31702
1.5511081,0.09571842,0.4009258,0.6320728,0.4989014,8.245352
0.6770889,0.991835,-0.4992511,-1.9858304,-0.6045232,-9.109512
0.21129633,0.8890471,-0.41491625,-1.3790317,0.9317541,0.7713526
0.4278059,-0.96000284,-0.43099365,0.38927317,1.0257938,287.86118
-0.14274731,-1.107706,-1.6965132,-1.3915585,0.4424619,901.5545
0.7466415,-0.00041425816,1.1286148,1.422286,0.17876531,1942.7279
-0.7521161,1.0225805,2.1232371,1.3657815,-0.7472179,10.764005
1.9764332,-0.67692626,0.79267186,0.8648279,1.3468903,13.184171
-0.10373764,1.0549906,0.774333,0.67108375,0.93786794,208.336
0.57963353,-0.047802188,-0.66784286,0.015229057,0.4900233,1257.4681
-0.28658542,-0.86639106,0.625906,-1.4291416,-0.10378315,275.79327
0.32028168,-2.1133068,0.07276285,-1.4854865,-1.3359828,-15.47707
1.3216335,1.4864119,0.32003084,-0.04525499,-1.6132725,1734.9767
0.7285452,-0.9614118,-0.264145,0.5190491,0.30433822,2.230423
-0.27346593,-1.3368706,-0.887443,1.188551,0.14262027,1.0123231
0.19666941,0.027641227,0.13568687,-1.0467207,-0.41398156,-4.7140026
-0.73166937,1.4189959,1.062937,-0.15718178,0.7815682,2449.7249
-0.7271322,-1.0540847,1.539442,-0.9509582,0.97215956,1432.3483
0.10059318,-0.5264032,-0.41237727,0.46628553,-0.5866961,-2.3137956
2.2409284,1.7768022,1.4754964,-1.1679331,-0.25776997,4.132708
0.13012704,1.0004424,-0.86139303,1.7442122,-0.1275173,6.7566934
1.3133173,-1.1537166,1.2118368,1.8894463,-0.14642641,9.791183
0.8694602,0.37768537,0.9429361,-0.33388397,-1.013489,-1.3306139
-0.18877058,-1.6722372,0.21896158,-0.87121856,-0.7290207,-8.823631
-0.06675853,-2.1579788,-0.2879441,0.03137465,0.19329295,1263.8008
-0.23724063,0.28136903,0.8586153,-0.28758594,-0.027831815,2.7217703
-0.8428337,0.6246458,-0.6421502,1.457983,-0.22257307,2659.0928
1.4007208,0.26636204,-0.9432021,-0.46144336,-0.35018912,-4.2915273
-1.0643603,-1.083249,-1.1679872,-0.80736345,-1.0795166,-13.844836
-1.2913969,-1.2290391,-1.2799165,-0.6706833,-1.1481265,-14.434905
0.975631,1.4114566,-1.2700408,0.12552871,-0.34844407,-0.83897287
0.035741203,1.1541797,-0.53267896,-0.051590607,-0.34360084,-0.20197056
0.42895293,-1.319574,0.8870858,-1.0776882,0.16452438,1125.145
-0.36716184,0.85762024,1.1647778,-1.3375499,-1.1168453,623.9514
-0.1656122,2.0273404,-0.998587,-4.3432803,-1.2712446,-21.723568
-1.3937112,-0.082541995,-0.5677004,-1.116211,-0.66281223,-811.619
0.75631845,0.9229303,-0.58680665,-0.26220456,-1.4527737,-6.832255
-0.56112117,2.3653944,-0.52017194,0.040300656,-0.032778174,3.8088412
0.6731747,1.5414182,-0.36544043,0.19848748,0.84355456,8.336733
0.7527528,-0.14249352,1.19023,-0.06396543,-1.484899,-846.5292
0.9059684,-1.579121,-0.38144183,1.3367538,0.8999611,1026.3682
-1.1700562,-2.2092812,1.3172194,0.6405055,-0.41124615,-757.74475
0.63074183,2.2516155,-0.9513336,0.7702492,0.3297263,7.7092505
0.6810669,1.1011992,0.41609138,-0.77622265,0.544489,4.412713
0.18282259,-0.34612355,0.30913714,0.17747976,-1.2786736,-4.3999724
0.6330335,-0.47037777,-0.91369575,-0.0055318777,-0.34237894,2169.803
0.9167313,0.31945086,0.32490724,0.48670125,0.25261936,6.3044877
-1.6302296,-0.36263567,-0.844981,0.847193,0.31754997,1.9484583
-1.0494316,-1.7652692,0.7492559,-0.922921,-0.3456219,2078.2998
1.0561441,0.41220027,-0.6533451,0.7449432,-0.12729296,2101.8313
1.7569735,-0.49443114,-0.26657996,-0.21566509,-1.2962618,1108.6833
1.3147421,-0.07648465,1.5571753,1.2170509,-0.3754056,9.931982
-1.330798,1.1583742,0.31052625,1.0471774,0.77104783,11.630408
0.8696445,-0.13026935,0.8200887,-0.74342185,0.22392434,1065.5767
1.625858,-0.37041643,-0.19188343,-1.080797,-1.0164471,1497.587
0.5853147,-0.7882032,-0.70280766,-0.88614714,0.15995477,-5.1973968
0.5230598,-0.38828155,0.797594,-1.0700209,0.38253298,656.4459
1.1398814,-0.032506626,2.0168226,-0.21545427,0.111413814,7.279029
-0.6778697,0.544958,0.29213986,0.73202515,-0.8580341,1427.4607
2.157786,-0.41694835,-1.4197806,0.34185085,0.9692939,3.2800174
-0.7607047,-0.6897869,-0.15394558,-0.834709,0.4196558,86.57476
-1.2590576,0.7860875,-0.6286876,0.9896361,0.624603,7.145324
1.4041406,0.46252444,-0.07254374,0.020761754,1.1551408,8.234833
-0.013334749,-0.5456428,0.6246848,0.47267342,-0.183878,102.77409
1.3105093,-0.26810288,-0.5978536,-1.9326944,0.7941687,-4.33834
-0.35247332,-0.032206256,-0.3723489,-0.0755263,0.6994161,2.7799237
-0.85772705,1.4631147,-0.27349824,0.5443238,-1.5029726,946.12604
-0.2991786,-1.1900344,0.43827823,0.6130783,-0.32163024,2581.152
-1.110344,-0.3931485,-0.48112726,-1.5076452,-1.644374,-16.092207
1.179734,-0.9657127,-0.4314328,1.4276611,0.33598438,5.716192
2.0186327,-0.76768184,-0.074175514,0.14156094,0.9310672,2197.104
0.786528,-1.126767,-1.063756,0.11632067,-0.921937,1666.3757
-1.0731244,-0.34453484,-0.60217196,-0.13255951,-0.93986905,2083.5676
0.4113369,1.3609165,-0.28169778,0.08924262,0.3759292,5.290913
-0.38385734,-0.2828604,-0.2661522,-0.96682423,0.5747151,-1.5768815
0.8821641,-1.0470172,1.9521422,-1.0900768,-1.0234709,-4.3242598
1.2882597,-0.17961475,0.70434654,-0.0720025,-0.11486715,100.96453
2.740119,0.5281482,-0.3325615,-0.66802245,-0.57763493,259.23297
-0.39432392,-1.0527303,-0.29668593,0.37295577,2.0872653,2570.5942
0.57392263,0.051156197,0.69849974,-0.09940544,-0.1594334,965.3262
1.6230445,1.6037244,-0.37167394,-0.493884,-0.71912426,2020.8464
0.04426524,0.8075276,-0.7230244,0.32975996,-0.7323777,281.05875
1.1044685,1.4342554,0.23506618,-1.0627288,-0.27265188,1927.097
0.4592733,-1.0122818,0.8135604,-1.487202,-0.18787403,-5.224843
-0.85289747,-0.0058971727,0.21787252,-0.059716627,-0.23011585,-0.18354791
-0.13834095,-1.5243464,2.6909804,-1.6717218,0.9192259,3.9006052
-0.43246698,0.34121338,-0.50883746,1.843831,-0.18814693,660.96295
-1.8241111,-0.22229885,0.38079143,-0.8576446,-0.2697929,1650.0663
-0.57748985,0.1592851,-0.02319415,1.6331058,-0.5952157,4.552471
0.28104886,0.11719703,0.82478696,0.33252478,-0.014747344,5.1313353
0.5505845,-1.1755245,0.81865466,0.34815508,1.0643821,1389.3232
-1.012806,-0.6531359,1.595849,-0.55854803,-1.5515873,1652.977
-0.65731525,-0.4604595,-0.05509711,0.8377777,-3.4156826,-404.67648
0.39195773,0.19199908,-0.9854269,-0.12634455,0.16447496,-1.0302254
0.070123605,-0.6639819,-2.0579278,0.28024167,0.7500661,645.8935
-0.589063,-0.27627665,0.8570444,-0.76267886,-0.6404567,2671.7048
-0.21977568,-0.45892224,-0.15395857,1.762432,-0.7654798,1085.922
-1.5919255,0.68101543,0.71140075,-0.21915646,1.1178359,255.65182
0.36495388,-0.95307827,-0.56365836,-0.13085233,-0.9865478,-7.753095
-0.5704071,0.082547374,-1.1490363,1.2572385,-0.8538488,590.231
-2.3000443,0.09730336,-0.068200424,-0.8644813,-0.69843715,-649.44824
0.14228259,0.35462427,0.47737345,0.20205486,-1.1539147,446.21283
-0.97308266,0.7091313,-0.8556702,-1.3235264,-0.32990554,2244.7656
-0.17044683,-0.08741108,0.972917,1.3247573,1.5188378,773.4812
0.52747107,0.7616113,1.414754,0.40733594,-0.06974626,1052.6294
0.8018198,-0.8905276,-0.71183944,1.1880606,0.14874792,2.9448671
-0.87144995,-0.6409918,-0.8904205,-0.042843122,0.38142508,2081.9856
0.6593991,1.3749439,-0.8349759,2.1346905,-0.5605897,-203.69722
-0.24417983,-0.70704085,-1.6030331,-0.9015345,0.058886733,-8.694019
-1.5159085,-0.20729095,-1.7892363,-1.1261879,-1.3575063,419.59555
-0.45243946,0.88264036,0.9546344,-1.2465383,-2.1167524,-377.98965
0.24235941,0.1931376,1.7574803,0.60421324,-1.1779641,3.424917
1.5812068,1.132482,-0.60632557,1.0394499,-0.9030562,476.73132
0.105806,-0.3957944,-0.7046136,-0.049188845,-0.21232508,-3.1101737
0.034033623,1.2822317,0.5799377,-0.3608227,0.3163393,5.5167065
-0.49711826,-0.36921027,1.6633899,0.7290868,-0.53178287,5.325531
0.38346267,-0.09902242,-0.85352767,0.09522029,-1.273542,1512.2113
-0.10370064,0.99018437,0.5307319,-1.2721692,0.76965827,696.2133
-1.2422527,-0.38700485,-1.9805266,-0.48812452,1.0784312,-2.9229636
-0.32757273,1.0480723,-1.5476736,-0.8400829,0.15451384,2637.2766
0.5186162,0.6634861,0.07791179,0.219795,-0.6219289,0.57443535
0.26845595,-0.66102475,2.504211,0.796358,-0.12345415,-9.744499
-1.153032,-3.6565764,-1.0615917,-1.4634435,-0.65763706,1619.2217
-0.31073752,-0.07729707,1.0576608,1.1933229,-0.5573556,1822.1218
0.14997898,0.1258448,1.2356889,-0.60058504,-0.46046865,0.26246557
1.2803369,-0.97224647,2.0582767,-1.0792388,-1.161729,-4.210386
0.24654078,1.8842326,0.40799227,0.29479766,0.2251308,8.388126
0.0062685204,-1.0834774,0.60096604,1.1668968,0.933537,2791.9287
0.92531836,-0.095076226,1.2990752,0.8564559,0.594595,11.537169
0.15201275,0.59275216,-1.8859264,-0.06831696,1.4694629,3.6249466
-0.37921742,-1.3348726,2.392622,1.0128491,-0.42119518,7.3167834
0.6725232,-0.5217969,-0.7295902,0.82383883,1.838753,2865.7336
1.2308753,-1.5919843,-0.17920618,-0.9329471,-0.122358054,816.42206
0.031688716,2.32111,0.1198612,2.18878,1.2378843,359.15628
-0.22107251,3.3692238,-0.09791177,-1.1005176,-0.351135,1.2115148
-0.14009641,0.23862554,-0.8658935,0.78834826,-1.7940077,-7.104626
-0.5594307,-1.8812251,0.24271019,0.46589968,0.138732,1710.4808
-0.11888274,0.7938559,-1.0629637,0.1926677,0.80505484,3097.7427
-0.5349696,1.3989525,-0.9348741,-0.4678273,-0.366618,-269.7497
0.012415424,-1.1000422,-0.28403956,1.7833878,-0.45886028,1065.6462
0.16100433,0.7779859,0.56912893,1.4112229,-0.122604825,1690.3766
-0.6417373,0.26256916,0.7261043,-0.60839534,-0.40913916,1747.4645
1.519852,-0.24823213,0.80916387,-1.0118711,0.9504774,1561.5314
0.034587674,0.66631943,0.052240808,1.0195303,0.086870626,-28.671648
1.1444857,-0.21480805,0.96674776,-1.2377636,-1.7756844,161.5788
-1.7793143,-0.13655958,0.28336716,0.34465942,-0.34301248,932.71954
1.5200082,0.48404834,-0.6818723,-1.1963048,1.1026897,2658.4126
-1.1916553,-1.4459511,-1.0475807,-0.7478171,-1.4966636,1881.7258
0.05526624,0.834363,1.6226501,-1.2287866,1.3233938,-696.6265
-0.7880477,0.79704463,0.22574586,-0.6882395,-0.4973056,-2.4659472
-0.033964653,-0.25910357,-2.0953486,-0.17579563,0.008245294,1078.5665
1.2685454,0.7929392,-0.002309345,-1.3121871,-1.0102078,1425.3182
0.54078954,-0.499372,0.32546005,-1.6513344,0.15868214,-4.6015487
0.40852967,1.1295389,1.1797918,0.5462142,-1.047204,4.0334783
-1.7749896,-0.24187905,-0.451427,0.4377788,0.1381207,-501.66858
-1.074716,0.39126003,0.12185188,0.33797553,1.2807707,2047.6849
-0.92419237,-0.13747911,0.56260765,-0.33976457,0.020362673,-806.3234
1.9340534,-0.091711015,-1.3901799,0.035649113,-0.19513907,1255.2825
-0.033315185,1.4071438,-0.58675456,1.3653235,0.9952187,-342.54355
-0.14553966,2.365222,-0.07924675,-2.5294285,0.1650166,-3.9130554
-0.75536436,0.057622805,0.246768,-0.21747547,1.5805721,8.518716
0.48834613,0.7402456,-0.6057033,0.0065989136,-1.5704653,-6.807368
0.8145207,-1.6312418,-0.44936037,0.48611024,-0.8532359,377.7816
0.009487016,-0.67291814,0.59318495,0.45273784,-0.14806706,1984.873
-0.3890413,-0.26912293,0.4008249,-0.621476,-0.6536393,-4.288247
1.470902,0.44806087,0.53424484,0.67179394,0.43995747,239.85733
-1.2785707,1.6701521,0.032903586,0.67501223,0.10801325,1604.5771
-1.2360519,1.2334042,1.0844193,-0.8159442,-0.8329919,2073.7466
0.69918394,0.81988466,-0.048769083,1.3396585,-0.83510166,4.0181537
0.099481076,-0.4959113,-1.2859563,0.32800755,0.6170473,0.5234849
-0.11731127,-0.9246286,-1.2855932,2.2855926,1.1479728,1898.4954
0.31535316,-0.1410863,0.055960346,-0.47647446,1.6896471,-395.25534
-0.966336,-0.17601852,2.7273617,-0.2777126,-0.064255826,1774.2562
1.9758705,0.7483368,-1.3236803,-0.10959091,0.43827936,1.3281456
-0.17690527,0.33430657,0.40120184,1.6608075,-0.079941995,9.034263
0.24061657,0.60125345,0.9392081,-0.8562506,-0.7833154,1211.5112
0.14857343,2.391252,-1.1822798,-0.69858074,-0.6118378,-713.41656
1.6216929,-1.051019,-1.8646235,2.7942712,-0.36264694,1264.3682
-0.90185684,0.5709337,-1.3895535,-0.8085839,-0.8632117,-10.083987
-1.1684204,-0.2509311,-0.47049809,0.19643705,-2.7730632,3137.7383
-1.2591413,0.7540075,-0.9232715,0.8532436,-0.56199133,516.62695
0.083196454,0.852439,0.37658086,0.21157429,0.77682936,8.653126
-0.009448375,-2.0962706,-0.4026084,1.2756101,0.4990522,3.228019
0.62300485,-1.4692354,0.52073634,-0.1518658,-0.8980854,2190.197
0.43832952,1.1070172,1.0269394,-0.2620521,-1.0681673,1588.2313
1.1500174,0.42471907,-0.42501178,0.9313213,-1.2540559,-1.3440974
-2.8049533,-1.4578325,0.3776952,1.1571085,1.0937437,365.4587
-0.15183,-1.7649579,1.032788,-0.037216388,0.18627965,1.2450906
0.26963985,-1.1064873,-0.77477473,-0.9151259,0.10356012,-6.6003222
0.057704974,-0.51677734,0.6052252,0.91043097,-0.013206688,966.9785
2.4906855,0.781823,-1.1200479,-0.103283376,-0.6777079,-3.326183
0.9179386,1.1423005,-0.31143975,-1.9876643,0.66125774,476.36798
0.1458886,-1.1372588,-1.3601226,0.15206105,1.4271775,2.414742
-0.6855718,0.60766256,0.74511206,-0.59616244,-0.22237378,833.9512
-0.10672499,0.5737986,-1.2976359,1.1786659,-1.8614863,1491.1261
-1.0041609,-1.0100747,0.6932818,0.6166156,2.2401803,14.217422
-1.3166027,-1.0798889,-0.31508845,-0.813181,0.97924423,-1.0691559
-0.8747451,0.7200659,0.533049,0.11654728,0.07577866,4.5265117
-0.96410817,0.8386578,0.47904852,0.5289432,-0.34995535,4.061286
-1.1547015,0.33287206,0.13946944,0.0017748461,-0.16562018,1818.3529
0.52069604,-1.4796412,-1.4558091,0.92976946,1.1346004,2052.1775
-0.35773793,0.21346697,-0.0064117536,0.2646104,-1.1102809,1883.7395
0.6792369,-0.706247,0.90421,0.046536267,1.350673,527.52155
0.18806595,-0.4257596,0.08468217,-0.221171,-0.9818842,938.51306
0.2795239,-0.9955828,0.16612291,-0.87209886,-0.5298728,-6.5237317
0.52875507,0.05603899,-1.0981838,1.1661966,0.40084678,4.6667542
-0.46972108,-0.062895946,0.14135212,0.3208538,0.032328688,2.5330467
-0.35396308,0.28350547,0.7538171,0.82891786,-0.52164954,4.368748
-1.7552779,-0.13089193,-0.1440139,0.22009137,0.20059565,1.2710279
-1.0468677,-0.14180161,0.9145262,0.35645655,-0.71995443,-439.78622
0.066951714,0.7780275,0.53912956,0.8890085,0.25878236,9.066685
0.48591077,-0.37325352,-0.35704994,-0.018260866,2.1971326,1872.037
0.07738292,0.25590158,-0.15056476,0.31785205,0.67254144,5.718922
-0.3629645,1.0754637,0.51209,0.601858,-0.07711712,6.5039754
-0.44786903,-0.053598482,0.40829453,-1.0017521,0.17031835,-1.2337463
-2.3324943,-0.30248398,0.58694166,0.497619,1.5629665,-62.62498
-1.6303366,1.6371895,-0.0016897705,0.28820956,-1.3206987,-2.0428247
0.03265044,0.13735063,0.64992416,0.66655594,1.0591364,11.129745
-0.85505646,-1.7109407,1.338168,0.8927961,0.8365455,1485.4458
0.48470443,-0.69565547,2.2658458,-0.5279293,-0.36426097,2.7331548
1.324704,-1.0899127,1.9952415,-0.4831768,-0.37828922,1.5462464
0.14695103,-0.63455623,0.32178253,-0.5403226,-0.59799546,-4.3368244
-1.1012913,-1.0297768,-0.53978765,-0.18047617,-0.63551074,-1840.4797
-1.6018776,-0.81120807,-0.029882973,0.4205209,-1.949168,1152.4795
0.36779338,-0.17692736,-0.4513919,-0.18906564,-1.2510147,1751.0792
2.0767205,1.9891121,-0.89371276,0.89033973,2.155826,1646.5894
0.21947621,0.9844859,0.047470048,0.16595311,1.2274488,1014.33966
0.17255294,0.5577916,0.7039604,0.7873314,0.5170286,10.056359
1.1295502,1.6164646,-0.23497215,0.14334533,-1.2559152,-1.5574378
0.93965,0.82161194,-1.2365096,0.0456094,-0.5833032,-3.3477676
0.88363093,-0.35243767,-0.16052657,-0.36685097,1.3673538,1138.0764
-0.4883892,-0.107682325,-0.2999543,-1.2771184,-0.12304151,-6.1207385
0.49852926,-0.2028432,-0.29727936,-0.36297458,0.21959634,-0.4704584
-1.1556594,-0.35038266,-0.43743128,-1.7961334,-0.2572214,608.27026
0.5940164,-0.4708552,0.7170326,-2.2825704,-0.6402664,-9.723303
-1.0626898,0.060408995,-0.45464438,-0.58424145,0.9015078,1.4198644
0.60612947,-0.6751207,0.45114246,0.7996785,0.6336991,590.81494
1.5697968,-0.68980706,0.32901683,0.83048815,-0.7218047,843.5597
0.44265842,0.44654053,0.17629604,1.1952888,-0.85879505,3.1363413
-1.0252934,-1.3365322,0.73878753,0.34908965,0.64892596,961.1066
-0.22879377,0.18093172,-1.2772845,0.97266656,0.6253488,338.45355
1.1062617,0.33785692,0.20010886,-0.47378358,-0.70512867,1040.4489
-0.8185729,0.6828787,-0.5539892,1.0106268,1.1666437,10.112233
-1.5176467,-0.10786709,1.4481367,-0.06454799,2.027375,1987.4072
-0.7958548,1.494586,-0.006683995,0.046506464,-0.5498353,1.0106636
-1.3242782,-0.3065183,0.56931055,-0.47760242,-1.1979936,2040.6919
-0.42714742,-1.5689256,1.4481405,-0.118828215,0.61742026,1021.61426
-0.6671097,-0.66796386,-1.3742005,0.96987784,1.6709214,1707.5415
1.1387715,-1.6691442,-0.3486956,-0.7382965,-0.05267391,1678.7144
0.24186902,-2.1037068,0.5354928,2.2819157,0.55921376,728.9896
1.1789764,-0.43385085,0.30379245,1.0047225,0.2702749,6.8999815
0.38072115,0.27135092,-0.39991528,0.07465982,-0.19068228,-0.14605787
-2.1694298,-0.693017,-0.45710942,0.9002082,-0.15394217,0.050142743
-0.36532673,-0.977581,-0.16296421,0.35063565,-0.9446406,2109.8652
0.68870217,1.6694695,0.12230258,-1.8313763,-1.1036736,1514.9512
0.19301663,-0.8427706,-0.47769913,1.61487,0.744208,8.070459
0.4676469,0.34371904,0.6474468,0.35746077,0.2431752,976.3658
1.7646353,-1.2207204,-0.9905586,-0.62305653,-0.52177656,-8.5870075
-0.97316515,-0.09683703,-0.52411664,-0.66587275,-1.1255695,3211.8357
-0.31002265,0.012697319,0.76534635,-0.023136262,-0.5023774,1608.8158
-1.9528114,-0.3264808,0.33565924,-0.33236665,0.9156016,184.9024
0.57057536,-0.42782345,-0.16233855,-0.72299045,-0.008702949,1575.4775
2.2654378,-0.5406084,1.2762147,0.8370676,1.1454946,-389.2168
1.7535641,-2.5398345,0.36859444,0.69021356,1.9875519,-1252.3063
-1.0210394,-1.508041,0.02603932,-0.5814447,1.2263949,625.7628
-0.013371499,-0.14857006,-0.14455266,-0.83742756,0.8867614,723.868
1.1846553,0.9184529,0.79113907,1.1974816,1.9889563,20.498037
2.6552944,-0.6121745,-0.36533156,0.2820803,-1.9934654,-8.815991
-0.09641057,1.5910946,-0.73894703,1.2629942,-0.39143524,2058.1995
-0.342141,-0.18481761,-1.7143054,0.2629776,-1.2148049,2432.1304
1.3727473,-0.14658405,0.35408995,-0.08025966,0.79664683,6.214982
-1.1118103,1.6994407,-1.4601818,0.77363783,-0.9256684,2449.794
-2.3006582,0.7181772,-0.75006443,-0.58522063,-0.65247166,-6.660774
0.4161007,-0.12119612,-1.0830138,-1.6143988,2.2342553,2.3997128
0.012334318,-0.4047688,2.0594614,0.5953043,-0.6005247,2149.712
0.16652586,1.2073536,0.79160523,0.22132707,0.353037,1173.358
0.09411203,1.0285008,-0.23784801,-0.88085306,2.0286427,1489.0098
-0.37073737,1.3488197,1.8399094,-0.5424573,-0.81511885,2.7292726
-0.2593156,-0.07598397,-0.2985018,-0.26571622,0.8000978,429.1908
0.8884611,-0.95555013,0.26471525,-0.38196903,-2.10599,-11.658069
-2.5007644,0.5070831,-1.6394879,-0.073238924,-0.8574821,2319.7937
0.60749865,-0.5344809,-2.3494656,1.7227622,0.9182988,4.6785097
0.8978942,0.39927506,0.43440238,-0.55805355,-0.5089914,392.67023
0.30472082,-0.014261123,0.97938454,0.48240393,-0.59753406,2.973552
0.25198677,-0.732011,0.25075474,-0.21652319,-1.6867831,-454.9955
-0.04582837,-0.46259406,-0.98589295,0.11967368,-0.43869913,-4.643346
1.2939416,2.1249523,0.25546664,-1.1266708,-0.4184781,-0.0014382228
-1.8685242,-0.6044712,1.4029545,-0.98211974,-1.465237,-8.238473
0.22278926,-1.929685,-0.19978462,0.54132485,0.38577268,0.8224939
-1.3981227,0.29952195,-0.60483325,-2.4350567,-0.36003911,-450.62814
0.106326945,-0.39681563,0.16060734,-0.20386949,1.4760189,7.2907157
0.84918594,1.0742427,0.19575287,-0.17048901,0.8202835,321.7651
0.7875852,0.99765915,-0.01737511,2.0727637,-1.2771375,545.8624
-1.4170597,-1.9310768,-1.7452327,0.756494,-1.1265687,-11.403471
0.14994062,-1.919888,1.2230248,-1.0359707,1.498482,4.160585
-0.11283069,-0.7499166,-0.15231158,-1.0392241,1.0314333,-0.11869126
0.013606374,-1.5282449,2.0865755,-1.2859772,1.0513139,4.2800293
-0.4073047,-1.0949806,0.6776846,1.2167573,0.11275294,274.40146
0.29936197,-0.3710523,-0.31226757,-2.428914,-0.32850522,-12.024777
0.94881845,-0.80442834,-0.53725064,1.3264258,1.2500021,9.768978
-0.86938727,-0.6642759,-0.69204134,0.33674452,-0.69992423,-5.032221
-0.20122689,1.5954024,0.67521894,-0.5500376,-0.13316707,3.1841888
0.25421047,-0.2944546,-1.8219013,-1.5371764,-1.3767968,2100.0615
-1.138205,0.41449594,0.1681732,-0.12230793,-0.26775867,-259.2969
-0.30980766,-2.4048343,0.4117713,-1.3210602,1.2585181,2969.08
0.62152934,-2.5065842,0.3164031,-1.0105429,-0.95093596,1791.6722
-1.9735184,0.15509753,0.21998642,-1.1822678,0.12456941,1113.0009
-1.16363,-0.5771821,-1.4072685,0.79723346,-1.5432354,-342.91238
0.4793422,-0.75682133,1.011625,0.30615664,1.7841334,12.865743
-1.7537473,-0.21372862,1.2925216,-0.5698249,-1.7116538,-7.339082
1.423613,0.043367926,0.31256345,0.7702475,-1.2430508,-583.60175
-0.13422577,0.43999395,0.36954194,-0.38560414,0.6969758,1469.7451
-0.3400343,-0.09914221,-1.0949107,-0.9193742,0.23661058,2256.3516
-1.8181514,-1.8235668,0.042322088,0.36666423,1.9396964,1062.6266
0.5941009,-0.6042384,-0.24368462,1.3136693,-0.33587182,2601.6157
-1.3251795,-1.5161453,-1.7110883,0.08356189,1.9464434,958.16327
1.4384135,0.42158347,-0.20076275,1.8755157,0.21295469,1759.4904
0.31238875,-0.6393566,-0.4870684,-0.11329439,-0.17687635,-2.9417007
-0.13637131,-0.7324996,-0.59768474,-0.9985954,1.486925,1.1254133
-1.4880794,0.58538085,0.6121547,0.50951177,-0.26779294,-895.7689
-0.7123019,0.09704688,0.76963824,0.7010148,0.4662671,801.4044
-0.30304837,-1.9523761,1.0419543,-0.805932,-0.9970685,964.4962
0.939321,1.0179216,-0.3418436,1.1637362,2.1077871,1261.3191
0.34458408,1.2315245,0.6800089,0.7360588,-0.6431309,5.3537736
1.0491811,-0.24215801,-1.23655,0.04674023,-2.1404006,1798.8911
1.2860821,-1.2888254,0.59172285,0.16557701,-0.96108264,-3.3232117
0.5592164,-0.55132145,1.8650304,-0.28260928,0.693998,1447.8616
-0.36225712,-0.3274017,0.16742025,-1.4119755,0.8932616,852.58514
-1.1226329,0.6821105,-0.1909479,0.8736766,0.8481721,9.012108
1.1675159,-0.5079023,0.6078985,0.26736414,-0.32309029,265.5288
-1.6819644,0.8467595,1.3855065,-0.15814003,-0.2571622,4.0564184
-0.68969434,-0.46610332,-0.31743643,1.0579169,0.3970894,4.8998
-1.3905395,-1.08788,-0.72003895,1.3549994,-0.039241627,1.2449572
0.75178134,0.017307216,0.8482497,-0.6143384,1.1260732,7.0916653
-0.17025243,-1.5017095,0.28641734,0.22048232,0.54643315,2.3622515
1.4916652,0.20040001,1.2908729,0.84795237,-0.39639682,2158.167
-1.8267806,-1.4160168,0.14974152,0.34101194,-0.3492861,1086.4066
-0.024264771,0.37576184,0.63583726,1.370478,-1.261834,1978.9
0.07026191,-0.18960504,0.8631937,0.46636927,1.377446,12.065099
-0.93597406,-0.6005359,-0.04335015,1.8587034,-0.49162304,4.12987
-0.2646369,-0.0745545,-0.86908025,0.93068427,-0.62327087,-1.2547464
2.0800977,0.1853852,-2.1981645,-1.2153286,-0.5887101,-11.927833
-0.8729689,0.23459384,-0.37568104,2.4205754,0.07549012,-159.94981
-0.62304044,0.41572323,-0.090908535,1.4380856,0.22768554,8.143548
1.190003,-2.1089437,-0.1915764,-0.76696455,0.5331032,-3.6182873
0.8573296,-1.1486633,-1.0286669,-0.44095823,-0.052108247,628.7986
0.05749948,2.7933362,-1.2275416,-0.25487223,-0.63400507,1871.6019
-0.9100528,0.8150063,2.3480992,-1.8492877,0.9428547,6.566552
-1.230108,0.87404984,-1.565807,2.2909322,-0.22110753,5.4724445
1.2829468,-0.7319281,2.4750009,-0.0029779957,-0.33515963,-349.84445
1.7715715,1.9126006,-2.0718832,-2.1519837,-0.12760057,648.0405
-0.21895511,0.20630664,1.1938158,0.071480505,1.748921,2033.4819
-0.97087055,1.5865347,-1.2022225,-1.1384374,0.70739615,1441.4532
-0.3140608,0.22590987,0.7801955,1.4509753,1.2054147,15.503979
0.13137135,-0.5275818,-0.378319,0.6755725,-0.4405724,1284.8914
-0.47594005,-0.33931342,-1.4217521,0.22554083,-1.4826466,527.44257
-0.72264594,1.1006147,0.03250897,-0.77824956,-1.4635928,1052.7239
-0.09832968,0.5794058,-0.09238031,-0.22506616,-0.4009344,-1.065545
-1.3723702,-1.9283018,1.1234626,-0.71756804,-2.0264988,-13.167096
-0.0666472,-0.6010723,1.1928744,-0.36708793,-0.9538551,-2.854479
0.6957762,1.0944974,-0.5080458,-0.4711075,1.8113859,1409.6941
0.12807265,1.0590875,-0.29481685,1.1039923,-2.4653516,1470.0012
-0.4592907,0.10890277,-0.79559195,-2.9031367,0.5507908,1536.4828
-0.17038724,-1.9766561,1.6724747,1.0706863,0.18059172,-1020.77783
0.11786382,-0.29599196,-0.6328284,0.0007741264,-0.8842458,-5.84421
-1.5354846,1.095958,-0.76134247,0.2701525,-0.90297765,1283.7544
-0.97978264,1.2802234,-0.4681722,-1.1164142,-0.45857576,1189.5173
-1.223892,-0.03588745,1.3562438,0.4419484,1.2784905,-769.435
-0.48607847,-0.6421099,1.4706715,-2.4204698,0.31982568,-4.1675787
-1.2325809,-1.8318424,-1.435136,-1.1898776,-1.3962425,-19.37796
-0.100770235,0.74063146,-0.5481035,0.5907421,1.1550888,8.881371
-1.8458098,-1.1924001,0.23320651,0.7447932,-1.6170555,-6.7959995
0.38794798,0.112785466,-0.0014004814,0.9467035,-0.8354709,721.97595
0.828436,1.3258384,0.9079777,1.0772914,-1.4078704,4.0639343
1.1125981,0.48340353,0.31684476,-0.81780225,1.8118316,9.30087
-0.973388,1.880445,-0.088585,-1.6064007,-0.32379296,-3.9902928
-0.5530305,0.31826317,-0.18943442,-0.7274711,0.28851768,-0.65132105
-0.88064677,-0.7283166,-0.44010732,0.66414547,1.3944906,1130.0317
-0.52545935,0.50362784,-0.18899044,-0.82296675,0.6407598,1.1299808
-1.6011734,-1.4132566,-0.11044199,-1.236343,0.46548715,-92.567276
0.048028257,0.2607161,1.1389524,-1.0823671,-1.0324554,2191.1372
0.51048845,-0.561985,0.13631812,-0.6406281,-1.0692514,-7.4401298
-0.11727099,0.04344145,-0.56309724,-2.0348155,-1.7681696,-304.13086
0.57055354,1.668684,-0.8881844,0.4668214,-0.60424876,1627.162
-0.40638968,-0.1385658,-0.08421523,1.377068,0.43200594,1264.9784
-0.5110048,-1.1280599,-1.3883729,-0.0072801835,-1.2156277,-11.743207
-0.51518494,-0.84478915,1.1842026,0.10054394,-0.57457346,0.17258124
0.10994588,-0.11118957,-0.51257783,0.6285729,0.036695193,967.0339
0.092922546,0.66493416,1.6473172,-0.95139664,-2.3191092,1844.4275
0.17857444,0.058232773,1.0344123,-0.14317647,-0.36068237,203.39383
-1.1942297,0.30416492,-0.4627297,0.435696,0.4720955,224.4107
-1.343983,0.57539433,-0.57743245,-1.3592227,-1.3901352,351.12796
-0.6401124,-1.2309471,0.611593,-1.1174245,-1.568748,2707.7344
-1.1972296,-1.3813487,-0.62456715,0.6300071,0.975821,3.2206888
-0.6462266,1.7625875,0.94564027,-0.34231144,0.0178235,1263.5741
-2.193906,-0.3019983,-0.5616945,-0.750633,-1.4891511,-12.908384
-1.0708587,0.01993479,0.51056707,-1.2336055,0.15473136,-2.113548
-1.4411874,-0.89504087,-1.2417513,2.0708623,-0.6823893,-0.4248762
-1.2487309,-0.83877385,-0.11663651,-0.103040405,-1.2645483,1841.1523
-0.34377816,0.05939904,0.48138842,-1.5856324,0.6201182,-0.9166889
2.1916473,0.26060548,-0.9805784,-1.1192044,-0.065170735,254.72914
-0.44718072,-0.9683374,-0.112221904,-1.4824271,0.6634812,-4.1358747
-0.7855693,-1.2072465,1.3945507,0.2553875,1.1825812,386.59296
-0.27042526,-0.8837617,0.93500936,0.094310015,0.34067738,1109.6447
0.6713515,-1.2347599,-0.03476346,0.99133,1.2010772,1024.0922
2.1137109,0.6070109,-0.8469271,-0.5467507,-0.08779155,2357.1975
-2.4449868,0.36711165,-0.12220684,0.019668868,0.63497233,3.3898659
0.7348752,-0.106042944,0.04820154,-1.8014594,-0.7515043,1985.7601
-1.6172158,-0.7234285,0.8426226,-1.9959096,0.33232278,-4.996293
0.7624697,-0.6613576,0.68217355,0.49170497,-1.6643332,-4.2745275
-0.5930723,0.84642076,-0.35550877,0.049547374,-1.7247303,851.4389
0.33324423,0.11712699,-0.45966214,-0.17272088,0.06713461,-0.26054555
-1.4173117,-1.1145018,-0.74697226,2.3901289,-0.4566906,2096.622
-0.31216344,0.9012469,-2.3242993,-0.070693515,-0.6203099,-7.7339716
0.52383476,-1.0240228,0.92615646,0.9025568,1.3256178,12.199348
-1.9959031,-0.392613,0.69205135,1.2909894,1.5170983,14.068017
-0.6112962,-0.4107395,-0.980644,1.0298688,1.5940453,9.06101
-0.9490428,-0.18579936,0.1540989,-0.2232175,-0.5979017,-3.2264526
0.24472582,1.820673,1.8402897,-0.8677585,0.3667193,8.608118
-0.61231726,0.82633185,-0.6547196,-0.0063477266,-1.1336215,-5.3061857
-0.020667257,0.69209146,0.06399379,1.2417705,-2.4217567,1012.4533
1.4637191,-0.46628588,0.8066316,-0.23600881,0.09855556,2268.7551
0.7669066,0.15146555,0.53141433,-1.9273709,2.177016,-30.490658
-0.936805,-0.45262858,-1.9109999,-0.82317096,1.0600948,-133.92644
-0.11472293,0.1035709,-2.0591853,-0.3345691,0.27277267,-4.9784536
-0.27666494,0.6830566,0.037355743,0.8759956,0.09315784,543.6815
-0.112042196,-1.5644205,0.8135902,-0.2849373,0.6929724,2.566845
1.2381915,-0.2803032,-0.6559148,0.6352053,0.6083984,1796.8882
0.22971958,0.5546074,0.69299436,0.7929821,-0.02240928,7.3663507
-0.5841242,-0.763391,0.6174518,0.70492655,-0.9843675,1887.4313
-0.35475603,0.6025774,0.19245426,-1.0211921,0.42884758,0.6542493
-0.9467454,-0.38319165,-0.0658596,-0.48070675,-1.4412957,-9.52553
-0.6046729,-1.4324846,-1.5409994,1.5445688,-0.82540727,1236.2344
-0.45499426,-1.7793097,0.80610716,-0.67030764,-0.8710036,-7.3960543
-0.84529495,-0.3495686,0.4011364,0.95847934,-0.9110353,-186.10762
-1.6042838,-1.8512634,-0.7168642,-0.4605611,1.6115706,0.49273401
-1.0844618,0.08686207,0.100952074,-0.16580716,-1.3249936,-27.081429
0.29766056,0.5626051,-0.442805,-1.1326706,-1.6819464,1925.5547
2.005285,1.248109,-2.0877388,0.9321682,0.94089884,6.6632304
0.64335257,0.3238572,0.6354217,0.14803755,1.3572943,2404.7075
0.9080893,-1.6785201,-0.8107382,0.16305867,-0.11698267,-4.2312407
-2.2921085,-0.0031356555,0.026307551,-0.69215983,-0.68933564,695.6983
0.6506535,-0.28867152,1.2978387,-2.7587745,-0.9068347,-10.9235325
1.3870859,0.20072128,0.2548323,-0.43550855,-0.58061475,-1.7317393
1.2002997,-0.30888146,0.010186017,-0.58687305,0.7003954,2.20747
0.41707173,1.3256731,-0.07434715,0.7317063,-0.4712465,4.178324
-0.30955434,0.45443317,0.07590357,-0.5718329,-0.8120106,-4.3781557
0.46130404,-1.1279379,-0.4449188,-0.6588606,-0.84582525,678.68677
1.3644985,-0.8868702,-0.31032956,0.9474678,0.2845086,4.2077694
0.6284369,0.07089903,-1.5035712,0.72035486,0.24068047,0.93183714
-2.0017154,0.028926697,-1.4628787,-1.1696131,0.319873,1237.3917
0.2600419,-1.5953361,-0.23821348,1.4578719,-0.26851174,1.7254483
1.2005123,-0.46573675,-1.4813044,-0.4507994,1.6997569,528.7266
0.6000626,0.6024147,-1.1338193,-0.9266042,-1.5225252,136.83345
-0.5396894,0.0046957624,0.42586914,-1.418237,-0.34265214,-5.365382
0.2140648,-0.20643453,1.2862755,0.54542285,-0.8682922,2.3031263
-0.87568295,1.0127484,0.378306,0.3727818,-1.1116903,203.99467
0.3008135,-0.5654195,-1.3105745,0.13861786,1.57552,3212.2126
0.64444053,1.7753732,-0.026123896,-0.0071307356,-2.0063078,-5.2765894
0.28835365,1.4012482,-0.034150362,2.082283,-0.16318768,11.39011
0.4845358,2.342186,0.09264775,0.45441443,-0.12080264,868.81525
0.014564644,2.0580175,0.4831996,-0.16194557,-0.30418193,2232.994
-0.8517389,-0.17940444,1.0283611,0.6904715,-0.18971968,5.184118
0.19651434,-0.44996354,-1.0391425,0.60425776,-1.8057401,425.99582
1.1751343,-1.6925406,0.33266702,1.2336264,0.00349947,4.2624755
2.3515189,1.2396282,-0.32530677,-0.70378006,0.4946423,3.3094878
0.82624924,0.016288828,-1.0205761,-1.0108387,-0.2573037,-6.941246
-0.0205569,-0.9370233,-0.26646486,-0.09911532,0.5037668,0.4122174
-0.057619497,-0.9550647,-1.000346,0.45449537,0.3014144,-0.62217927
0.30414438,-1.1160215,-0.04102591,1.2611563,-2.331048,-7.8165274
0.5412523,0.8569513,-0.29273376,0.7973189,-0.8424931,334.29004
1.4773662,-1.386029,-0.7176313,0.9559204,-0.60288656,-2.3969638
0.52138746,-0.08325125,-0.6778633,-0.24053001,1.7528368,2020.4556
1.125791,0.8677376,0.5927911,-2.7402842,0.47037482,-28.103365
0.9682565,-0.8010444,0.36114907,-0.3897148,-0.017047778,1425.892
-0.75058895,0.060694274,2.350089,0.47079194,-1.426353,2.6839693
1.6369576,0.2579294,-2.6956584,-0.5795628,-0.82540196,-872.42664
-1.3543217,-1.1915349,0.80213886,-0.30409265,1.6095126,7.156706
-1.2469904,-1.1776206,0.7078195,1.4605156,-0.22912832,1073.3308
0.14796168,0.18183418,0.70658916,0.60912555,-1.0709888,0.610598
-0.013982814,-0.45310545,1.7883805,-2.2045586,0.21450818,875.90204
-1.8484615,-2.015419,1.8672546,-2.1526337,0.9879963,1989.4374
1.1887844,0.61891097,0.385655,0.89134556,1.4268322,1900.2177
0.08196859,0.53571105,-0.5748316,1.0954523,1.2052535,102.2066
3.1284685,0.14447562,-0.10084556,1.1107907,0.21118762,7.9914103
1.0447898,-2.1256425,0.64270467,-0.36207372,0.33885697,-0.5507073
0.19543673,-0.6206165,-0.99826944,-0.9097519,-0.1677532,-7.628832
-1.5356274,0.5472401,1.5221206,-1.1876118,0.62905055,4.2518616
1.6523836,-0.13183995,-0.38646808,1.536146,-0.19936682,1908.7362
-1.5987515,0.8834934,-0.8810877,-1.1657099,1.4948418,-1032.7109
0.5521536,-0.6105038,-1.8684869,0.49018365,-0.33987665,2016.1938
-0.0450888,2.0781283,-0.053891566,1.7639282,0.9822601,17.067465
-2.0721421,0.14779203,-0.3922705,0.33301887,1.259149,6.6594486
-0.64392644,1.6254035,0.24423194,0.38889602,0.9227776,941.7516
-0.9177305,-1.7954488,0.8288594,-1.0615957,-2.11867,2210.9255
-0.75066453,-0.10497974,0.112605125,0.77783847,-1.9904948,1025.1222
0.46233606,1.3952651,0.5545365,-1.9544442,-0.63532573,1567.419
-1.6645428,1.6117717,-0.19725245,-0.3108798,0.77037024,5.3443294
0.26877213,-0.26445693,-0.22908041,0.31200242,1.8294059,38.98187
1.5294063,0.17152421,-1.1119753,0.056206495,-0.4543239,-3.2671506
-0.838259,0.4576292,-0.06953535,0.98098564,0.6990642,8.689201
0.08156653,0.6862074,-1.1216713,1.1342005,-0.124178626,2373.028
-0.5260786,0.16640005,0.27434897,-1.1948037,1.1658126,2.9364007
0.4843619,-0.23535019,1.5542688,-0.26740167,0.6941362,7.7976284
0.19369043,0.53612506,0.680507,2.747806,0.800282,467.33112
0.0127688,-1.2556947,2.2092009,0.23894632,1.7507976,14.857083
-0.28920642,-0.048262354,0.006205285,1.4058269,1.6038282,14.499391
1.2734367,0.79190695,-0.5022219,-0.3069812,-0.39670604,-1.4659283
0.71061194,0.28060254,1.0372472,0.74313354,-0.26834422,2425.9736
-0.49936885,0.1674426,0.69853467,-0.18046702,-0.5451861,59.490845
1.085749,-0.88682616,-1.4260556,-0.651912,-0.38102612,1354.6187
1.629583,-0.011418137,0.787844,0.42322284,-1.376946,-1.0577879
0.28383556,0.21371591,-0.0966592,0.47073993,0.75031155,6.9873023
-0.97392577,-1.8718174,-1.5650392,-0.3160693,0.57849395,1896.277
0.97326,-1.6765368,0.41968146,0.21357614,2.4211628,743.019
0.12487497,0.841985,-0.074868925,-0.058049925,-0.2707454,0.97595453
-0.100688435,1.7044058,-1.6076282,-0.90431166,-1.7283311,-12.776743
0.844268,-0.32725444,-0.27123368,0.1254025,0.22642335,715.07544
0.8648403,0.56919813,1.2614695,0.6900144,-0.23138109,7.9658513
-0.0829137,-2.0218494,-0.49294108,0.085610025,0.6365095,457.2695
0.8602753,0.49078342,-0.6217695,-0.08738208,-0.5662169,-2.5259228
0.35346305,1.000137,-0.32329032,-0.30648685,-0.54146266,-1.7608706
-2.3430364,-0.27991587,-0.047651403,-0.50930893,1.5774757,4.9781156
-0.2328033,1.3516891,0.7008246,-1.4274294,0.86895776,4.4224634
-1.4292117,-1.9204812,-0.3406337,-0.68885154,0.88140285,-2.9477437
0.18027097,-0.6488816,-0.975061,1.8415713,1.7636392,978.1083
2.1028621,0.656655,-0.06885578,1.5169286,-1.3869743,2.4251254
0.29449847,-1.5190153,0.43998492,1.2778842,1.94579,1034.235
-0.16613302,1.2488658,-1.9487138,-0.08345636,-1.0705379,-8.124245
0.5826322,1.9297782,0.6836881,-0.0062294183,-0.0831674,1076.5736
-0.057060514,-0.7512684,-0.6301846,0.6442513,-0.55184567,-456.55716
0.047550146,0.027400067,-0.12276638,1.4230778,2.5252295,-1731.2317
-2.0001028,-0.47247002,-1.8547429,-0.32807076,2.1087098,1412.2968
-1.1692103,-0.6431565,1.6696892,0.16702688,0.115619056,788.53564
-0.5393103,0.47253767,-0.23833829,0.65915525,-0.5154618,1196.9209
1.0980062,-0.31497315,1.5454463,0.92883486,-0.03436072,4160.76
1.1495342,-1.9022304,1.3651537,-1.4351718,0.4604575,390.50323
-1.8190137,1.0890905,0.43350074,1.1445684,0.44021884,10.345302
-0.561367,0.3930101,0.29980308,-0.39221817,0.6228161,1613.9678
0.14439906,1.5691906,1.0172001,-0.43709463,0.011708946,5.551778
-0.09932056,-0.9993778,0.92678416,0.6610347,-1.890535,1734.5688
0.9923005,0.30742905,1.5329477,-1.6536076,-0.36701432,310.84418
2.871752,-0.93917817,1.6414163,-0.70865846,1.9353367,-94.18858
0.89931804,0.12623017,-1.8454319,-1.6707381,-0.8053206,-52.875988
-0.495534,-0.7667447,1.6055422,1.7943301,0.38917863,13.085209
-1.577169,0.48039234,-0.7061234,-0.47177824,0.9081898,1.7279637
2.157083,0.47652426,-0.66050977,0.7174768,-1.8863378,-5.4843717
-1.73253,0.313064,-0.38948366,0.99106634,0.15281439,4.38938
-0.8538554,-1.8173616,-1.5001037,0.19342694,2.1714916,4.0535293
-1.0501033,1.1513774,-0.48810193,1.8104208,-1.0376513,3.3797746
-0.39055747,0.1262597,-0.48874432,0.21404624,-0.3991008,974.1265
-0.69245195,-1.5328139,-1.3741387,0.4452144,0.9135714,1086.6746
1.0061715,-1.4019462,2.0135012,-0.49293554,-0.6896399,-0.6659925
-0.78395605,1.2167019,-1.7364265,0.82737875,1.1654601,1631.7301
0.0053645116,1.2918944,-0.12189016,0.39361963,1.6592525,596.19904
0.21468286,0.15216385,-0.456107,-0.8450246,0.15920238,-2.4916387
0.41178963,0.9084391,-1.0056674,0.50472367,-1.6997379,-6.4107003
-0.4020063,-0.09619472,-1.6018727,-0.13613123,1.0127306,0.40805396
2.4990897,-0.43599555,-0.07803427,1.3174562,0.5855907,9.385126
-0.40567994,1.2637697,-1.9048967,-0.51598275,-0.6056966,-7.557945
2.8187768,-1.9146707,-0.24996097,0.36703584,-0.45205277,-2.9768636
-1.3767257,-0.20153703,-1.5644625,-0.386692,-1.7929901,-15.36266
-1.4528145,0.14861862,0.41377732,0.52331555,-1.1222823,-192.3189
0.34251016,-2.4820557,-2.4411094,-1.1632262,1.0798736,1359.1534
1.4227903,0.11887433,-0.64653987,0.81653595,0.68631953,6.707723
0.81017077,-1.7272787,-0.5307432,0.7704282,-0.8054988,-4.500142
-1.1353891,-1.2767311,2.5741045,1.012534,-0.22830439,8.495254
-0.6924433,0.46949604,0.62008834,-0.96235347,0.3193537,1858.7703
0.8433694,1.1314727,-0.4628443,0.49686795,-0.0482536,2765.381
1.6662829,-0.4964119,-0.19216055,-1.4823637,-1.6359724,-13.752757
1.0416031,0.97183377,0.2152415,1.0348428,1.0343401,13.432686
-0.9088078,0.34164742,-0.15515657,-0.3235625,1.7236409,8.075773
0.31304425,0.9200912,1.2245888,-0.96033,-0.67342764,-0.5248016
-0.952848,0.1688316,0.0145676285,0.91745657,1.2883728,11.062637
-2.6353776,0.6469831,0.86320376,1.1476508,-0.4945141,5.6819344
-0.49044812,0.22729383,0.7410345,0.9583403,-0.9652917,2.5441918
-3.8100276,-1.2897478,0.5506968,1.3026078,0.9183474,486.848
0.0899054,-0.31778342,0.754878,1.744023,0.13172677,10.253654
-0.16183892,-1.3398981,-1.5577832,-1.7079135,-0.31064025,2924.6511
-1.2750188,-0.21934813,0.9973622,-2.201425,2.3291883,300.29175
-0.06929618,0.58981395,-0.50470036,-0.17099679,0.5620141,-554.4295
-1.9703736,0.085738994,-0.8094923,-0.55453527,-1.067974,1735.5752
-0.15079665,-2.0427554,-2.7204273,-0.42366445,-0.54904014,1396.9648
0.4781411,0.64935875,-1.2251817,-1.9213291,1.1630421,2443.1543
1.4568198,-0.042451277,-1.3816457,1.5044191,0.079096004,3.878724
-0.23391457,-0.465903,-0.20463143,0.47426945,0.509062,3.7887223
0.5887057,1.3361772,1.6043773,1.6005299,-0.68818355,1575.496
0.040151324,-0.2532561,-0.21649425,-0.29157704,-1.4606197,2777.5417
0.5286235,-0.8039239,-0.55479413,-0.016920328,1.2737426,-523.3174
-0.86566806,-0.7005156,1.0212929,0.11496945,-0.15696667,198.49254
-1.1506182,-0.71074826,-2.0880957,1.7236407,1.1974345,2651.325
0.062481306,0.33069083,0.77116287,0.6897756,-0.23608963,5.5991497
-0.6275179,0.2063783,0.59085876,0.16140258,0.7836397,1508.819
0.4839404,0.01167414,0.759268,0.36645192,-1.5672112,-2.838677
-0.15403396,-1.3179202,-0.3726693,-0.84409964,0.6614505,319.10822
0.34267786,0.8338512,-1.5763999,2.3022454,1.3632197,14.110533
0.1349315,0.70683914,0.48512387,1.0095307,2.1976225,18.97865
-1.2034824,-0.44377485,2.184138,-1.6137451,0.11608127,0.22538526
-0.75267434,-2.0923157,-1.0228617,-1.3568916,0.4485231,-32.72997
-1.1616255,-1.290844,-0.7491602,-0.76680803,-1.4660103,-362.00742
-0.71949327,-0.5175116,0.55630106,-0.40656012,-1.8303918,-9.585399
1.1503433,-0.41278794,0.039536014,-0.20165795,-1.0461837,-5.101879
-0.028522478,1.3179678,0.003053935,1.5815188,1.084343,1310.2675
0.022013407,0.4063783,0.56978846,2.1382375,0.49659073,892.11786
-0.89187527,0.34541696,-1.475673,-1.1798627,-0.30720654,886.218
0.9770352,-0.7706969,1.3510576,-0.15446912,0.39143887,87.989494
0.43304926,-1.2225835,-1.8195689,-0.5636278,0.18299423,-7.935924
-0.13725264,-0.47729197,0.13253045,0.914928,1.034224,9.274471
-0.28234863,1.6173402,-0.055344984,0.83230907,-2.2363586,491.45282
-2.7157886,0.12298297,0.40364325,-1.2073199,2.0812266,1292.2477
-1.3708358,-2.5930624,0.6521862,-0.2781894,-1.4685888,509.923
0.42980233,0.094932646,-1.5557656,-2.2120998,0.5786959,-9.151793
-0.9513299,-0.6826635,-0.4596565,-0.7468346,-0.53040713,-7.8386106
0.23710443,0.6869372,-1.0797095,-0.4772199,0.18840022,-1.6759058
0.19564232,-0.45791155,-0.002508632,1.1360606,0.40708333,594.70605
1.0130111,-0.9121657,0.02632058,-1.3905668,-0.4176276,-7.85456
0.49726373,0.6175583,-2.0478296,0.9123509,0.9909483,4.8233895
-0.02881144,1.0891036,-0.2637313,0.03585181,0.31723714,-228.80385
1.2566472,1.0391741,0.9254632,2.3563302,1.0837611,21.283596
0.09121026,1.2062196,-2.01334,0.12720992,0.9626948,719.4626
0.49911508,-0.114328496,-0.5616071,0.54805386,1.0671954,-148.91794
-1.3487115,1.314579,0.97805315,-0.6007324,-0.049801894,3.267851
-0.2597756,-1.1580721,-0.48504698,-0.88269347,-0.12957932,-7.0980153
0.65417,-0.27621397,-1.1397516,-1.0012175,0.40693933,58.08143
0.9639763,0.37417203,-1.8978575,0.20189412,0.8018723,945.2154
-0.107147746,-0.17663778,1.9692401,-0.42594513,-1.6263334,-3.270187
-0.015204415,-1.9007748,0.25118744,-0.33738905,1.6359363,4.706963
-1.0463368,-0.6774836,2.677042,1.1294461,-1.1034262,6.097433
0.6320034,-0.39080077,-0.1346827,-1.3179145,0.84144425,-670.3233
1.1160692,1.3688952,0.04647796,0.09835217,0.6065412,964.1932
1.9433979,-0.480012,-0.47657776,-0.44971794,-0.29000956,-101.10343
0.11324175,0.58502406,0.76703715,-1.4255372,0.7191294,2.4507134
0.9616762,-0.40076184,-1.0611335,0.1835228,-1.1063349,-7.2345705
0.059604526,0.2531597,-0.2372371,-0.5361321,0.7525659,-598.74915
0.35216457,1.1840231,0.3177645,0.09955646,-0.40762144,1304.9493
-0.48523304,-0.9333357,-1.525432,-0.8298457,-0.45854598,1330.7229
1.4318225,0.7972008,0.9304896,0.49297202,0.41797015,-1057.4393
0.615224,-2.053844,2.078154,-2.2871447,-1.8484516,-14.914439
0.4298388,-1.3072296,0.013620813,-1.299365,-0.09131211,1177.9384
-0.4977652,1.4387431,0.2167502,0.25902414,0.53435814,2055.752
1.0753942,0.35227904,0.4062359,0.78230524,-0.42037192,4.509909
1.4236333,-0.52195656,-0.6759153,-1.191858,0.5549347,-3.3372383
-0.019930458,0.1741129,1.2882192,0.13192199,-0.79880124,1.802912
0.8387935,-1.0397136,0.9594585,0.084583245,1.6909192,-249.10965
-1.3859919,0.37180915,0.46949118,0.35917673,-2.2532794,-7.4486437
0.97198516,0.048336867,1.4339298,-2.0374527,0.43195912,1264.0698
1.2793547,1.0379567,0.625251,0.67810124,0.11409873,693.2045
-0.5060041,0.33143616,-1.1757681,-0.42701274,-2.7321413,1139.0408
0.5863777,-0.36385125,-0.9919698,-0.68839836,-1.5927576,-13.1286955
0.41893187,-0.94210094,-0.09078929,2.111211,-0.1157936,6.9884377
-0.29795015,1.1801344,1.0711316,-0.2638113,-0.53909266,2.6731646
-0.43210733,-0.07773486,0.5632453,1.371032,1.6696835,16.184155
-0.46552554,-1.6351563,-0.3641093,-0.061561715,-0.6087202,1459.6584
0.523918,-0.8106845,1.3815,-1.8556068,-2.093982,2091.6807
1.0903517,-1.3783342,0.19947319,2.4171193,0.58099645,323.95044
-0.7468757,-0.72193366,0.2667609,-1.5480416,-1.0482576,-11.459567
0.04716706,-0.49761862,-0.17748934,0.46329883,-0.8481529,910.4003
1.3245299,0.08910608,0.05792138,-1.0155547,0.87928134,2.4225128
0.069896966,-0.3937415,0.38772967,2.4843578,-0.0018836937,11.235863
0.4041195,-0.3093031,0.4688247,1.0205009,-0.05400344,-1453.6907
-0.47174382,-0.47278613,-1.2076726,-0.39611483,-0.16086455,-6.146512
1.2647665,-0.94587994,-0.67307025,-0.41800022,0.17090644,591.5398
0.54498595,-1.4104213,-0.3862072,-1.1777658,1.0383967,-2.1692767
-1.6114311,1.2892042,1.7207395,-0.4962378,0.32955962,7.6267457
-1.543043,0.83014035,0.123220146,-1.2249353,0.7456318,2290.872
0.6391825,-0.15630838,-0.69024307,0.7492567,-0.5330567,-0.7334008
1.1066966,0.5466632,0.8839137,0.7043042,0.1454804,4462.2373
1.1244019,0.5793781,0.91252977,0.039780296,-0.67277735,2.2376409
0.58133054,0.9558844,0.17390937,0.2642483,0.8045817,8.841323
-0.9780247,-0.8408522,-0.5503313,-0.11116347,0.34016433,2471.2222
-0.07837399,-0.6261989,-1.0661747,1.5188603,-0.19222954,1646.9548
-0.72947586,-1.2819471,-0.9702206,1.4402988,0.9475372,5.678924
-0.35290614,-1.1105303,1.6527053,0.045716166,-1.2895709,-472.74823
-1.9157811,-0.20869994,0.73796636,-0.38571924,-0.7588462,-3.5008457
0.9476785,0.7705561,-1.9864185,-1.2592107,-0.23437104,2853.509
-1.0734951,1.1101376,0.48553097,0.2415392,-0.51409584,2.5801754
-0.2273558,-2.0121849,-1.9272912,-0.22484273,2.4932437,1672.1375
-1.0360749,-0.08861594,0.377618,-0.46891978,0.46398133,1806.6859
0.8195364,1.3419448,-1.1841491,0.46058732,-0.77061015,208.00212
0.7360779,0.6288573,1.8958758,1.4738142,0.931957,18.83879
-1.220154,-0.25642946,0.039397,0.5918553,0.6174101,-827.4173
2.1581147,0.18165715,-0.70138913,-0.4014992,-1.261873,-1838.7019
1.0474234,1.4236492,1.5825485,-0.807332,0.0034260124,1019.2827
-0.6795544,-0.3627171,1.8170742,-0.30274233,-2.4466786,-8.0548525
0.042350303,-0.49845397,0.4574127,1.9997252,0.97392786,14.179569
-0.14996284,-0.8733284,0.88809115,0.5615304,0.8445677,8.328289
-0.6157312,-0.6200953,-0.24776626,0.3745541,-1.1126548,-5.405763
-0.4612564,0.3755618,-1.234041,0.5871527,-1.3010368,734.3839
0.67931384,-0.12802921,-0.2032984,0.21829759,-0.7591429,-2.503861
0.44840133,-0.61937904,0.4851413,0.5601931,-1.5502912,119.20143
0.06305817,0.6743738,0.13740776,0.15598787,0.25078636,4.6575227
1.2977915,-0.6100959,-0.7477449,0.7307736,-1.9264565,720.4613
0.5080454,0.191078,0.038615942,0.96168035,-0.2980878,1209.4651
-1.1338068,0.002034736,-0.5159105,1.262954,-0.01763674,-158.32048
-1.989732,-1.4853421,0.36709154,2.7030232,0.8848582,-233.66281
-0.62951815,-0.21972238,0.82625073,0.67068565,1.1341443,10.994669
1.0121881,-0.46987534,-0.11340973,-0.45392248,0.003325661,576.6961
-3.1804314,-0.78536135,-0.03528947,-0.36848488,2.1727388,1787.4772
-0.07375024,0.4381009,-1.393754,-0.64837414,0.72322994,2302.186
-0.7167514,0.603727,0.27225408,-0.5580209,-1.2513211,2163.467
2.0665977,1.0074688,-1.9252182,-0.36534476,1.4160222,3.9560175
0.59405684,-1.1223084,0.5875456,-0.8206225,0.6897699,0.94603693
-2.3230011,0.77112854,0.27010077,-0.5191736,0.56818116,2.9489532
0.52334625,0.7448379,-0.6717986,-1.2895725,0.8911944,0.031132061
-0.38319314,0.080014,-1.59505,0.8412953,-0.63453925,-3.6918256
-0.36561787,-0.19192901,-0.21179293,1.1192492,0.48034903,6.6144414
-1.4492977,-0.6055053,0.6482425,-1.7095913,-0.05869797,1298.7883
0.95244956,-0.42686808,1.0094539,0.058701806,-2.037409,-6.351999
0.7095406,-0.8961922,-1.1472551,1.5073848,0.3111724,151.80574
-0.306144,0.66608036,-0.3282475,-0.513841,1.4264216,892.9891
0.56700677,-0.357659,-0.45317763,-0.8028791,0.14150672,-3.291595
0.31074354,0.12423154,0.90282786,-1.4472058,0.6391874,1.5616102
1.2576993,-0.06253257,0.54033613,0.8471728,-0.62504375,1240.3507
1.5383308,-1.2630814,-1.163114,1.049598,-0.2522915,-1.2417028
-0.76060426,0.77938926,0.46358427,0.785728,-1.5258443,707.6274
0.88355565,-0.19457285,1.036557,0.0017632911,0.38006374,6.126502
-0.47363377,0.30336317,1.8453101,1.8112686,-0.5886478,527.1029
-1.078394,1.6355989,0.48096642,-0.37480924,-1.3211167,1224.0356
-1.8466793,-1.4637399,-0.6227564,1.261089,-0.48512828,1204.7252
0.7189465,-0.2517047,1.5180094,2.503676,-0.57787347,1530.7102
0.89398026,-0.064531446,-0.54548776,-0.16417255,-1.2327214,-7.1796646
-0.92492205,-0.6540595,-0.42506498,0.25559768,-1.7234179,-9.704445
0.5173233,0.31871808,1.8389012,-0.8433804,0.71090525,7.5963855
0.33550847,-0.023957161,0.96380746,-1.2138231,-0.06547325,822.5084
-0.6028942,-0.1677347,-1.1884643,-0.89869636,0.5141221,756.0135
0.0852912,2.0361478,-0.36572176,0.38211688,-0.25553823,693.89166
-0.22084206,0.74971175,0.82963294,-2.122302,1.2641321,3301.4749
0.22340788,0.21642682,0.49652278,-0.8019784,0.44312653,1.9346064
1.1294146,0.47350067,-0.9084372,-0.7142112,0.64701295,0.117126286
0.37880698,0.22307102,-0.4262194,-0.11388901,-0.23499037,1484.3486
-0.23677985,2.384846,-0.5235072,0.63442,-0.24084097,5.3932834
-1.0423135,0.012421524,1.1272129,-1.4660369,-0.5828846,-4.98289
-0.98344034,-0.58244455,-2.1613367,-2.1301394,-0.4514669,-17.912304
0.07509457,-1.5072764,2.4817672,2.1453261,-1.3821168,7.1475863
-2.0697808,-0.8365888,0.62757254,0.17870869,-2.8780003,-13.402412
1.2116715,-0.6183612,2.433288,-0.020906106,-0.93701506,2.906396
0.23999827,0.72681075,-1.1503162,1.0830956,-1.1031704,-2.0426674
0.17578074,-0.9567405,-0.42999205,1.0623388,0.8107095,6.2126613
0.35943365,0.69664276,0.5129336,0.60754967,-0.794063,1937.1543
-2.0930867,-0.12817803,0.971919,-0.60599834,1.0008621,5.1857734
0.39637515,-1.105811,0.83884627,1.2973344,1.4471096,13.845514
2.0273867,1.2002847,-1.3013811,-0.76133895,-1.6798798,-10.93147
-0.047532238,-0.40435657,-0.03408794,-0.18385005,2.4060721,11.293469
1.9241916,-0.40462607,2.1327522,0.7414083,0.45402095,1307.0687
-0.20731296,0.9353597,-0.075152524,0.25657502,-0.30155912,1471.955
0.48220232,0.95472175,-2.1131623,0.8629297,-1.1492115,-5.489811
0.0038278473,-0.56004024,-1.6144632,0.26892647,-1.833768,-13.040153
-1.8420409,-0.06775533,1.5185903,1.2701929,-0.8584178,2130.8135
-1.4178977,-2.8489769,2.0400748,0.8500342,-0.9916916,-0.76737195
1.2766389,-0.38893336,0.9333441,0.08325741,0.65125763,917.18756
-1.1794537,-0.29747012,0.3754145,1.0249012,0.13724452,1616.909
0.1698917,0.2835965,0.5673623,-0.5373186,-1.9149946,-952.61206
1.6889713,-1.848068,-0.70601493,1.0768753,1.4400429,7.452111
0.5035636,-0.4633215,0.09563896,0.6419927,0.27858683,4.625274
-1.6175665,-0.17095354,0.43731996,0.6698428,-0.6905891,0.3513983
0.9233549,-0.21462792,0.23703137,0.30766723,0.7220818,6.5609174
1.1164573,-0.521414,-0.7885102,-0.15694222,0.49761212,0.041887376
-0.06981134,0.88254285,0.5621718,0.6979725,0.7231921,10.828394
-1.0001009,0.21439815,3.0216055,0.93378854,1.1448148,19.471561
-0.19581947,-0.73645234,-0.47061756,1.4687191,-1.247744,-2.3624134
1.427185,1.1904715,0.15601522,1.0840002,0.17725025,9.779657
1.1070215,-0.73221344,-1.1314609,0.037699003,0.03187835,-2.9091291
0.6545468,-1.4534118,0.82531786,-0.9352445,1.2741314,1056.0244
0.48464492,1.4095861,-1.215489,-2.7287278,0.8212031,-6.2827764
-0.6521753,1.1247555,0.56215256,0.73655134,0.90044403,12.110462
0.64298785,-1.3504394,-0.09903958,-0.36634976,1.0622722,2.1273015
-0.0959142,1.4651799,0.6751679,-1.4354669,-1.5771648,-7.7471056
0.5279334,-0.26554236,-1.8229611,-0.036699943,-0.35914668,-6.6970363
2.393277,0.3912849,1.2308335,-0.91851807,-0.08974954,1492.1654
-1.16076,-0.06650007,-0.955704,-1.6536678,0.69793886,-5.736228
0.5230332,0.06466877,-0.527389,1.1387451,1.5966245,2345.4573
0.3721045,-0.15845986,0.58233273,-1.1366425,-1.1398904,-7.5602074
0.85812503,1.3059461,1.1648482,-0.8505633,-0.48910588,2242.2117
0.23476996,-0.2107518,-0.37941524,-1.7155445,0.2742627,-5.93926
-1.0011603,-1.1095563,0.33907807,-1.2994436,-0.03315974,-6.0152287
0.4371953,-0.22502945,0.6374595,-0.6380427,-0.79614127,-3.8460236
2.472076,-1.1917764,-1.1461838,-0.9164064,0.1952255,-6.304682
-0.50836295,0.2640939,2.3686957,-1.6128128,0.28531334,489.2379
-1.1561304,-0.12510772,0.35232764,1.140497,-0.37759408,74.58909
0.20957378,0.6575002,-1.0910442,-1.9866554,-1.3722956,-15.644642
-0.7263539,1.3222836,-0.27274406,0.33571988,-0.6806975,0.4258916
0.9509722,1.4869112,-1.9298403,-0.74724466,-0.40509963,2091.713
-2.3274963,1.0959421,-0.30879503,-0.6182974,-0.01989142,-689.57
1.3011427,2.8485174,-1.3255949,-0.24177727,-0.120785035,2171.673
-0.8493809,-0.55194813,-0.5303794,-0.72042686,1.0979086,0.4834313
1.4053626,1.0642227,-1.5573944,-0.07160736,0.5339449,1.4916911
1.0968581,-0.19392017,1.7327987,-2.370171,-0.7221213,1006.6295
1.9368064,-1.2019999,1.0310539,0.058626983,0.22253357,170.06473
0.8913685,0.15800202,-0.2648131,1.9596231,0.6958745,12.257485
-1.1926137,0.10597322,1.2148764,0.50137997,-0.10778895,191.92014
0.6106119,2.4070866,0.24712017,-0.61267745,-0.0151590705,669.7589
1.4761168,0.53049564,0.37365383,-1.0936918,1.9966325,9.523346
1.3874236,0.24245797,-0.7636248,2.116371,-0.9351433,3289.2417
-0.49036765,0.6095843,-1.4294256,1.0130311,-0.035283882,1.5797169
-0.0036255799,0.35889307,0.39094755,0.75249374,1.4552042,13.235792
-0.3926994,1.399622,1.9812391,-0.50507694,-1.3078275,661.5703
0.9227238,-1.1707348,-0.9513866,1.1283357,-0.94741386,2190.189
0.26418298,0.4908782,0.39081627,-0.65823334,0.043388773,0.7862699
-0.35249248,0.38127914,-0.17456228,-0.68566215,0.103615984,800.3786
1.0972633,0.61844313,1.0000943,-0.4675698,-0.2192949,1285.2997
-0.057236988,0.6995721,0.18530369,-1.3915046,-0.3010698,-4.1315866
-0.6889471,-0.012210511,-0.85797894,0.7366689,-0.21882033,1541.1018
-0.66786754,-0.5817115,-2.4173722,-0.63014406,-1.6022968,145.9069
0.25685358,2.0701125,-0.7367523,0.298315,-1.0138495,567.8276
0.89259624,0.7864516,-1.235048,0.28957173,-1.630255,3449.911
1.2166245,-0.75815874,-0.6674743,0.15269214,-0.26552522,1724.4817
-1.4659128,-0.4559316,0.1928203,0.6606536,-0.19312666,1.5839019
-0.17492443,0.22745742,-0.8373436,-0.20128402,0.24801707,-0.664286
1.3873031,-1.2026372,2.0057507,-0.49225098,2.0456946,13.446456
-0.286147,-0.5101221,1.3224676,2.0043845,-0.7205883,8.2453165
0.07432172,2.752483,1.0619526,-0.8452827,-0.18800062,5.384843
1.2161479,0.020889593,-1.0731329,-0.73747563,1.0025558,760.2967
0.7864566,-1.9473078,-1.8343642,-0.4468705,1.17878,-3.830953
0.12710246,1.8027555,-1.5827745,-0.314456,0.45736706,310.22845
-0.39009842,1.5721234,-0.9703496,-0.559869,0.40157896,-405.51727
0.44574505,-0.90480834,-0.18821694,1.0689204,0.1862724,1179.1345
-0.3329089,0.3824307,-1.6274124,0.15426484,-0.4552871,-4.9544816
0.35461193,-1.0421556,0.7371791,0.5874849,0.33479637,-1609.658
-0.49190193,0.90711784,0.124382704,0.44046155,0.37708104,1173.6527
-1.723695,1.9210156,0.71268046,-1.7465277,-0.49274832,-3.3483043
-0.96114385,-0.13615459,1.5594475,-0.8801472,-0.115631446,1732.1594
-1.0290837,0.3000275,1.2356049,2.7238495,0.5207617,18.260164
1.5648301,1.247045,-0.6090814,2.1998806,1.4868132,18.757792
0.35237622,0.39195752,-0.90716827,1.7074405,-0.5883447,541.3336
0.58627886,-0.08241682,0.92788357,1.2735199,-0.21092132,120.0622
1.2447274,-0.69426894,-1.050733,0.9083659,0.499514,-309.2824
0.011135578,0.24457029,-0.9802092,-0.16712262,-0.80064017,-6.1447797
0.4613187,-1.2340763,-1.0229758,-0.59533423,-0.16798936,-7.561819
-1.3940383,0.8845923,-0.33706394,-0.78900266,0.5134801,938.0197
1.7535056,0.23008685,-0.289859,-0.6270124,-0.12745695,-1.665247
0.85949665,0.7251145,-1.7266322,2.002158,2.2466307,1736.3148
0.96561146,1.3434488,0.6264516,-1.7594832,-0.43180886,-3.1253617
1.8672608,-0.1050648,-1.1644428,0.07155999,-0.3493632,664.5542
-0.6255076,-0.95741683,-0.011213246,-0.17448092,0.06655949,-1.5721627
0.42506593,-0.24082209,0.005470926,-0.21430294,1.5581185,891.6539
2.0505626,0.7496662,-1.3365885,-0.18314295,-0.29331967,-2.699552
1.1688306,0.9571061,-1.4700179,-1.7785269,1.4087929,-0.9235742
0.40143248,-0.37925237,-0.8927837,-0.029000929,-0.5581169,1621.187
-0.8486341,-0.5033995,-0.40245724,-0.32126868,0.18532507,2223.3528
-1.0648507,-1.4812028,0.9621425,0.053971052,-0.4114054,931.0413
-0.6826321,0.31431848,0.64989656,0.5454198,-0.0066772345,5.4384513
0.7836757,-1.3144033,-0.57562375,-0.68872964,0.50207853,-3.1352453
2.5536447,0.099990174,-0.8150667,-0.5256133,1.1439656,3.7186692
-0.22721362,-0.67075384,-0.11207468,-0.63867855,0.22629818,-2.1953106
0.8853811,-1.7351227,-0.5750155,1.3500519,0.51279056,2287.4587
-1.9138783,0.31866536,0.38130325,-0.49227095,0.18666251,2491.2532
-0.28199145,2.0993526,0.45882332,0.67940235,-1.4560986,738.9705
0.15317371,-0.5762287,-0.27541095,-0.95472455,-0.3967895,-6.7340245
0.892505,-0.7962861,-1.9533691,0.56387097,1.069421,464.70618
0.32098457,1.4804813,-0.09118704,-0.2529098,-0.9391996,801.9227
-1.3885605,0.01493592,-0.80417746,0.35658604,1.2807549,1055.5146
-0.7463138,-1.5013832,0.014849591,-1.1687436,1.385672,-0.14860304
-0.53940505,1.7725353,0.2559576,0.4662788,-1.5611807,-0.9737705
0.78834546,0.69367737,-1.167007,0.14235023,-0.35849068,-1.9894
-0.27462706,0.8495792,1.1317738,0.5088069,0.88297343,12.270714
1.3046539,2.0234818,2.3890033,-0.34385768,-0.72482944,2087.012
0.60446674,-0.022522712,1.4438201,0.22832233,-0.22483088,759.6406
-1.1506276,0.121432535,0.4540109,1.0505338,-2.0979307,2463.781
-0.14933872,-3.8182247,2.111184,0.010455623,-0.34028605,2328.458
-0.7296064,0.19553356,-2.312748,-0.3621965,0.28010315,930.6403
0.5508908,0.40317315,0.5829956,0.39348233,2.4054856,-666.37317
-1.1501012,-0.18744434,1.4007894,-1.138908,-1.0808582,-11.296331
-1.0958294,0.09134238,-0.06989622,-0.55362684,0.6669461,2025.2701
-0.28088322,0.13763086,1.2283056,-0.08821716,-0.95413417,2697.14
-1.0023767,-0.32326868,1.1601063,-1.2486528,0.72109765,1965.2261
1.114905,0.58052754,1.1665269,0.28420058,-0.8135337,3.246989
-0.28778872,-0.70421356,0.44856408,0.295058,-1.6434114,885.89905
1.9826785,0.95836645,-1.5349324,0.7288132,0.1762538,3.0518057
-0.49118367,0.4575395,-0.81526977,-0.5427085,1.432372,4.2086143
-1.2633897,0.38901046,-0.019125247,0.22142878,-0.38577908,0.0661233
-0.59587663,-1.4658741,0.70781654,-1.0340898,-0.10898762,-4.8034477
-0.32446873,-0.23651645,-1.9759544,1.0201335,-0.8654939,-5.7913966
-1.3192737,1.0850946,-0.16706043,2.0532217,1.5607318,144.46112
-0.34059593,-0.75874543,1.6264138,-0.98578763,1.8499273,9.585581
-0.018582907,-1.1973047,2.058645,-1.7243031,-0.15840675,-2.9046512
2.19317,0.020917537,1.1390356,-1.4228013,0.7597437,3.7692292
-0.3611008,0.11181909,1.3001161,-0.69802487,0.6770165,5.564075
1.2062583,-0.32736808,0.5066799,-0.5575742,0.8844714,4.612929
0.79926974,-0.52501845,-0.15077546,1.1723816,0.22694352,5.6776404
-0.29862863,0.04112792,-0.32104555,1.1760103,-0.96950257,373.12247
0.588123,-0.27880388,0.6580153,-0.5594721,-0.27266338,-0.90729696
-1.0838883,-1.5731164,-0.24239309,-0.116371594,-2.3958738,1385.4501
-0.5504661,0.53216344,0.5022694,2.8245854,-0.042871155,1869.1489
0.5287036,-0.2277526,-0.96626514,0.5396837,-0.21062112,641.8026
-1.3600714,0.3165707,0.69099694,-1.2423809,0.905482,2.5776758
-0.99635416,-0.87884265,1.0704768,-0.12468927,0.48931512,3.9429367
0.82095987,0.7933691,-0.44054496,-0.05577646,-2.3638542,-1727.4008
-0.74654806,0.8575838,-0.47086596,0.19621311,0.56929004,1893.5521
-0.53477913,0.11054606,1.589832,1.0592843,-0.61682624,6.87869
-1.0182648,-1.4650908,-0.85123444,-0.9505248,-0.26593882,-10.158718
-0.06199081,0.4964047,0.51053077,-0.59423405,1.5980994,9.086925
-0.833892,-0.53733045,1.1857268,0.31484592,1.0379453,9.472005
1.7617666,-0.8750253,-0.9168172,1.4823883,0.9138912,664.0369
-0.5658033,0.68965,1.799567,-1.5240917,1.0553567,405.08514
0.13197415,-0.19642943,0.42302153,-2.7079597,-0.47298464,1448.3691
1.2385209,0.22892123,0.49891278,0.10655705,1.8867383,13.506419
-1.7222797,-0.10376501,0.45363918,0.07600059,-1.0811849,-3.7994246
0.577454,-0.42608255,1.2934309,-0.6774727,1.5001348,386.34735
0.0788997,-0.84763944,-0.7398154,-0.070662305,0.9246769,325.92087
-0.9035517,2.3733292,0.29695433,0.48852193,0.3959612,1719.8552
-0.5692388,0.76919454,0.59457827,0.52512574,0.31714433,7.6277957
-0.81899625,-0.91077447,-0.40427002,0.4158975,0.33580428,940.2231
1.6237845,-0.3881541,-0.7133086,1.8038632,-1.0203483,2224.957
-0.8386671,0.1711779,-0.8923292,-0.5934474,-0.6905545,-7.5349092
-0.2642774,0.89132583,0.6124172,1.488549,1.593807,588.3317
2.960651,-1.6076745,0.36387748,-0.2684314,-2.2679703,-12.017678
-1.5525041,-0.92064315,1.3875875,-0.47551128,3.006651,15.777674
-0.7967095,0.27533594,-0.032689184,-0.13671955,-1.7802073,236.37054
0.16354874,-1.055514,-0.022608707,-1.4146124,1.7099762,1.727229
1.4046606,-0.17261292,0.0215879,-1.1366398,1.3408104,3.566685
0.019723805,1.1729518,0.59586954,0.66358745,0.26682776,9.13073
-0.033020463,-0.62788945,-0.956496,-1.6244881,-1.1537329,-303.9151
-0.6781554,1.6459954,-1.4440875,0.38452858,-0.5312259,-1.553436
-0.47021636,-1.2968342,0.20731233,-0.55264103,0.8762927,0.99574256
-0.38334182,0.41419137,1.5286168,-0.101946175,0.06794831,1263.6552
-0.058077328,0.609993,-0.13234882,-0.25583044,-0.062360458,547.38715
0.38706765,1.9584385,0.6491658,0.08836853,0.95126534,262.2044
0.4493898,-0.11642991,-1.0011257,-0.557213,-0.6533492,-7.4709616
-0.34935293,0.9083312,0.812674,0.15206532,0.38084975,7.6490097
-1.2064195,-1.3469453,0.3524393,-0.16432984,0.5247174,0.75402343
0.4237142,0.8733539,0.6153019,0.33435714,1.0634751,-586.4443
-0.6549066,-2.30187,0.12378248,-0.102281764,1.4559808,3.3691223
2.4415143,-0.29786742,1.5003924,-1.0277262,0.53496444,-170.68439
1.1584862,-0.5028489,-2.2076845,-0.8177569,-0.42670548,-160.92091
0.26702482,-1.8689516,0.8605108,-1.0817618,0.10233075,-3.8798695
-0.62818855,-0.45146647,-0.3415816,0.9397033,1.0353996,2033.8635
1.4411038,-0.9415361,-0.5056186,-0.505811,0.14826581,-2.9366028
0.113752946,0.6322952,-1.8838104,-1.844178,0.36178526,-8.907215
-1.4244304,-1.2598188,0.5689601,-0.6152242,1.5268732,4.6020837
1.0827718,-0.49019733,0.77329516,-1.4841768,0.65677834,0.24216262
-0.60930294,0.6362355,0.18719913,-1.5141487,0.02902894,-3.3718681
-1.0960655,-0.5179669,0.44731352,0.43402997,1.9932532,12.496183
-1.0566452,0.15721443,-1.2757596,0.029777203,1.6976771,1548.0231
-0.7601958,0.5146894,-0.76077676,1.2863942,-0.056845296,1393.3282
0.5816527,-0.81084657,-1.9727244,-0.206921,-0.22892417,-8.315066
0.43558735,-0.4453211,1.2905151,-0.02243975,1.1844224,1518.0513
0.60792536,0.79255587,-0.2623873,0.1809146,0.035506975,720.08405
-0.5149571,0.6883975,0.4072739,-0.033359654,-0.43250272,1.1648011
1.9679035,0.07714331,0.16041765,-0.12732376,0.33066088,1485.8636
-1.0351663,-0.41188446,-0.0005896656,-1.151619,0.43007326,-55.0215
-0.85620016,0.9255991,1.713296,-2.0353658,0.30426008,-225.28035
1.3908967,-0.51899534,0.907221,0.17486021,-0.416402,2.0279222
-0.9347894,2.2222714,-1.301402,-0.23369054,0.9861735,1604.0267
1.7207371,0.2693035,1.0474087,-1.0237772,-0.40735835,-99.614296
-1.3193641,-0.22059849,-0.0864214,-0.28224632,-0.05960578,1419.0398
0.6231474,-1.0809643,-0.9204658,-0.76084274,0.99841976,-1.6495705
-2.0044851,-1.6101029,1.4646623,-1.3509353,0.42655495,-2.2014418
-1.1658725,0.6109081,-1.7416061,-0.7186782,-0.038993243,-6.7253494
-1.1041393,0.15734729,0.5950579,1.2441022,-0.006582429,644.13184
0.77215534,1.4112052,1.5294036,0.5939702,-0.87623745,6.807176
-0.7020663,-0.30488786,0.13374457,1.5873754,0.31451204,8.399612
-1.2994698,1.67321,-0.16952303,-2.0659437,-0.46091548,811.49774
0.4843873,-0.36681294,-1.0625694,-0.6412823,1.0146395,-0.33863866
0.5279727,0.5696117,-0.09525926,0.99858624,2.1685205,16.955086
-0.42092034,0.18615688,-0.73864985,0.5636691,0.8035769,5.156899
1.0002034,0.61062026,-1.6888664,0.63238215,2.9837196,758.52246
-0.20379427,0.85879505,1.9906666,0.68589985,0.47000113,119.21028
1.8458846,0.13899383,0.50537217,-0.19415824,0.63129646,422.37482
1.1483698,0.28934404,-0.0057693175,-1.3911797,0.012853704,1331.2017
-0.24625379,-0.2601222,0.91109824,-0.6347738,0.15611316,1413.4618
-0.09879929,-0.68757457,-1.0818261,-0.42160764,-0.918341,-9.900919
0.27179638,0.80771846,0.7492609,-2.590422,-0.9370963,-10.072253
1.7628591,0.77086264,-0.122593574,0.44729814,0.32646772,6.666836
0.8201282,0.6868086,0.74580455,0.5848065,0.58199805,2127.2644
-0.093599014,0.8838257,1.0042992,0.9610181,0.8628559,1787.778
-0.6020501,-0.13326627,-0.40460593,1.630038,0.11910744,1099.5978
1.736172,-0.93192923,-0.5659293,-0.5265094,0.7932012,0.25420594
0.31610128,1.0741868,-1.9620736,-1.183654,0.124002576,-6.7405653
-0.5599951,1.7439842,0.76380366,-0.6312742,-0.0716379,3.5788016
-0.42541534,-0.4434894,0.9691344,-0.004070367,-1.0285279,-2.3638587
-0.98509973,0.95366514,0.45240137,-1.2072477,0.42459974,515.48816
-1.1836195,0.11170921,2.2203166,1.6410788,0.9505417,1677.102
-0.8154146,0.9165584,0.25497454,-0.58910173,0.92051834,-212.54077
-1.675481,0.92223525,-1.1325897,0.5328028,-0.7898103,-3.2599428
1.8274219,2.5431838,-0.3581743,-1.1661836,-0.32431772,1797.5416
-0.51532453,0.7754588,0.8807031,0.3779005,0.80575025,10.456168
0.8843749,-0.16905326,2.26987,0.47499326,0.49291003,12.281989
-0.9021243,-1.4526029,-0.7155103,0.5213372,-0.56484175,1392.3491
0.80554014,0.15310106,-0.70099926,-0.17345421,-0.24779674,-2.3830032
0.12391904,-1.3373879,-0.6027534,-1.6343694,0.031307697,568.6471
0.6459519,-1.6455245,-0.82574266,-0.3100842,0.8107311,-1.6242028
0.0010044783,-1.1100831,-1.2650583,-1.6125419,-0.8348248,15.396564
-0.107441835,-0.4877094,-0.27583182,-0.06661838,-1.8060476,108.76592
0.79369515,0.5537515,1.3589835,-0.33883804,0.40387267,7.31497
-0.38582894,-0.054630827,0.9171189,-0.72174764,-0.10810594,-0.028486151
0.55027604,-2.453983,0.066530876,1.2198973,0.8127512,5.4442286
1.068676,-0.7190062,0.08568481,0.20481919,0.58727264,890.1104
0.42237905,-0.17829572,-1.0081196,-1.3096709,-0.050454453,-7.603604
-2.8107007,1.193086,0.41110736,-0.04742688,1.2979065,1202.2229
0.6811189,0.15706575,-0.08316316,0.118579224,1.8300295,2990.2368
0.17552562,-1.491353,0.27352422,1.8523937,0.5373807,830.45044
-0.47816554,0.6627771,-0.16053972,-0.01760657,-1.0801762,1110.8776
1.0214216,-0.5384472,0.5856736,-0.3726489,0.2621873,-619.14716
-1.8652207,0.7901713,-0.1912689,0.17197515,-1.1350688,1417.7509
0.0075019724,0.33210284,-0.3971122,-0.59551305,-2.143801,2218.2107
-0.10266773,-0.19161911,1.4710552,-0.70260614,-0.28714108,0.6418618
0.43293598,-0.043703128,0.0674,-1.8126593,0.13161124,-5.337818
-0.75005865,-1.8137006,-0.27148402,-0.60932964,-1.2140163,-12.317162
-1.2177299,0.07442207,-1.0235056,-1.222649,1.693127,1194.1973
-0.42747995,0.71545076,-0.110170335,0.42894602,0.42276326,5.67467
0.023008501,-0.27416238,-0.35564095,-0.91614705,-0.04782702,-4.507079
1.0799825,0.052671537,0.0059282808,-1.927689,0.7154978,852.4469
-0.9857866,-0.45687243,3.4499094,-0.39158234,-0.17215231,7.533882
-0.11282245,-0.38954192,-0.9411832,1.1026639,0.5990739,-82.556816
-0.11699965,0.19118516,-0.30192906,0.44312847,-0.24909411,0.99529827
-1.3677765,-2.0065155,1.1145195,0.9052919,-0.58845466,0.33900636
0.9631909,-0.48218918,-1.0187173,-0.69349796,-0.74675864,-9.021499
1.3594544,0.884913,1.7782408,1.3907782,0.78187126,-83.494675
-0.7834611,-0.4241467,-0.7029064,1.9626547,0.858354,9.796279
-0.19984293,0.113495246,-2.1030715,-1.6350706,-1.0350316,1993.7578
-0.21611387,0.89919406,0.6152991,0.45593384,-0.41459924,2062.1846
0.18744339,0.7080352,1.5553004,0.35217807,1.1709646,14.485921
0.013524319,-1.02357,-1.4339571,-0.53164226,-0.4169907,2060.8064
1.0496706,-0.21101598,0.39553964,-1.7848017,-0.09736967,811.8126
-0.4410517,-0.414636,1.0133805,-0.66723937,0.3450557,1.9646518
-0.4087571,0.25786135,0.16885208,-0.5104687,2.0429497,1662.907
-0.29026562,0.09708625,-1.4349816,0.029713733,0.16518721,-2.3184373
1.2543657,-0.85697716,-0.4482087,-1.0085722,0.50998384,-2.9141252
2.0210555,0.20583451,-1.6225513,-0.73632985,0.25478736,3677.5334
1.3034521,-0.43263102,-0.17525773,-1.4996194,1.1415609,723.2748
0.7133849,-3.0254164,-0.07153361,0.47463262,-1.7219975,1843.0718
1.4888476,-0.24418095,1.4927835,0.6072759,0.13722824,1272.7339
-0.4858079,-1.5600545,0.1309316,-0.258871,1.1310136,2563.3093
0.20189668,0.6097407,0.8923441,-0.19048664,-0.76594645,0.4244419
-0.33672273,0.98603475,1.6132318,0.63216746,-1.6783483,903.42084
0.57619697,-0.41195306,0.64640397,0.1932838,0.40781832,2173.6692
-1.1502147,-0.027961867,0.9993969,0.05018984,-0.8812057,2093.6602
0.20333104,-2.21876,-1.3357064,0.32462627,-0.12196668,-6.6708217
-0.23660102,0.3036705,-0.18010552,-0.6698192,-0.45398113,-3.9258034
0.5137968,1.7054559,-1.1163661,-0.6093341,-1.197238,508.90427
1.089017,-1.0268221,-1.3666245,0.17679629,-2.0739126,1978.5065
-0.1066679,0.55761933,-1.0796484,-1.4367553,0.38145456,-5.001708
-2.0519319,0.32329443,0.29100254,0.16507594,-1.113922,-3.3693874
0.03893949,2.0828998,0.4840556,-0.007154696,-0.88364506,4.397806
-0.23255113,-0.21625607,-1.4241064,-0.8497982,1.0681973,-1.8972986
0.58034873,-1.1420355,0.22556598,0.37681067,0.88268834,218.48965
-0.76260203,-0.32557124,-0.35626808,-0.35167184,-0.19217032,924.7572
0.26178452,0.8750509,-0.6388162,-0.9515978,-0.8376436,993.0237
0.23541118,-0.7424509,0.82356185,0.1433656,0.20756347,3.818337
-0.6103015,-0.72076976,1.3657058,-0.9631662,-0.15091707,1019.35406
-0.3733967,-2.4299164,0.099678576,1.5170928,-1.0805162,-3.1529043
0.66851604,-0.9054996,-0.19861025,1.6131428,-0.018598422,1630.046
0.6146063,0.22868218,-1.1121142,0.4596789,0.028391015,0.38021034
-1.653917,0.8475426,1.1336385,-0.0012593237,-1.5350388,-2.4115758
-1.2698448,0.05399878,0.48144266,0.52374154,0.82372576,8.146359
-0.8200445,1.0645401,-0.32333168,-0.009081572,-0.34988627,-0.05310261
-0.17883745,-1.0186942,-1.1314996,0.6701619,-2.1901731,-12.782645
1.9519104,0.35050738,-0.43710077,0.27742523,0.067401655,2.780643
0.24711849,0.86385256,-0.8278289,-1.0262438,0.29495588,-2.1880994
0.17597978,0.4786264,0.09578828,-1.0889523,-0.5926527,1418.3845
-0.30119756,-1.2568293,1.9476388,-0.17865768,0.35699168,1010.41583
-0.21572462,-0.20463032,0.6590691,-0.26053488,-0.030488798,1.2866082
1.0243694,0.6864105,1.468477,0.09570161,-0.6730988,4.324652
-0.5362103,-0.77310336,-0.16290869,1.0894624,0.5673858,5.938006
2.2300792,1.109707,-0.52736425,0.8827594,0.28694984,1005.4113
-0.22085072,-1.5770165,0.30643722,-1.281618,-0.035746608,589.2648
-0.3368842,-0.912915,-0.28850198,-0.44413278,-0.060465436,-3.9625509
1.6965396,-1.5998449,0.48208293,1.3069006,-0.84985614,1446.6361
-0.96742296,0.6520119,0.7690542,-0.8068738,0.25116637,2.0706904
-0.58105445,0.6461453,-1.3673238,-1.3208834,-0.15378267,2215.0588
1.6497679,0.0850139,-1.6235406,1.7809298,-0.37285793,2.3577747
-0.5467193,-1.0700678,0.35528708,1.3047326,1.5420219,12.494501
0.14150952,0.4915839,0.11446139,-0.91747195,-0.6397608,-4.457636
-0.5969462,-0.003933774,0.94099766,1.4287999,0.2181407,10.367906
1.0547462,-0.9033076,-0.83947784,-0.6931876,-0.25160843,-6.8093343
1.3801471,0.1492483,-0.6055571,-0.36404297,-2.020802,-11.385112
0.9825569,1.3859652,-1.3932673,-0.20337628,-1.6431733,-8.925802
-1.4033326,1.2626994,0.36176154,-0.29959935,0.72673285,6.304163
-0.2264754,-0.47266427,-0.15170835,1.8729225,-1.0537484,726.64435
-0.48036852,-0.24296877,-1.2264894,1.3532344,-1.0900589,1469.3961
-0.4068515,0.29813337,-0.3086098,1.2814485,0.2847463,7.0321693
-0.0012210605,-0.2762839,0.2466175,-0.15337613,-0.23985724,-0.6003959
-2.692722,1.6647714,-2.1438868,-2.1180573,-1.845564,1159.9163
-1.576974,0.66847277,0.14205201,2.1236608,0.87965554,14.844963
1.0115706,-0.26181176,-0.54353964,-1.0883963,0.39922187,1850.1522
0.52039087,-0.3073249,1.2720853,0.0998392,1.2271373,10.899915
0.7350562,-0.0056753866,0.6504759,-1.7682885,0.55679053,-29.586697
0.08511945,0.64756024,0.30443832,0.59825075,-0.4029722,3.7073243
-0.31308666,-0.53173196,0.108820714,0.35359612,0.22671746,2.6257768
-0.9136798,-1.1211988,-0.75144434,-0.33307314,0.7901146,1630.9136
0.9535954,-0.17875269,1.2730585,0.53316784,-0.7693698,3.2822826
-2.0933096,0.26094383,1.4615449,0.7589975,0.3635803,-8.645501
-2.0867174,0.5030515,-0.35047072,-0.33556616,-0.28456977,1693.9265
0.002186954,-0.39290842,0.28407398,0.09907509,0.6080353,283.4861
-1.9666799,1.281216,1.8346164,-0.83962977,-2.508121,-7.747039
0.22153492,0.530332,-0.45224872,0.19882216,-0.16475125,-28.93696
-0.087181926,-1.2196664,-1.2066696,1.2929014,-0.0713168,806.71216
-0.39190337,-1.1084601,-1.0676794,-0.15945381,0.28424796,2002.6896
-0.050160028,-1.5182726,1.0025698,0.93303293,2.7811673,18.62021
-0.23513627,0.4411141,0.41569614,-0.25806755,-1.7112573,-6.5647373
0.45517004,0.3208889,-0.94342434,1.0528816,-1.5971297,-4.6852503
-2.5931525,-1.7016857,-0.084013626,0.0010859069,-0.9638767,-8.759927
-1.9382908,-0.9270464,-1.4211038,1.3567322,0.19675706,0.32162455
-1.7540364,0.89891315,1.004078,1.3551033,-1.0820731,4.890952
0.62654984,-0.61985964,-1.2621216,0.1854467,1.8518863,6.3289104
0.40200993,1.9905899,0.718912,0.032049246,-0.29286647,6.005105
-1.4577857,-2.517257,2.1602056,-0.74360055,-0.09046185,1716.7881
0.41639408,0.70693684,-1.451596,1.5694493,-0.4343171,1275.2626
-0.3187685,-1.3386986,-0.7094834,-0.07466044,0.3547132,-2.4943378
-0.097337745,0.50924534,-1.1575341,-0.5028087,-1.2962507,-10.034372
-1.0528729,-1.456846,-0.62912166,2.1898167,0.5196274,7.0397806
-1.0183511,-0.3890796,-0.86608696,-0.5865523,-0.6421679,2584.9136
1.4859397,-1.0756354,-0.5368246,-0.756001,0.579662,-2.1575692
0.3915862,3.3607259,0.34888655,1.0157527,1.3283418,19.697735
-2.8441167,-0.883236,0.51001346,1.3184116,0.94422185,2485.3618
1.2965798,1.3653497,0.95105654,0.6035494,-1.2069654,3.5614285
1.4538758,0.40430546,-1.307573,-0.05276035,0.77160054,-450.4168
0.022449266,0.6900479,0.34085143,-0.4675642,-0.8889531,788.1946
1.0181262,0.69767433,1.3687005,0.93622756,1.1643422,16.617142
-0.8598595,0.9002095,-0.36064902,0.33810255,-0.22886556,794.8257
0.25342613,-0.57180417,-1.1931561,-0.29871678,0.33295086,-3.192407
1.3499471,-0.5113708,0.16306102,0.3742625,-0.32382053,0.97972316
-0.14569053,-1.1980149,1.8298218,-1.586962,-0.8340952,-6.4437304
-0.22495578,0.49136755,1.483229,1.0759383,0.30277172,1071.4105
-0.37379372,0.037964497,0.3181902,0.80470604,0.7372215,-1368.6093
-0.54297566,-0.62801325,-0.5106671,0.92256916,0.6925618,5.062035
0.1324386,-0.39449304,0.36629704,-0.5894199,1.12675,190.47166
-1.6212044,-0.38871038,0.6111639,-0.16554868,-0.80122745,1160.6344
-1.1169856,0.39527395,1.1294731,-1.2313937,-2.0529602,-327.56628
-0.89964765,1.9770697,-0.17493111,0.78772926,-1.044452,1.9923979
0.84615195,-1.3267238,-0.08904583,-0.19936912,0.89680505,2.2425857
0.9358033,1.7789079,-0.5940391,0.85585785,-0.15701672,661.02484
-0.18803374,-0.9317018,1.0300385,1.680811,-0.7203514,5.359142
0.13820632,0.8126994,0.27723306,0.97661173,-0.3639509,5.558413
-0.80509436,-1.6777618,-2.9395928,0.6151234,-0.64845353,-12.450152
-0.5632029,-0.27318016,0.14070794,2.2498295,1.5887421,17.499987
-2.26033,-1.2038556,-0.51327807,0.24705128,-1.2596887,-9.497963
1.7492855,1.1122289,0.8782633,0.58673775,0.9789923,13.918061
1.0748594,-0.115413986,2.9892478,0.65585977,0.30862835,14.479635
1.7293651,1.1754303,-0.5200795,-0.75245136,0.76430553,3.4838219
0.0076279826,-0.8269301,-0.65546155,1.0428125,0.59563655,1782.8375
0.4361397,0.23641104,0.9372177,-1.0429101,-0.43538082,-1.7377155
0.4262732,0.9899903,-1.4793078,-0.8514965,-0.0103911385,1014.6054
-0.25219056,-0.19332229,-0.86868083,0.6589869,0.39015052,2.546892
0.62134,-0.94093066,-0.75083745,-0.6056083,0.3431996,1168.0311
-0.22779784,1.6422666,-0.31265023,0.65140164,-0.47348192,3.5112927
0.16486195,0.1726237,-1.065934,0.49270913,-0.16795185,87.75638
-1.8928633,-0.9825446,0.038046166,2.6719434,0.03761428,9.070015
0.53020585,-0.92954177,0.13440531,-1.7950908,0.7092945,-3.8770897
0.8692974,1.0176961,-0.9009886,0.6577643,1.1977915,563.0564
-0.26198035,0.16037428,-2.5517552,1.3351617,-1.0656005,1302.7693
1.2088699,0.029183846,1.4615601,0.8149628,0.9965756,2219.8945
1.1984922,1.458326,0.026171442,-1.1664157,0.18700337,1110.1107
0.8771852,0.29680878,-0.63723624,0.5655713,0.13524656,1736.481
0.03128626,-0.9285615,0.8769145,1.0994709,-1.1367679,627.0261
0.4901842,-1.3447106,-0.6709909,-1.1207216,0.22966827,-6.784434
-1.4648262,-0.4118176,-1.7951121,-1.087668,-0.31258583,-11.781305
0.17143127,-0.1857637,0.69532454,0.40487757,-0.08869315,-453.1559
-0.25153095,-1.2861863,-0.39339557,0.6337573,-0.013406703,885.5116
-0.21302156,-0.528237,1.0736853,-0.15367962,2.4898467,14.887993
-1.8223795,-0.4409823,-0.19170958,0.36419794,0.3769397,1236.985
1.1407822,-0.6563976,-0.10339591,-2.2952838,-0.30224034,-210.1943
2.000598,-0.1009573,0.09036592,0.1334276,-0.74118584,-1.0365838
-0.02082051,0.8475893,-1.3869289,-0.3457537,1.3577924,3.9902575
0.48007873,-0.1699871,-0.22271758,0.7219831,-0.43569782,959.2428
-1.7923788,-0.28428364,1.7376299,-1.6934468,-0.4989757,-4.5002956
0.17270078,-0.11729436,-0.78400415,0.8753788,-0.727975,-1.7303125
-0.07046549,0.41412976,0.78402036,0.092956915,0.02695343,1407.0525
-1.1278516,-0.09659935,-0.5875692,1.1555431,-0.10963755,2036.7399
1.4749676,2.215001,-0.6348782,-0.5610635,0.84745157,6.263663
0.89947164,1.1674473,-0.7204426,0.16394162,0.9564068,996.5104
0.5583189,-0.16392142,-1.6247722,1.3043263,2.027656,11.49053
-0.15634607,-0.5779347,0.40224317,-0.8932705,-0.9696429,1746.4915
0.60646784,-1.1574035,0.89788187,-1.6065459,-0.91269743,-9.383239
-0.19636755,0.14910401,-1.8078841,0.56768495,0.36334634,-0.17032215
1.1631417,-1.0165514,1.3040053,-1.5134581,-0.42203805,1499.4153
-2.5386584,-2.1512144,-0.42613834,-0.5660316,-0.8193245,-12.222591
1.3761879,-0.7387938,-0.12628226,-0.3920994,-2.5135489,380.40558
0.56823426,-2.853859,-1.1054499,0.25497225,0.19418205,-5.7142367
0.5963966,0.5525332,-0.51567626,-1.9359491,0.62273794,884.68066
-1.5499032,-0.78684396,1.1269038,2.32409,1.3217915,475.86597
0.74768674,2.2268536,-0.59949476,-0.4758616,0.6142127,844.7725
0.59376436,-0.90628177,2.0851188,-0.09735324,0.82911587,1748.5658
-0.34514788,-0.12509479,-0.5465316,0.38815325,0.88708854,4.8036466
-1.4929444,0.60582405,0.69176024,-0.0981672,-0.5223359,0.5492512
0.344651,-0.39243877,0.7408738,-0.1482825,0.011352076,1601.7883
-0.11402772,1.0920385,-0.88973206,1.5783526,0.7425128,-915.52344
-0.40616432,-0.56966,0.45055163,0.9772033,1.3572913,11.720322
-1.2443247,-0.26242387,-0.91637576,1.5607342,0.8487538,7.608587
0.94331163,-1.1948662,0.11385363,-0.8103702,-0.5338139,-6.4771967
0.26565635,0.7635452,1.626813,0.27756307,-1.0402904,1203.3287
-0.8670221,1.2019501,0.68235254,0.03289759,-0.6851001,1424.8916
0.27790302,0.82951003,1.5654503,-0.9801025,-0.84238225,698.93146
-0.9589308,0.40959522,-0.6409961,0.8640224,0.30546525,1654.0999
0.6694879,0.219643,-1.1408767,-0.9291902,0.782356,876.0848
-0.5777083,2.4708452,-0.0847624,-1.5332899,0.7594722,3.0660338
0.098121315,0.558051,-0.40914798,-0.20249982,0.09481956,481.09045
0.64489084,-1.8794075,-0.44751468,0.26090148,1.19836,3.186069
0.042235833,-0.36580247,0.4412417,1.1249776,-0.4923998,-148.24417
-0.4611784,-0.124099374,-0.19749872,1.3965437,-0.4318538,3.4272213
-0.7279247,-0.20395994,-0.1791294,1.0916045,-0.122824445,3.3839004
0.13470136,0.7970562,0.29493812,0.6394069,-1.588081,-1.8497024
0.6827464,0.5241516,-1.6242,0.24034221,0.22617355,-0.48389247
-0.15806806,-1.1113523,-1.6435912,1.7094446,-0.42026743,-1.55624
-0.64612937,-1.1980764,0.1514978,0.21297616,1.1579367,2986.8713
-0.43829197,-0.042196225,0.63453054,1.2190974,-1.0646931,2.102952
0.5317523,0.49485758,-1.5063767,-0.81091255,-0.19821908,-6.522251
-0.5732226,1.2652231,-1.2003016,1.4351215,0.25704595,6.648084
0.019866606,-1.7832861,-0.6039381,-1.6686107,0.4691203,-1808.6249
-0.40654394,-0.1208614,0.2995608,-1.3693062,0.4791803,1897.8546
1.3394389,0.17879671,-2.2743502,1.3059111,0.35822332,2.2402253
1.3623173,-1.912513,-0.15540366,-0.23410304,0.10538444,761.75366
0.7117869,-0.27652484,0.22570054,1.7804084,-0.5667879,5.677919
0.42974362,-0.71613973,-0.01924354,-0.5279011,-0.52497697,1937.5044
0.43359017,0.7559562,-0.8315039,-0.88141525,0.11046677,1462.41
1.269753,-0.79040676,-0.54864097,-1.6739422,-1.0845177,-13.848924
-1.6103606,-1.529873,0.40804026,-0.24299255,0.4231884,-500.27982
-1.5426725,1.5501434,0.020608574,0.62040466,-0.21836737,4.8527093
0.9506806,0.7268865,-1.0021026,-0.38908517,-1.0709423,-7.042268
-1.385605,1.6596016,-1.6122776,0.7579805,-0.6887925,-1.5758493
-0.35296515,-0.27121082,-0.35140887,2.2330158,0.15859936,1387.2437
1.0607812,-1.8627917,0.4990875,0.417428,-0.47506648,342.4679
-1.3893601,0.75322336,1.1192949,0.44091037,1.3668809,-22.978294
0.6905536,0.12009899,0.6374315,0.035836853,0.3404811,-380.1294
0.4217742,0.21944277,-0.35464314,-1.3425032,0.7706432,529.19037
-0.5907497,-0.008066007,-1.1709932,0.94664174,1.5399026,233.37984
0.16203168,-0.7269641,-0.11286384,-0.19754104,0.34626326,598.15295
1.3012397,-0.57748836,-0.21877608,0.9196657,1.1992439,9.620774
-0.29785687,1.238295,-0.31959635,0.33074343,0.9557356,8.384482
0.72309005,-0.020783458,-0.74771744,1.2719632,0.16628586,432.80527
-1.2746327,0.04108326,0.6373525,-1.0052103,2.1276665,8.918887
0.9732535,1.2425689,0.5850721,1.2791921,0.31149203,1326.7511
-0.62656486,-0.438997,-1.0597717,-1.5473297,-0.55607474,1681.8822
-0.43881956,-0.2377117,0.64128774,-0.3930657,0.20649894,2178.751
0.68460417,0.57662535,-0.68428904,-0.29746467,0.71313244,2.799361
-0.9268406,-0.15721536,0.32091942,-0.56352687,-0.036552828,-1.2726623
0.62786174,-0.46919978,-1.0874966,-0.37458032,-0.32912052,-6.0621195
-0.9439069,-0.63138795,-0.3191342,1.2309773,-1.0061609,-1.717981
-0.35711768,-1.3649282,-1.1406257,-0.80315316,1.0325713,-3.360425
-0.8523473,0.91230315,-0.88406104,0.043675102,0.11744093,1712.4103
-1.5830201,-0.003830035,1.3143336,-0.44133624,-0.8084984,-1.5961273
0.8682715,0.22499324,-0.19701654,0.9158888,0.52357084,524.9608
1.2214036,-0.4010794,1.2374326,0.41930592,2.029448,16.357546
1.5774206,2.8461173,-0.76717216,-1.9538858,-0.31432134,-4.212098
-0.32089314,0.9346717,1.1778624,-0.52610344,1.2511886,911.9738
0.044869967,-1.1214122,0.004323928,-0.62623304,0.34578514,-73.822105
-0.42796367,1.343223,1.0311252,0.6476277,0.6558796,12.462896
1.6403117,0.9222542,-0.120577045,0.33816537,0.7873737,8.607826
-0.3479891,0.7136529,-1.2751914,1.1644073,1.6186911,1726.9177
-1.2487102,-0.41485608,-0.5808421,0.32826516,-0.50218534,2009.4303
-2.5511715,-0.87620664,1.1334212,-0.4001186,2.1355379,1163.6876
1.1459453,1.095898,-0.4949752,2.1074407,1.9071145,20.261215
-0.24629153,0.23441613,-0.44045168,1.7567606,0.24518439,2973.1353
1.4197208,-0.1435926,-0.8935112,0.25803918,-0.23387921,-1.4684359
-0.015850486,0.08759109,-0.49101558,0.023145499,-1.2608964,-6.470162
0.6799406,-0.4927751,1.0473869,2.2368572,-1.1019508,6.919399
1.4893522,-1.595972,0.14320798,0.7270772,0.52443,4.5341473
0.14162098,-0.3496323,-1.9866587,1.2169324,-0.56180227,1946.8943
0.7949893,1.5194712,1.015565,-0.4855729,1.1379756,11.27956
-0.2694638,0.41530463,-0.04948738,0.35378864,-0.54372686,-21.030388
1.1904677,-0.017154135,0.80508286,-0.7133848,1.4269454,8.298775
-1.065991,-1.8114598,0.12339236,0.9452938,0.67321485,2493.0105
-0.30054137,0.9817238,0.81267107,0.57773536,0.47662884,9.920558
-0.87616074,0.4785631,-0.652026,-0.21684578,0.40237108,0.6857886
0.8469059,0.34499753,-1.5991225,-0.7834201,0.23760352,-4.6907697
0.09078387,-1.3664708,-1.078208,-0.5518361,1.5398073,546.07355
-0.79478943,3.0430918,-0.045603823,-0.056624826,1.0336963,11.502684
0.24275413,-1.065259,-0.58923364,2.2876515,-1.4429843,2087.3677
-0.8457734,-0.85633534,0.87666553,-0.23375122,-0.16692322,2246.5007
-1.6020916,-0.47411487,-1.0522724,0.67672515,0.6266743,2601.1926
0.73747,-1.755275,0.44683307,-0.6548255,0.702158,0.029775787
2.10621,-0.0076208063,2.637591,0.49209884,0.28171563,13.263003
0.60923934,1.2522373,-0.14592804,0.36517996,-1.2213885,-557.8191
0.4539565,0.2494937,-1.0694554,-0.6821584,0.10637714,1974.4248
0.14433292,-0.14461783,-0.90515995,-1.349062,1.2281163,-1.1372758
-0.6319558,-0.51093227,1.030654,-1.6903683,0.6174776,-0.94109887
0.8046029,0.96086884,1.5424609,-1.2702293,0.27454406,1331.717
1.4728585,-1.0419896,0.060516424,-2.0693786,-0.9269453,3674.6045
-0.69277686,-1.0929269,1.3166432,0.8471246,-0.10745337,5.2527647
-0.01339036,0.044605676,0.3201435,0.5667736,0.67796665,7.7140527
-0.8349341,0.5728622,-0.15705132,0.10023973,1.7374417,2262.2378
1.5281967,0.12649448,-0.83085674,-0.85787624,-3.1121166,-327.889
0.0023294033,-0.5549356,0.20841068,-0.95293975,0.5275654,1721.4874
0.0669632,0.4830098,1.3751538,-0.60762787,-0.03917235,3.5538514
2.0172267,-1.3423113,1.1356832,1.38568,0.71357405,11.902207
-1.5248659,-0.35909304,1.1897855,-0.88656265,-0.56025606,1836.374
-0.80692905,-0.38668737,-0.7434638,-0.48080218,0.68580985,2600.9385
-0.17048754,1.5333228,-0.86757153,-0.0894822,0.40149677,1896.1511
0.1013077,-0.1329459,-0.1423884,1.3219113,2.0507658,15.941402
-1.5036395,0.21299562,-0.14437465,-0.42581278,0.3959703,1770.4299
-0.6871265,0.36504087,1.4525173,-1.3172965,0.6466351,-388.24536
0.7680803,-0.32081836,-1.7917528,1.1263632,-0.9659004,-4.98501
0.7556625,1.3515598,-0.45614296,-0.64435613,1.1743039,5.9727397
1.1757267,-1.182661,-2.0718482,-0.50344086,0.51376295,-6.4386244
0.11838505,1.3413444,-2.547155,0.30524984,0.8467041,-370.96448
0.6502668,1.937721,0.007640933,-1.6257128,0.23740362,-0.06930513
0.23528673,0.9099991,-1.553614,0.9404571,-0.6491955,-1.2430263
0.694115,1.3813834,1.1507165,0.16982767,-1.409063,750.7254
-0.3027324,-0.11253822,-0.56342894,-1.8704581,0.99667996,-3.5105536
0.7190864,0.78133243,-0.912098,0.921886,-1.2530253,-2.4362435
-0.67139584,0.28251204,0.4007449,0.11369994,1.2735305,9.187386
0.37606618,0.263467,-0.43442565,-0.74269056,-0.44524974,-4.77056
-0.75093853,-0.3614236,0.57237315,2.0049238,-2.2238295,1713.889
0.7146973,3.1083796,-1.2046201,-0.5129845,-0.90545225,-2.6678524
0.8164852,-0.49416235,-2.361538,0.46031603,-1.6733345,-13.159911
0.19611819,-1.3300059,1.0231621,-2.230837,-1.6625423,1225.9438
0.6457373,-1.3179659,-0.7469784,-0.013311187,2.5017054,71.59328
-1.3201845,0.8692057,-2.1856792,-0.2509969,0.32438618,-3.9890156
-0.7656492,-0.7278715,0.8455167,-0.5386842,-1.4964128,-253.80182
0.36277014,0.46902838,0.28243122,2.8065474,1.4774773,21.559948
1.1882977,1.675514,-0.8559089,-0.19487192,-0.11657997,717.36365
-0.732928,0.4144029,1.1780016,-2.249685,-1.1071045,2544.4644
2.3326101,-0.5854666,1.3553425,-0.07564885,0.31808254,6.3706956
-0.81595635,-0.57748705,1.4060758,-0.6883029,-2.1020708,-9.558226
0.3423967,1.5283269,1.4902345,0.5003429,-0.44210285,797.4168
1.1734964,1.074769,-1.4083619,-0.06800901,-0.4199819,-2.9363399
-1.4242094,-0.58461493,-0.02553587,-0.05767103,-1.531981,-362.27396
-0.21883836,-0.5703347,1.0080911,-0.36014494,-0.17000808,0.5379331
-0.5665968,-0.1951738,1.3481863,-2.4633253,0.5497351,90.63703
0.06551685,0.6313015,-1.4034327,-0.3401373,-0.69793737,1895.4417
-0.7757471,0.73439896,0.34509087,0.7854663,0.95209485,2738.8408
-0.62065715,-0.3832689,-0.16800582,0.9133441,-0.9746153,277.72308
-0.9026113,0.29649898,-0.5000027,-1.1918254,0.100993976,-145.7977
0.81127065,-0.487194,0.9069654,-1.4966565,-1.3314971,-9.42233
1.3684918,-0.26317647,0.24705058,-0.59453535,-0.6760829,-3.8988888
0.49176276,-1.587559,1.2691307,-0.51860535,-1.3199999,-6.7936163
-0.23518951,-0.27164727,0.9636575,-0.41646382,0.4453825,3.7889678
-0.18879056,0.98072416,0.5312734,-0.69988537,-0.34652507,-0.1668973
-0.1336421,0.5066393,0.024440661,-0.6025161,-1.3302464,-7.0318565
0.7629564,0.12510373,1.1852293,-0.055035215,0.68388647,847.01843
-0.22782287,2.4272828,0.7844058,1.1072702,-0.48608717,10.081126
0.21365263,0.7332985,0.76842564,0.5289213,0.8077389,806.8144
0.29585212,-0.88447934,-0.27329558,-1.2973485,-0.4828367,-9.038435
-1.4954178,0.16275376,-0.9976427,0.18215239,0.06403445,-1.4041517
1.5130188,1.2425003,-1.4148927,1.0924354,-1.8900244,1214.1533
1.059428,-0.7841774,-0.78261065,-1.9644215,0.10377329,743.03217
-0.23236364,-0.43920973,-0.18371665,0.70793295,0.18418488,1560.9395
-0.43452248,-0.30920234,0.22558795,-2.3361683,-0.47834748,1069.4863
0.4376556,-0.40087005,-0.25902826,0.45361063,0.027564434,-50.875336
2.0200102,-0.96362233,-0.608041,1.7124282,0.76476914,563.414
0.64775366,-1.7816408,-0.92472374,1.6359745,-1.6494503,-6.702736
-0.54961514,0.6162785,0.70893735,-0.46707895,-0.64150596,-0.98567647
0.28489754,-0.4597875,-0.06810877,1.4709437,-0.30100262,1623.4308
-1.3114902,-0.6614368,-0.19430228,0.27646554,-0.36864865,2874.5159
0.76570845,-0.39758164,-0.4628388,0.03020968,-1.5730785,499.58368
0.56601626,-0.2813173,-0.32598522,1.062509,-1.1365573,-113.62627
-0.2467361,-0.16268085,-1.1445997,1.8019409,-1.2937146,-2.2120216
0.7745674,0.31696615,0.068039894,1.3526858,-0.23758928,6.4363036
-0.48112333,0.9899865,0.1585593,2.8594465,0.74308246,2501.3645
0.0951902,-0.24378863,-0.4709713,0.5235599,-1.4505157,-6.027598
-1.3111509,-0.8178373,0.60982174,0.85710895,0.70886314,1094.8065
0.2087367,0.016009998,-0.12772241,0.42275798,-0.51345176,-0.046709634
-0.14281245,0.66824126,-0.4241114,0.43071046,-1.1300657,388.06372
0.015328474,-2.706624,0.21147415,-0.5572386,0.25619438,1500.3303
-0.23394999,-0.16548419,-2.0370216,0.4064187,0.68675554,2199.9744
-1.3255439,-0.2498818,-2.336106,1.0360212,-0.4454167,-5.289134
-0.50650704,1.9609549,0.42663088,-1.0532143,1.7237904,10.41552
-0.024060303,-0.7828165,-1.0831916,-0.26855397,-1.4238547,1076.233
0.8487847,0.19686495,0.37399024,-2.9180999,-0.26776248,-24.957565
0.44032606,1.5181868,0.6745203,1.6440129,0.2520475,14.12975
-0.6879291,-1.0126529,0.007323455,-0.8251686,0.6991019,741.0293
0.36259365,0.19589627,-1.5249466,-1.4478928,1.7810214,0.108569585
-0.6032996,-1.350149,0.6084948,0.0896199,0.044941094,1563.6898
-1.2144239,-1.4245229,0.7395706,0.19392218,-1.325755,-6.079479
1.1713088,-3.2892876,0.60396594,-0.012729495,-0.18570527,520.99945
-0.06367509,-1.1724348,-0.5177304,0.25923693,-0.8399452,2612.8857
1.1578659,-1.6143279,-0.69192314,0.2877733,0.4572144,-0.3280672
-0.12376784,-1.0906612,-0.72494423,0.03593408,0.23915555,-2.1488023
-0.9588841,0.9636548,1.4476352,-2.1486204,-1.434925,-8.988872
1.4615289,-1.4198557,0.6120774,1.1544596,-1.4159842,-891.55945
-0.43352136,-0.42924607,-0.26106545,0.10859112,0.42502642,-33.041985
0.0014228479,1.3370645,0.99178165,0.69250417,-1.3788949,2.636148
-0.6888911,0.7623596,1.5390562,0.15356807,0.4257202,-442.7529
-0.11251551,-1.1814849,1.8755698,-0.7712325,-2.238536,-10.094611
1.2200518,-1.0900279,0.27406198,-1.394128,0.54686785,1541.2742
0.5171602,-0.68476576,0.09158067,-0.8347126,0.21976596,-2.042935
-0.056556314,-0.9483999,-0.6024931,0.35627005,-0.5143018,-3.9817102
0.6109028,0.2876257,-0.2675709,-1.1416856,0.3158622,2011.7965
-1.8755658,-0.53600335,0.40202224,-0.508866,0.11860235,-1.2729007
1.0891714,0.9186553,0.5576911,-0.123627804,-1.179661,2078.2178
1.769417,0.1650401,1.1417234,-0.14309056,-0.1758855,2140.5107
-0.2750561,-2.3682544,-0.50652283,0.07046871,-0.02762941,-5.257037
-0.20460291,0.024781605,-2.0851905,0.052765835,0.34321958,1222.0741
0.83841974,0.73811907,0.37658507,-0.08355421,0.26849923,-29.065771
0.31260622,-0.44138002,-1.350889,0.4111156,-0.71381354,706.73285
-2.1694682,0.46922168,0.9970145,-0.9239635,-1.9220104,1836.2029
-0.18117791,-0.616677,-0.58604,0.46523613,-0.87211293,-137.56348
2.1320505,0.32083058,0.37869677,0.7488747,-1.4455234,509.01514
-0.68311065,0.41495582,0.31703526,0.6941826,1.215696,-1440.3727
0.64001364,-0.10205418,0.96017504,0.9929025,-1.8917236,-1.5342349
-1.2512177,0.5072734,-1.3147153,0.20803225,0.45894918,2413.077
0.00932144,1.4529393,-0.1630405,-0.5731099,-0.67541975,643.09454
0.84385854,-0.23378581,-0.39099693,0.21264449,2.628019,1294.5148
-0.112434514,1.9232225,0.9479812,-1.5368931,0.4833514,3.9191792
1.7457322,-0.16277438,-0.022629242,0.27571326,-0.3400772,943.6446
-0.795199,-1.1169497,-0.06515091,-1.1543443,-0.4611346,-8.77323
1.2075366,-0.58653617,-0.39545336,-0.9829304,-1.5956309,1444.0758
-0.93098074,-1.3336376,0.7476226,1.5604889,0.8568833,10.589729
0.6159682,-0.1852814,1.52588,-0.05112004,-0.5717967,2.4603043
0.98055845,0.38459262,0.8396622,1.4258317,-1.1573439,1532.1111
-0.4674704,0.006200935,-0.45940712,-1.6838734,-1.3462855,2638.5547
1.5274252,-0.038435698,-0.12756489,-1.185118,0.9428726,1.2447735
-0.5226361,-1.3785754,-1.7382954,0.21576206,0.44149902,2410.7861
0.19343458,0.43359217,-0.4575015,0.35627443,-0.39761618,0.06508584
0.6438353,-0.8450102,0.27274916,1.268119,0.13085306,6.124851
-0.16240217,-0.29986313,-0.416923,-0.3269823,0.96559227,2.6326609
1.4380158,0.2195472,-1.094543,-0.3843192,-0.23728952,1729.6771
-0.08481214,-0.78958935,0.77335256,0.7938197,-0.7645557,1.0128751
0.69651693,0.9856242,1.006467,0.0109595815,2.8199728,579.6649
0.048027787,0.7124309,1.3009062,-0.9527467,1.0535642,409.6711
0.9308049,-1.4510602,-0.17625442,1.1046839,0.1439871,3.2070045
0.28170562,-0.905612,-1.7410562,1.1479702,0.7846631,2.594472
-0.8899181,2.7482338,-0.67093843,-0.482826,-0.20879297,687.8792
0.92088866,2.1325922,0.7421666,0.9286532,-0.089094274,11.307553
-0.24489743,0.9947951,0.740602,0.46195376,-0.015448452,1792.1204
-0.16043831,-1.6744313,-0.7238464,0.098933145,0.05051397,-4.019784
-1.1108879,-0.957354,1.0082732,-0.39164495,-0.102756016,1463.8171
0.1527474,-0.83301073,0.95419216,1.1309266,0.16286598,7.727398
-0.47610906,-0.15239236,-0.09487113,-0.9263224,-0.6285571,1496.714
0.3937921,0.27185312,0.5287133,0.75755244,0.48023278,387.4114
2.919683,0.35405144,-1.1788152,-1.9005629,1.0074586,1190.5793
-0.63025576,-1.9665232,0.5328611,-0.44651482,-0.5326423,-6.060411
0.5527023,1.5495105,0.023749541,1.0880053,-1.0276376,655.57574
0.34474006,-0.54333013,1.4465885,2.0120132,0.5553256,15.21819
-0.7464107,-0.35322717,-0.7692007,0.0015278809,-0.30934396,39.39149
1.211585,-0.44593188,1.3356078,-0.15262075,-0.91719645,-0.42192954
-0.3000742,2.2424679,0.66116214,-0.48404706,1.0801399,10.765928
-2.445012,0.7182828,1.2816799,1.1768833,-0.40526742,1688.1602
-0.87385786,-1.2872126,-1.1234338,2.0448096,-1.3971035,-4.0938673
0.55406016,-1.5110364,-0.073540546,0.09710225,0.012232981,1093.2556
0.9066178,-1.4955312,-0.90408164,-0.4310538,0.18561326,-5.04256
0.30934706,0.3377702,0.63751864,0.44723353,1.3407359,12.154298
1.0377272,-0.60347176,0.5416233,-0.7988356,0.4351857,0.9590822
-0.15730768,0.6260453,-0.5142557,-2.2117863,-0.016421461,5.4977303
-0.7235845,1.1707504,-1.3139225,-0.33471546,-0.5765503,2347.788
-1.4255419,0.69957477,1.208572,-0.6944831,0.35624874,4.319154
3.0258021,1.2969886,-0.47251716,0.31493425,0.64854205,8.315728
-1.5551882,-1.6876322,-1.7042472,0.3652181,0.11829408,-6.217335
-1.1403427,0.69538975,0.0013587942,0.27542034,0.98101246,-545.4439
1.2623043,0.2625264,-0.26863953,0.72165906,-0.54539746,1.4924788
-0.02611792,0.6725195,-0.93661463,0.1563747,-1.2895141,1255.7084
1.5936319,-0.83729756,1.3293868,-0.10913305,-0.71055996,964.4192
0.00979814,0.49309254,0.49213162,0.43815243,-0.77332526,1.3282336
0.10162062,1.5252631,-1.8593749,0.9459741,-0.95631564,712.7667
-1.5299196,-0.4975993,0.9202883,2.0132992,1.5198905,17.659845
-0.9775395,-1.1361582,-0.6165664,0.32494202,-0.88846654,-6.72984
1.2266167,0.27729428,0.055939477,0.6770031,-0.6558921,1723.9022
0.19327015,0.6093443,-0.52435446,0.3369078,-0.36385673,2051.4993
0.22854361,0.5727608,0.7183101,-0.5150668,1.4430131,9.512427
-0.09209019,0.5763722,-1.868774,-1.2689092,0.3037244,2394.6836
0.45430517,-0.65342814,0.81293046,0.42135522,0.021421412,1486.9006
0.5858727,-1.1667857,-0.7333282,0.24608725,0.42928532,917.75934
-0.2677734,-0.70845634,0.3671154,0.7844545,-1.4084934,-3.3407125
-1.5764852,-0.5535046,-0.8330264,1.0099652,0.011400259,-821.0933
0.38973162,0.98429084,0.46145418,2.598758,-0.2813194,13.517439
1.1327838,-0.9534709,0.76598495,-1.7287105,-2.553314,-17.704214
0.6841115,-0.17968749,-0.980737,-1.0230649,-0.21000165,-7.117511
-2.3419452,-0.3887179,-0.14423452,0.2417518,-0.04573975,-0.647474
0.815126,-0.30012998,1.5294843,0.6681126,-0.7563288,-275.55194
-1.6034988,1.5409013,-0.15238708,-0.765253,0.08959351,0.20869398
-1.5378033,-1.2760406,-0.31990057,-1.665688,-1.5354071,-17.664991
0.87173307,-0.1287554,-0.8994122,-0.9976557,-2.3077307,728.3851
-0.9843703,-0.0024490533,0.7036251,0.6301319,0.80321246,9.116017
-0.47285503,-0.32957095,-0.43966156,0.8115771,-2.1674676,-8.82106
0.35816383,1.4048835,-1.1142983,0.62045145,0.6551009,6.4467998
0.7209553,-1.6735102,-0.13233756,-0.9174949,-0.44674706,84.35023
-0.6318189,1.240203,-0.07447504,0.16250828,1.1181102,9.1985445
0.72111905,0.3269346,1.073454,0.3265923,-0.2607515,-180.1586
0.33567858,-0.5196517,-0.43939415,-0.566138,0.31196567,-1.9315237
2.031518,1.7186259,1.3275491,0.5445534,1.4784538,1207.9559
-0.37922585,0.5593058,-1.699254,0.20327324,0.41314167,-0.31100926
-1.4501646,-1.1862224,-1.0100868,-0.24893975,0.487613,-3.6376104
-0.67093,0.1048189,-0.25565118,0.25105846,0.9693461,5.989117
0.451176,-1.5746753,1.8534288,1.2704059,0.9169888,13.271797
0.5893067,0.11284954,1.1595799,-0.48634776,0.16014802,3.8777313
-0.32006302,-1.1943989,0.12575461,0.28556705,-2.8648071,-14.41597
-1.1737382,0.731467,0.27020937,0.6488146,-1.0339482,-891.75867
0.42022777,-0.32750672,2.2274451,-0.46238512,-0.02550314,1200.8574
-1.1569314,0.0144352745,0.43717584,0.6932817,0.14058942,1562.5895
1.1687728,-1.5120767,-0.90578854,0.3812486,-0.92225415,-7.226365
0.91581905,1.3423705,1.3923471,-0.5466309,0.48856816,8.584202
-2.1560242,-1.2007225,-1.0112088,-0.7159244,-0.97256744,1531.0061
0.20158651,0.043216176,0.43909976,-1.8053726,1.5053966,2.7419872
1.6344728,-0.5972034,-0.20480184,-1.8326601,-0.40495875,-9.4182625
1.4528224,0.7441288,0.9053578,-0.51245826,-2.175853,-6.953763
-1.3373034,-0.6019929,0.6210614,-1.416833,-0.84823525,2368.5537
-1.4140186,-0.3486662,-2.097536,0.3094345,0.050132226,-677.415
0.11361034,-0.1133413,-0.3656224,1.2236178,1.0742981,10.072317
2.0193496,1.1943012,-0.12869103,-0.5698561,0.30088192,-301.8372
-1.1722603,-0.3727373,1.3504821,-0.86617696,0.5379009,1983.6138
0.81562644,-0.6688572,0.53808004,1.644832,-1.2390106,2.1776872
0.16265649,2.1228218,-1.1083492,-0.3465872,-0.92192227,-3.9139333
2.297198,1.377138,-0.9454428,-0.469467,0.021312507,0.28180015
1.3122901,1.0481439,1.6295245,1.1076822,0.5231269,113.24537
-0.57926714,-1.3483615,-0.3950723,-1.5565809,-2.5811813,1608.8928
0.23005073,0.12301043,0.4689632,-0.6660517,0.96089077,4.9262195
1.5133635,-0.23881422,-0.5629715,-0.44067153,-0.60395044,-5.244208
1.6917791,-0.55021805,-1.7311928,-0.3528111,-0.44275978,916.4035
0.51067203,0.07276252,-1.1081793,-0.21610272,-1.4729443,1046.2378
0.36223078,-0.78581434,1.7933722,-1.1482694,0.1470109,696.2459
-0.7783707,-0.3036216,-1.6531624,0.9682566,0.086970784,1313.8707
-1.5065327,2.011496,-1.1237811,0.19823076,-1.4297355,1601.1165
-0.74054134,-0.014370532,-0.9110742,0.24995531,-1.512892,582.77856
-0.87508357,-1.3030308,1.692003,0.74094373,0.51818514,590.6894
-0.955526,-0.9642913,-1.0072674,0.82319283,0.4301848,1.111767
-0.086214565,0.16433458,1.0279056,-1.5918053,-0.13813688,-2.6758955
-2.2860045,-0.9435991,0.21846505,1.6135583,-1.0582856,1773.8823
-0.21550743,0.3433018,0.032380868,0.18153602,-1.1094296,-3.1003633
-0.30512044,-1.1343507,0.52525467,-1.5817845,0.012196805,3064.3416
-1.7263898,1.1162564,0.4864417,0.64617497,0.18868704,7.355079
-1.7470183,0.44617254,0.41501895,-0.88370293,-0.43872285,-1601.7863
-0.34506154,-1.0282212,-0.6671272,2.385042,-0.7064001,2.8616812
-0.29435095,-0.32093868,-0.6149561,0.5330625,-0.39262712,1988.915
0.98879623,-0.64378613,-1.0197784,-0.031410232,0.88061225,-176.08075
0.048738014,2.2957163,-1.4640326,-0.8783422,-0.4348876,-4.498674
1.9538407,-1.6067752,0.76969624,-0.87589824,-1.248341,-8.773353
-0.6602866,-0.5599105,0.95269006,-0.43394467,0.14590003,895.0225
-1.1458708,-0.065240934,-2.3551784,-1.6518245,0.4141925,-130.98727
0.04585562,-2.5332186,-2.3578365,-0.86326945,0.2993641,-1301.9686
0.049278043,-0.3376026,0.86549133,-1.0509897,-0.9361386,2521.9329
0.23971464,1.3035212,0.66594535,0.2556314,-0.18168877,5.9015293
0.41317546,1.0023136,0.67657065,0.05479814,0.47399354,7.91116
-0.98446244,0.47611725,0.042543866,-0.17725086,0.35980386,1697.3094
0.4192135,-0.50567937,-0.030097697,0.3346878,1.111468,180.70178
0.33503458,-0.15788072,0.25727198,0.087710105,1.1064832,7.4735
0.732055,0.76874894,0.832925,-1.2299907,-0.3865649,-1.5015488
-0.5283603,0.5011713,0.42148927,-2.2197993,0.7823325,2195.1023
-0.49193022,0.6209489,0.32490954,-0.8834611,-0.6968452,-4.075059
0.8394106,0.29017147,0.11011054,1.3630658,-1.0871425,2.4250183
0.41560888,1.1828521,-1.4620214,-0.3197948,-1.4046503,2652.6821
0.8983821,-1.5300248,-0.77648234,-0.75897294,0.11214347,-6.3998084
0.7085437,-1.8196442,0.02605765,0.24061003,-1.186418,-7.182634
0.8116182,-0.8783841,1.7624418,-0.40507182,-2.2129612,-7.8124666
-1.7229695,-0.88453096,1.075957,0.061721858,0.28530896,2223.3208
-2.5947163,0.34601858,0.18684283,-0.5893175,-0.75761193,1035.8688
0.9999431,0.4684139,-0.83748096,-0.3656787,1.6224716,6.5545826
1.8286277,1.2576855,0.24470258,0.91733795,0.53005075,679.52155
0.31088898,1.181461,1.4032952,0.8774979,-1.0652674,390.01288
0.20153964,-1.3442187,0.653526,0.7230768,-0.031772133,1539.0712
0.5331579,-2.7004898,0.12953685,1.2141237,0.5240608,1075.0846
0.41187105,-0.7727021,0.33827662,-0.7169789,2.4449735,982.3278
-0.35688677,-1.0711936,0.7750407,0.012091891,-0.16621393,837.93713
0.65532035,-0.5520768,-1.5003595,-1.8119727,-0.8093573,-15.574595
-1.1722345,-1.687323,-0.3960961,-1.2687533,0.55361503,-6.495124
-0.13907963,-0.8517174,-0.124385215,-0.55980575,-0.074333295,215.9697
1.6883646,-0.71058536,-0.20902687,-0.07097013,-0.49826878,-196.92772
-2.0530002,0.9551318,-0.24282865,0.090013616,-0.7982859,1522.528
0.011992405,-0.6505544,-0.5183952,-0.93282294,-2.3433788,-17.352337
-0.2943599,0.251548,0.19715916,1.0433487,0.17888081,962.5862
0.9693251,1.3381906,0.08115702,-0.8987897,0.53899163,3.530407
0.29103658,0.597976,-0.09563457,-1.5288188,-0.0128364675,-4.0613704
0.11356139,0.5193681,0.57966065,0.20403439,0.32430273,6.3012433
0.5831103,-0.072017945,0.16939259,-0.8293776,-2.0414157,-11.81292
0.3342194,0.8959444,-1.050915,-0.16408046,-0.28425765,1929.3083
-0.22157426,-0.9401788,-0.9236679,0.092707515,-1.3048142,-9.997918
1.8906798,-1.9266144,-0.11611623,0.4720422,-1.6702175,-8.663003
0.89347875,-0.06524015,0.24592,0.6699741,-0.40374196,1373.573
-1.0650947,0.6175974,-1.0026463,0.66890925,0.6460484,4.627407
-1.0453666,-0.2547078,0.19038573,-0.6713731,-0.049537696,-2.472856
0.0064434423,-1.2473073,1.5567305,-0.9712785,-0.2583565,1070.127
0.99194473,0.9454099,-0.27194732,-0.8252298,-0.74792236,-4.4892373
-0.22381255,0.46691242,1.6623489,-0.954062,-0.4503219,-106.335785
-0.15296344,-0.4611673,-0.9597537,-1.7621851,1.7848836,-1.0321211
0.42717582,-1.1707954,-0.15966733,-0.7290091,-0.4691507,-385.11847
-0.35614488,1.7186488,-1.0238676,-0.0024518264,-0.11107771,0.6243732
-0.30353048,0.18660079,1.267548,-0.908719,-0.45175913,-0.8670732
1.388557,-1.0774405,-1.6030529,0.16215776,-0.45394892,304.18945
0.33226943,-1.4475688,-0.3879649,-1.2813329,0.9628209,-3.2502387
0.58080435,-0.4255327,-1.3265759,1.1611493,-0.36980516,-502.94965
0.68546706,-0.3213955,0.2537006,-0.68949234,-1.4964544,-8.858727
0.7092127,-0.37687394,1.7652794,0.9769473,0.27293813,-1205.8092
-0.5303746,-0.74706924,0.23581389,-0.15376118,0.6572851,-356.67966
0.7683446,1.5455856,1.0111961,0.18449955,-1.1410702,2.5035229
-1.1326933,-0.5367392,1.0543972,-1.2917737,0.08555583,-2.2759876
1.0301187,-1.2610182,1.0294116,-0.5155318,0.9501904,1653.99
-0.4959161,0.22968343,1.2555044,-2.2855654,0.5129199,2764.6199
0.35579693,0.117190704,0.61387706,-0.43835518,0.6521741,4.6818666
-0.10020681,2.6246526,-1.2248894,0.32169172,1.0214279,-888.56024
0.8365543,-0.3274238,0.5047875,0.032402392,-0.64355075,-0.8466465
-0.29768515,-0.6738435,-1.8542535,-0.11813226,-0.34555733,-8.213415
1.120847,2.253026,0.29907045,-0.63411194,0.9525024,1316.636
1.2567698,0.98061836,0.79746586,0.16206303,-1.5287519,738.13715
0.6511979,0.27964333,0.41244382,-3.2242796,-0.2392499,-10.97006
2.9850605,-0.5372332,0.4077136,-1.2355088,-0.48296502,-4.729243
2.06359,0.99597126,0.8219688,-0.41367897,-0.94448346,1537.583
1.0315046,-1.645885,0.42275733,2.182834,-1.1727405,-930.68604
-2.1677039,-0.56836635,0.1318929,-0.7443258,1.1188784,314.04498
0.54785365,-2.1614165,0.7222659,-1.6590755,0.86605895,912.77014
-0.5188614,-0.415776,0.45238015,0.2196103,0.20243931,623.08887
-1.1064283,0.99012244,0.43859604,0.14503653,-0.6191007,1511.4362
-0.16745484,0.22903743,-0.448547,0.41665077,-1.8219377,1272.2828
0.4690977,0.9471659,1.6747645,-0.105872706,1.5220382,1969.0098
1.3265481,-0.84383875,1.2749574,-0.31793097,-1.8351843,-6.6357255
-0.74636966,2.3281212,0.7004721,1.22247,-1.4290577,5.2204156
1.2809763,0.47789532,-0.24007678,1.2809589,0.4661743,9.28175
-0.30452606,-1.7010798,0.55072117,1.212229,1.4624875,740.1679
-0.38494438,0.8346616,0.5100205,-0.40684527,0.53737766,4.9993973
0.7727934,-0.9616206,-0.867136,1.0149916,0.16724724,1.7508372
-0.8271952,1.3208524,0.3137855,-2.2629032,1.4908147,1118.3562
1.2389765,1.2553152,-0.31562766,-0.92667747,-0.89878976,-5.0631647
-1.3327208,0.35708824,-0.17014928,1.6013774,-0.06113947,955.554
-0.69634104,0.06576644,-1.80361,0.6318092,1.4763118,2364.1714
0.6479715,-0.16045134,0.11528803,1.5661409,-1.5731808,-0.26064655
0.9213837,0.70506406,-0.97456264,-0.46283555,-0.6170162,-4.8989964
1.836123,-0.7275414,-1.2464515,0.2869049,0.7298038,1723.9532
-0.031970695,0.73694086,0.21641284,0.527025,0.016086986,982.78687
-0.6805568,0.29513013,1.1075828,0.46712914,0.8246532,433.8958
-0.3101938,-0.12117432,-0.54279065,0.87035805,1.453865,932.68726
1.3704671,0.8753962,0.5696987,-0.8418302,0.16746998,977.07916
1.9408325,0.20228073,1.1786293,-0.30498555,0.8455354,8.974583
-0.7336811,1.0755332,1.3456768,-0.041016616,-0.97968954,1.6600504
1.7585621,0.7232836,0.22300051,0.39118946,-1.0913857,1451.9943
-0.11076761,-0.96890724,1.2607274,-0.6912844,0.2494381,1.3232943
-0.28217515,0.10089713,-0.09670316,0.66256106,0.38872004,1674.5286
1.3244855,-0.46845812,-1.1214379,0.5825817,0.07686127,0.11933528
0.29772946,0.10818901,0.67640215,1.4291842,-0.4514165,-38.411575
0.41799957,0.42946282,-0.968902,2.1739109,-1.3913102,0.9554039
-0.5549342,-0.13663504,-0.67783237,-1.8634838,-0.031007202,-9.186029
-1.393356,2.322811,-1.3570771,0.038200412,-0.83658975,-3.203949
-0.49231705,2.2743149,0.08689671,1.7051486,0.78482527,16.340124
-1.1259675,-0.11920312,-0.19419987,0.06916835,-0.6386883,742.5498
-0.22257476,1.573635,-0.0379114,0.44508582,1.1703886,11.541649
-1.0163006,2.8126287,0.30323523,-1.1566124,-0.05177371,597.8025
0.37795302,-0.13179128,-0.7247373,0.48647755,0.08217114,1.1713865
-1.3960751,-1.4214991,-0.8693785,1.4278293,0.3797406,2.4257777
0.36848393,0.008478766,0.9699016,-1.4558725,-2.0585544,2715.635
0.046519257,-1.1442367,-0.06524195,1.2709967,-0.15969512,2.8836246
0.6256843,-1.3948386,-0.91533536,0.33839887,0.8753738,2056.993
0.13217339,0.5419879,0.25745344,-0.35223153,-1.5250341,-608.8129
-0.90911204,0.5758026,-2.5528913,-0.8667499,-0.64282155,2613.2908
-0.8474963,-1.7181134,0.93347514,0.033678066,0.16526428,0.8904868
1.7017277,-0.35406035,-0.13512914,-1.4207482,-1.4442883,-12.217153
-2.1720276,-0.26755333,-1.2948352,-0.052090254,0.83821464,2713.2256
-0.6843264,-0.23136924,0.28957534,-0.41272262,0.31336632,-1702.2169
-1.412959,-0.63715833,-0.6590324,1.8406337,-0.37936202,2.4652019
-1.5021254,1.4910524,-0.8903149,0.5898579,1.2408847,9.05122
-0.6928329,1.1502633,0.2328128,0.40605876,-0.3600947,3.4428232
0.17549634,-0.7502387,-1.9419911,0.36878648,0.30975768,610.26447
1.195684,1.3418198,0.41272843,-0.80290174,-0.5962846,-0.6450423
0.6287215,0.24030866,0.40396258,1.0716467,0.03519568,2181.2656
1.3434579,-0.36972243,1.3247705,1.4287231,-0.5235432,8.084044
0.09224035,-0.3140465,0.99283856,0.6679972,0.19096789,7.0218916
-1.3909577,0.73949635,0.97308254,-0.6097288,-0.36348322,1263.8683
-1.747471,0.04136362,0.08899758,1.9746891,0.84129155,277.82904
-0.4971793,0.36481616,-0.96926296,-0.9514942,0.11762702,-4.6313906
-0.7765016,-0.58052033,1.016669,1.7959789,1.7667673,18.545849
0.09072558,1.8341545,0.33605134,-1.117752,-0.023913855,642.2548
-0.00087538955,0.35438654,1.3101381,0.8962743,0.385426,-341.04437
0.1997007,-0.7742753,-1.8946049,1.0841316,0.39856064,3382.3801
0.4553099,1.6245251,1.611015,-1.0367181,1.0002987,610.3334
-0.8976485,1.0767003,-0.18246588,-2.700254,0.5079238,904.69244
1.617097,1.0566531,0.9503186,-0.3622454,0.7605514,220.77287
-1.5539798,-0.8918307,0.5417565,0.73196614,1.0535498,8.2877655
-0.82308483,-1.3368635,-0.32280692,0.77762854,1.5259545,2221.7566
-0.559075,-0.86531186,-1.5772542,1.7428744,-0.5226266,-1.4092649
-0.41527545,-0.20138495,0.46485043,0.0037690515,-0.55780923,-1.007218
0.19148907,0.07487937,1.0915864,-0.6536401,-0.14391266,1085.3396
1.4301463,-0.45295733,-0.9054412,-0.9269139,-1.16612,-11.3946705
0.912833,-1.2592893,-0.10506028,-1.3214229,-0.55830747,-919.5973
-1.5032426,0.5422472,-0.90330535,-0.015982935,1.1628052,4.4461694
1.6309792,-0.8989732,-0.60682666,1.296594,0.92332554,-671.941
1.8326681,0.51841474,-0.48939508,0.8889399,1.0880133,1607.6211
-1.6016254,0.12885357,-1.085763,-0.09332094,-0.93753815,-7.836164
-2.2422926,-1.7513634,-1.7554883,-0.5346929,-1.3555229,-17.762892
-2.0928214,-0.41380548,0.9407574,0.28588596,0.25836265,641.0453
-0.15527186,0.2047244,0.749706,0.86722904,1.7623019,2603.2825
-0.46533597,-0.74112177,-0.37108272,0.0055490714,0.9275836,706.45197
0.41184074,-0.063829616,0.12693825,-1.9944727,-0.22727303,-7.5463
-0.45418653,0.27441353,-0.38125777,0.8542929,-0.9610881,-1.1761992
-0.2071472,-0.5361626,0.27711135,-1.0871292,-1.2958436,1140.1289
-0.21001202,0.13131152,0.63444847,-0.050277665,-1.6058084,-5.2273116
-0.96567005,1.5091201,0.71502626,-0.3179048,-0.30748776,1180.8798
-0.10308812,-0.08032202,-1.4838252,0.02973663,-0.9544874,1237.6647
0.92200744,1.24934,0.81839365,-0.053317968,0.09718073,507.35776
0.0747346,-1.5395057,1.3167833,-0.083787315,0.37483466,766.7185
-0.07814408,-0.58060014,-0.57363904,-1.8309394,1.1153176,1070.7521
-0.15891528,-0.6281299,-0.9392421,0.77153563,0.009360815,181.34473
0.36762935,0.6830988,-0.27908826,0.23253569,0.07796917,3.03948
0.96439624,0.53905284,0.5001689,-0.03037763,-0.009346706,2091.8928
-1.506219,-1.5493574,-0.96141905,2.580254,-0.3539945,2.8120298
-0.9746874,-0.111310944,0.5863906,-0.76034296,1.6516628,7.2323246
-0.9393484,-1.2773781,-1.8105291,0.5034576,0.79748803,-1.4718211
0.7896429,-0.40349084,0.2885276,-0.7017595,-2.04406,-11.614179
0.9999729,-0.5464621,0.83962935,-1.4898585,-0.59346306,1179.5251
-0.4542076,-0.268009,0.27094582,-1.4006392,-0.86093533,2681.5593
1.010188,-0.4867979,-1.1823676,0.69381505,0.18664072,0.738568
1.8110362,1.1522343,0.5204074,0.68870836,-0.38343692,981.745
-1.271418,0.9076401,1.2666812,0.3935992,0.0071783434,254.46136
0.85845953,0.24081486,-0.3567486,0.16039273,0.9251965,6.0566435
1.010279,-0.15417138,-0.48927486,-0.12240562,0.30828822,0.79634523
1.1399529,2.1359308,1.3160304,-0.20441465,-0.5902067,5.9917674
0.037529767,-0.4673071,-1.1621035,-1.271171,0.37440974,-1057.326
0.40340838,-0.22962928,1.574073,0.49745086,1.1152189,13.075485
0.22085038,0.9135179,0.81726736,0.002374316,-0.9246997,0.75796866
-0.1696939,-1.2278656,0.58754784,1.5452745,0.41720295,123.87958
0.6055144,1.0158807,1.5926508,0.9709031,1.5322428,19.64722
-0.83792627,1.7971892,1.0442181,0.28729337,-1.3077981,1170.6763
-0.071650006,-1.3327771,0.7238621,0.39135545,-0.09533729,1086.4323
0.501084,0.15249133,-0.1231859,0.2787987,-0.9211118,1151.5513
-0.0342647,0.087938346,-0.29689753,-0.93615294,-0.55173576,-6.2327704
-0.69948184,-0.36864033,1.6522657,0.8933304,-0.41653323,1225.3447
0.5287949,-0.7984528,-0.24216355,-0.59488666,0.6780105,-0.0013781786
-0.22794223,2.311372,-0.38182092,0.2308719,-0.65546745,2.0152075
0.60927105,-2.2278893,-0.36982426,1.0539503,0.15767014,0.6765165
-0.4799124,-0.79869914,-0.14892426,0.1092278,-1.8324652,339.36145
-0.25034738,-0.6739255,-0.37234646,-0.6291252,-0.0021367494,1053.8146
-1.2304187,-0.10734648,1.7976248,-0.51907474,-0.6253302,2487.5425
1.9458942,0.4631168,-0.4902367,1.5643585,-0.0074031428,1529.3473
1.0889891,1.3036376,0.5827323,-0.8181643,1.4118586,9.684007
1.0819232,-0.8629569,-0.82690394,0.47769326,-0.5760697,-3.6754775
0.1546359,-1.1409553,-0.7600579,0.8007126,-0.03998309,-0.5332586
-0.7281215,-0.28800562,-1.5425242,1.4889351,-1.6087132,-210.57178
-0.07834228,0.013209985,-1.6969624,-0.31059062,-1.3285387,-12.004219
-1.6123924,0.7116886,1.1161935,-0.5534725,0.788006,1102.4277
-0.2410283,0.27896997,2.0812635,-0.18963264,1.1322169,12.674928
-2.4837518,0.036683694,0.37033263,-0.3656736,-0.19340122,1494.5688
-1.3257381,-0.20104462,0.5029551,0.88023794,1.9181756,14.582837
-1.7905949,-1.6217214,1.7990301,-0.39176384,0.054045398,-604.047
1.1875523,-0.81544787,-0.96508646,-0.76054764,0.33694932,-4.3111353
-0.6700124,0.15884954,1.254356,-0.31122103,-0.19923224,2.487896
1.166135,0.18384336,0.07242514,-0.111355074,-0.58205694,-1.2054458
0.47518274,1.1919863,1.0737832,0.29072085,-1.6027923,-78.621346
-0.90129375,-0.03315613,-0.49105343,1.0083475,-1.8460473,-6.1738486
0.96824855,1.16063,0.09953026,1.2866426,-0.45270935,2180.2654
-0.14068423,1.0153238,-1.0373579,-1.1304384,-0.037572198,2185.8628
-0.30065414,-0.9987963,0.3992841,-0.07182732,0.21621764,2216.9204
-1.3827012,1.1439111,-0.008847076,2.3062642,0.556078,14.609013
-2.0024667,1.1155827,2.3030915,-1.6620882,-0.3282193,0.766726
-1.8965801,-1.3081812,0.006239316,-1.1610966,1.9372959,2.5431173
2.237062,-0.040614575,0.7512305,1.0702384,-1.5135157,0.99539685
-0.8298421,-1.0527223,1.6084098,-0.82098687,-0.44688618,-2.1864946
-1.2464145,-1.3931706,-0.18207861,-0.57198125,-0.86792415,-9.64839
1.1660078,-1.9488627,0.2806963,-0.5405652,-1.431453,1982.4913
-0.008575149,-1.4089956,1.3139378,0.68858397,-0.46723598,2.5182207
-1.1953076,-0.27140447,0.13403992,-0.7716941,1.2909425,1044.2147
-1.2504364,1.9054599,0.463622,-2.2401047,-1.7150474,-11.898223
-0.7827825,1.2541027,0.7701567,-1.4655766,-0.027406039,2476.0415
-0.6401992,0.6591635,0.20054303,-0.57625437,-0.14536579,2584.3152
0.2748402,1.0675588,-0.31886134,-0.30741537,0.8200583,834.8608
-1.6210504,-0.98373926,-0.40838706,-0.43471918,1.7000867,1995.7292
-2.4973924,0.09052084,-0.07877745,0.19682235,-0.19920236,-0.49749422
-0.28956872,0.027067848,-1.5124537,0.041451134,1.7638625,5.4325247
0.58497244,0.007952612,-0.512752,0.5500624,-0.9391759,-189.33168
-1.6698557,0.7408904,0.2424018,-0.40638474,0.72671354,2429.4436
-0.59324616,0.77235705,-1.385992,-0.69507337,-0.5396915,1036.1786
-0.49299014,-0.1912797,-0.6226885,-0.5102061,-1.0132308,-8.641908
-0.9059556,-1.4787704,-0.80679846,-0.51253474,-1.4512465,99.19927
0.21501532,0.3545787,0.2237075,0.54928756,1.4118841,12.95148
1.6138107,-0.016631138,0.050880224,-0.25146702,-2.170295,-9.97917
-0.27263907,0.24198966,0.27142236,2.1688418,0.8916331,-336.58505
-2.4845564,1.7072258,0.4865636,2.1085253,-0.24490795,11.880103
-1.1923052,-0.69422764,1.1044807,-0.644342,-0.7904815,-4.173083
-0.78709537,1.5411351,0.3864238,-1.0080303,0.54303044,3.5285778
0.11921785,2.434974,-0.327447,-0.2114912,-0.081918955,3.723154
-1.5066898,0.10585077,-0.11609975,-0.50425947,-0.2253592,1677.137
-0.1712931,-1.3840829,0.27525726,0.6830871,-1.4601865,-5.6443124
2.0145206,1.006021,1.4528776,0.017837493,0.81870234,12.518758
0.017096283,-0.29622337,-0.47874546,0.33838698,-0.58608705,2418.8904
-1.0162034,-0.45999068,0.14024556,1.2688586,0.00017927494,3828.966
0.70839775,-0.8951026,2.08885,0.27088746,1.1643049,1317.1948
-0.71524704,-1.5171542,-1.0495723,0.6401947,3.3733757,13.855806
-1.1184876,-1.4480902,-0.292387,0.09905484,1.0391974,2.2403018
0.21450599,-0.46554607,1.333494,-0.82642543,0.58589536,4047.2522
1.0202314,-0.7293403,0.48613977,-0.66681063,-0.69344735,-4.6081166
-1.4157473,0.4017761,-0.1859313,0.6216092,-0.7992353,-0.98737955
0.61981255,-0.053955432,0.7385048,-0.8692333,-0.32854074,925.11554
0.45928168,-0.627095,-0.2464496,1.5939041,-2.4683232,610.10046
-0.95902693,0.055746026,-1.6088077,1.2734253,0.05516507,1.1677016
-0.25450054,1.2421256,-0.26813698,-0.28623188,-0.18428734,1459.6061
0.46381435,-2.0172238,-1.098371,-0.6224808,1.1099175,-2.95216
0.8090713,-1.4119296,1.019195,-0.68508536,-2.3353465,-12.762176
-1.0353391,1.7557218,-0.5797151,0.8035782,-1.0014325,0.41390398
-0.61449367,2.2242446,0.36325097,0.917415,0.070046306,-114.967606
0.7963394,0.6754493,-0.8989896,-0.7814183,-1.0426495,-8.2326765
0.8239266,1.8327936,1.4986289,0.7289591,0.32459888,14.181817
-0.051051572,0.88780046,-1.1473124,0.75745875,0.45291358,-705.97723
0.4905356,-0.58744895,-0.75359416,0.23592983,0.49452093,1.2500013
-0.1928009,2.1812658,-0.75473744,-0.48583242,0.82256997,5.190019
0.045733713,0.41322598,-0.8636959,2.3548887,0.14864615,672.7289
-0.028498663,0.9783035,0.45900533,0.7713417,0.6404045,1101.8457
0.33180788,2.5462894,-0.23410888,1.4834737,1.1512195,17.239756
-0.29808906,0.13823338,-0.5986125,1.0105859,0.41075402,90.80614
0.42559928,-0.5828169,-0.32524073,-0.74870753,0.22342595,1133.4198
0.21841417,1.7726214,-1.2518163,-0.2039499,-3.7990541,-18.924465
0.084332846,-0.7756069,1.5915784,-0.9343664,-0.6954477,-2.9414032
-1.9906431,-0.608787,-0.7558397,1.4337615,-0.24111883,1.0124378
1.6823155,-1.9491327,-0.30468854,0.1722398,0.18924499,521.8053
0.74176955,1.103691,-0.9373426,0.08260765,0.8548098,5.4148955
-0.23680271,-1.280272,0.5294021,-0.4282986,-0.6767007,1495.8715
0.10561634,-0.5543295,0.147124,0.039661497,-0.16019338,-0.3086914
-0.22740941,-1.4951138,0.22547354,0.46830118,-0.12103497,1373.4111
0.084074266,0.006970607,-0.30456915,0.924702,1.2590278,10.161088
0.48533466,-0.17031127,0.12599646,0.90394926,-0.11732021,4.20229
1.407745,-1.0270926,1.3247553,-0.26812792,-0.9060804,2117.827
-1.2886864,1.7232968,0.83328515,1.0377556,-0.74419004,1138.3346
0.991613,-1.3110528,-0.25161487,0.5485872,-0.9206022,-4.2715826
-1.174986,0.46875936,0.25162536,0.096355334,-1.288251,-3.944303
-0.59245735,-0.4687655,0.95143175,0.11210671,0.98448235,945.9229
-0.79473126,1.0193621,0.6373183,-1.3785332,-1.290379,780.2791
-1.7388295,0.9250612,-0.45315018,-0.03838353,0.79515225,519.86676
0.56956583,-1.7335452,0.15607655,-1.0903298,-0.16185161,244.69017
0.17185497,-1.4255224,0.029871682,0.28728193,0.081815094,-124.290825
-0.21163385,-1.4001634,-0.46416622,-0.3681498,-1.4465901,890.0821
-0.025089342,0.54448646,0.8028301,-0.15167512,1.2058294,9.878303
0.46716028,0.15268242,-0.71843314,0.8577082,0.9351048,7.446487
0.93269014,-0.59610635,0.47235045,1.6417345,0.76939595,1449.9949
0.8957086,0.66473746,1.4373533,-1.0174378,1.7583041,11.741179
0.16674268,-0.059471466,-1.4302133,-0.33543757,-0.733294,342.27496
-0.9281297,0.15264821,-0.20203511,-0.42271784,0.02093437,-1.3811306
-0.9571848,-0.12022787,-1.9695637,0.40304112,-0.8397322,-8.256192
-0.15695128,-0.29055583,1.4216148,0.055030562,1.2700101,1939.1041
0.060957406,0.5845092,0.05581904,0.47679278,-0.18203211,3.3551624
1.209337,-0.82372546,-1.0267568,0.45501405,-0.38363707,36.25433
-2.1944466,-0.5992207,-0.5567255,0.10502734,0.33994675,774.68414
-0.8882216,-0.82541406,0.14935867,0.5451911,-1.1251246,-4.0554667
-0.47038755,-1.4269726,-1.1066539,-1.614769,0.64039403,-8.683201
-0.46809304,-0.7049428,0.9655052,0.09109183,-1.2573165,-3.6845803
0.35763425,1.0719436,0.6820837,-0.64704466,-0.22762641,1.7326779
-0.014616515,-0.1858252,1.6441245,0.25298998,0.18132661,3139.6436
0.06821341,-0.017617512,-0.8250523,0.61008465,-0.048909377,409.95425
0.0142638,1.310203,0.46503547,1.1137562,0.065094404,9.866466
-0.9949931,0.23702316,0.51408106,-0.22385436,-1.5643586,1191.6677
-1.4398794,-0.433854,1.3494558,-0.51610786,-1.1757789,-4.4785123
0.1242216,0.16521248,-0.53501296,2.0923743,0.43788275,10.301097
1.121899,1.0526942,0.5972302,-0.51812613,-1.1912757,-2.5832827
-0.5990997,1.8401395,0.39472058,1.1638595,0.69216835,665.0912
0.07636277,0.69809353,1.4979069,0.7481453,-0.3795957,1053.3641
1.9962865,0.9299928,0.70863265,-1.2238945,0.27907008,2417.7676
0.42671785,-0.93547064,-0.03416683,1.0284876,0.37972876,5.298683
-1.514845,-0.42532957,-0.87202865,1.8194867,0.22053152,5.22362
-0.46026278,-0.007931788,0.39885885,-2.3114042,0.07075007,-783.35443
0.41949096,-0.7163857,-0.19129176,-0.2125158,1.2490298,899.10114
0.06903587,0.4920881,0.16022988,-0.4811825,-1.7025326,2210.719
1.064888,-0.39579847,-0.17993905,-0.9104366,-0.89196205,-7.9763246
0.42589092,-1.2672851,0.10494124,-0.4834918,-0.6639212,1153.8143
-2.4997342,0.6876255,0.39876205,-0.5485328,-2.2559512,38.817772
-1.3378919,0.058913503,-0.74200034,-0.6223727,-0.37699944,557.29285
-0.1536083,0.6131759,1.284084,1.1934211,-0.032228645,10.647237
-0.6415998,0.5236702,1.2397974,-1.4588833,0.47612768,2.0331454
1.4897321,0.0063252696,-1.5563357,-1.3634998,-0.77805936,-12.343834
-1.6476815,1.0504085,-0.8829574,1.5708131,-0.010836729,620.2368
0.04851365,-0.012897185,-0.022092313,0.009355864,0.4584888,1079.1597
-0.13675684,0.6843448,-1.8628212,0.44214132,-1.4999694,-9.026658
-0.2882557,0.3241275,0.12163332,-0.1482167,1.0466734,1978.9034
-0.9519603,-1.8276583,-0.36893016,-0.84171253,-0.79149145,1003.6749
0.34517372,-1.0639832,2.3659723,-0.91071314,-0.8197738,395.6399
0.30200693,-0.5556406,0.13160042,0.10973523,1.9379886,10.55217
-1.6694006,-1.475108,-0.6643673,-0.26675683,0.9991684,-0.87536025
0.2120167,0.3766176,1.1046778,-0.8031599,0.1631864,1414.7216
1.5041012,0.47838137,1.597647,0.17895515,1.4231524,28.56231
-0.15962261,-0.5299632,0.33406588,-0.8164085,1.1431565,127.376755
-0.12197222,-1.1780136,-0.4332038,-0.6475904,0.6079555,-2.3835135
0.51256263,-0.62359786,-0.42404127,-0.14684175,-0.07565224,1338.1036
-0.3186846,0.91199917,0.6472252,-0.36544478,-1.5259919,-4.4901075
2.358508,1.0960811,1.1893467,0.78250927,0.6120093,14.171583
-0.0251715,-1.4454836,0.7217957,-1.4039512,0.5726278,-2.538235
-1.4946402,-0.56166226,1.8889962,-1.2194544,0.39281246,1.9297053
0.493382,-0.8587356,2.1509373,1.0988895,-0.24045627,9.221478
2.2611227,-1.0818824,-1.9678729,-2.2639084,-2.6096468,369.9019
-0.9919836,-0.2345013,0.4955407,-1.3799195,-0.22827323,-5.072439
-1.0846238,-0.8879579,2.574399,-0.53464913,0.1244473,4.8953176
-1.2671406,0.16803233,1.0389516,0.2944284,0.56094164,7.7204013
0.22443947,1.0064833,2.1583605,-0.63807034,0.28901178,8.538566
0.5973908,-0.4257242,-0.67893696,1.174046,1.4258931,10.272831
-1.3950095,-0.24478191,1.7207844,-1.5394846,-0.35187086,2100.162
-0.4508774,-2.0768044,-0.6102812,-0.31318223,2.1293108,4.292028
-0.13159968,0.6979037,-0.8950907,-0.34985688,0.34883523,3232.3047
-1.630254,0.38770005,1.0990763,0.4403291,1.6217318,14.113779
-0.4871206,1.2675323,0.24322036,0.51114076,0.55152375,8.812867
0.63066167,0.10262078,-0.5822293,0.14123274,0.7471047,4.046557
-1.2221882,-0.18112023,-0.36355332,1.3980621,0.028840935,4.622535
0.75548565,-1.3877505,2.006282,0.87823695,-1.2376581,570.4688
-0.5249483,0.28395075,0.45063406,-0.35243756,-1.025206,-3.8834853
0.33442512,0.91333836,1.4855884,-1.092227,0.58720195,6.0549603
-1.6673752,0.30153093,-1.0806319,2.0509615,1.0578897,1861.6545
-0.60143656,0.77672005,-0.54961944,-0.013402697,-0.08300001,-378.17703
1.0602744,-0.087894015,0.6478239,-0.17927064,0.5551261,-162.2987
0.08381659,-0.8803474,0.07768695,-0.3442469,-0.35290796,1438.976
0.5613542,-1.1495084,0.10612533,0.5062503,-1.5389274,-6.265124
-0.880187,-0.82571405,0.42761895,1.194956,-1.8997256,-4.529847
0.9473801,0.64977777,0.9590147,-1.3188951,-1.6821681,-8.052454
-0.7191102,0.39808443,-1.1138362,1.7554343,-0.69341516,1.5409982
-0.3810714,1.6208346,-0.033595886,-0.6448381,-0.30422488,-0.19974288
-0.5182598,-1.1181941,-0.9619386,-0.26348034,0.61684954,1633.9916
-0.9684478,1.153118,-2.0707042,0.33130467,1.0037371,1852.6655
-0.96047765,0.6498318,-0.29881036,-0.49263218,-0.7282612,737.38837
0.11729864,-0.5291924,-0.9934168,1.4421027,-0.6227092,-0.2948019
-1.1865665,0.8215353,-0.8181776,0.5724385,-0.7054401,-733.62305
0.95507056,-0.6872018,-1.6539347,-0.67237496,0.39267576,37.62986
-0.036875114,-0.23459888,-0.2146414,-0.41737074,0.06787247,591.6438
1.593596,-0.7833507,-1.6208085,0.3849401,0.6593536,1481.5546
-0.2961154,-0.68701136,-0.6314301,-0.43930542,0.15199898,-3.3532786
-0.5089776,1.1004946,0.2786978,-0.5832409,-1.0956485,-4.084588
0.20684345,-0.3479005,1.3486501,0.18768863,0.8951988,-310.73932
1.1533574,0.18047981,1.4875418,0.19671279,2.2916157,18.608608
0.19473341,0.96626884,-0.30161646,-1.6959128,0.55307156,1559.4343
0.34709057,0.031385075,-0.055597838,-1.9042472,1.3611052,0.34555495
-1.1590098,0.89632857,0.9981705,0.6046655,0.11638663,8.200679
-0.25117677,-1.0659355,1.2452842,0.4510379,0.57756025,118.65622
-0.0967614,2.7645574,-1.1655236,0.0073306574,0.1490971,1889.0414
-1.975588,1.0633682,1.1051759,0.11334776,1.3504466,890.3355
-1.4976496,0.020485729,-1.0160024,-0.92821574,1.185619,853.02496
-0.38403016,-0.94897634,1.1421474,0.12348501,-0.5710583,981.418
1.146304,-0.42587918,-1.0395246,-1.3980467,-1.4377196,-15.112498
-0.18428662,0.60666615,1.8630618,0.90863645,1.1818687,338.46948
0.35848662,-0.36798692,-1.505633,1.262593,-0.75765115,-2.8473158
-0.06737036,0.5135249,-0.3818244,0.61965436,1.274657,1368.923
-1.454609,1.5446583,0.57434434,0.87742543,-0.36066848,6.8419466
-0.91718596,0.57710314,1.2143011,-0.7346107,0.7154825,1435.4691
0.2680036,1.2440075,-0.115525,0.98003894,-0.35926867,901.7928
0.41928262,-1.4453835,1.3161818,-1.1051997,1.8659118,7.166941
0.52583534,-1.6096683,0.44218004,0.24011464,0.26366916,2313.5
-0.86608076,-0.80176187,1.4761684,-2.2308176,-0.30735686,-7.131292
-0.3875783,-1.7862543,0.7567364,-0.4127081,0.8766348,2.2895072
0.12278808,-1.2624397,1.1197406,-1.3460944,-0.023339033,-28.394325
-0.9324411,-0.19784527,0.09495164,0.9354035,1.6423446,12.34875
0.37765512,0.19046833,-0.03572312,0.84757596,-0.27249053,3.5216274
0.9493395,-0.12082914,-1.114966,-0.114348546,1.4127346,1607.5833
0.10302218,-0.19811936,-0.036092665,-0.36050937,1.0033916,1403.3756
-1.2161589,-1.0107712,1.244512,-0.75761145,0.15864573,2015.1868
0.60110927,-0.9783528,-0.198216,-0.7908622,-0.5333391,2011.9604
-0.80864346,0.3278264,0.6856748,-1.3055302,-2.781507,-15.846038
0.45330837,0.42060873,0.28877008,2.0770078,0.028208217,727.55426
0.7514161,-1.7699102,1.1468079,-0.93408006,0.19850732,-1.4378078
1.9817283,-0.49441347,-1.264673,-0.7218756,0.13213657,2582.5916
0.2080689,-0.09112559,0.41735643,0.5613946,0.030250376,-389.50092
-1.4079036,-0.6314142,-0.8908546,1.2037525,0.8128371,1476.869
-0.2777973,-0.2998686,1.0251312,-0.1875162,0.2173642,3.6981666
-0.34567153,-0.7236996,0.20294353,0.3552697,-1.3086586,-5.199608
-1.1239039,-1.74686,2.0972285,0.31170353,-0.2200832,3.3744414
-1.6701918,-1.6109135,-0.3638179,2.2277603,-2.1331599,-312.04892
-1.495243,-0.415863,-0.2910342,-0.39776012,0.005893664,263.11835
1.3403969,0.13173187,-0.5746732,0.018846756,-0.18892387,-901.1336
-0.39193824,-1.4492149,0.8820265,-1.7772228,-0.9970337,-537.9381
1.4575784,-1.1415007,-1.4738066,0.5082653,-1.3487047,-9.653707
0.31619903,-0.36334586,0.63274074,0.47913367,1.1630461,10.107439
-0.78492,0.44445997,-0.819673,-0.8450141,-2.052245,-164.87888
0.95174676,-1.1224145,-0.51529914,-0.44286186,-0.21582155,-5.112909
0.7460608,0.86707824,-0.9460328,-1.0448844,0.5922347,1771.8684
0.34732,1.3837012,1.0328889,-1.6154312,-0.15247674,615.4722
-1.988605,-0.4001901,0.21359581,-0.14036408,-1.3743802,133.50824
-1.7546681,-1.8838208,0.5684762,-0.1606206,0.3416354,-0.88832414
-0.43584695,-0.5094594,-0.91078246,-0.037408836,0.29282892,-1.6483158
-1.2549499,-0.63879293,2.8025274,0.4591192,-0.9425847,4.6550264
0.7397769,-0.20350482,0.9985423,0.3204039,-0.8615073,0.9276731
0.083416775,0.6870989,0.26433927,-0.13920633,-0.93875045,-2.0192008
1.582398,0.33169156,-1.0851773,0.7485905,1.7991142,-61.51356
-0.41136122,-0.17027797,-0.87032676,0.06745019,-0.71154946,931.3328
-0.78244627,-1.6218103,-0.58251685,0.807059,0.4078072,0.841807
-0.17750688,0.51481915,0.044940133,0.42491475,-0.16435495,1533.7264
1.2907461,-0.97599185,-0.3357679,0.60293525,1.6822264,613.7892
0.043759532,0.34520248,0.7676398,0.43444964,1.7598828,1208.5796
0.30452392,0.22919033,-2.274359,0.018542182,1.1744797,1194.0544
0.6164034,-1.526336,-0.19277397,-0.56202585,-0.53727174,2050.4937
1.0523262,0.442804,-1.3075205,0.3370185,1.438009,7.0573063
-0.9599814,0.49371317,0.46741173,1.2173109,-0.21617256,6.7717285
-0.1217136,0.2774934,1.0207165,0.4750924,0.75525045,10.277384
-0.6406726,0.14890198,-2.497407,0.8404072,0.021101387,1461.326
-0.29651147,-1.2918382,0.29132253,0.6123066,-1.125243,-3.941078
-0.7649735,-1.4764599,-0.73523784,-0.12563507,1.117482,-114.337875
-1.4555064,-1.1553501,-0.031516675,1.9294399,-0.2771079,4.2758436
-0.7370301,-1.0454122,-1.4568304,-0.015599818,-1.8913523,-15.471353
1.4636095,1.0927334,-0.094990164,0.8764773,0.7992365,1721.5093
-2.3234923,0.3974217,-1.2921056,-0.2959141,2.6962142,9.080324
-0.8797965,-0.9807594,-0.119130336,-0.21094213,-0.05287677,-2.865503
0.6529439,0.3488704,1.2596414,-2.19982,-0.001426784,272.46506
0.0720994,-0.39927208,0.5500462,1.2817405,-1.3535264,0.1823703
1.6023414,0.56265503,-1.3770258,0.4899811,1.151842,6.4302416
0.24880356,-0.24918945,1.5552398,1.6545131,0.12417908,12.566104
1.9693497,0.59877324,0.65342873,1.8281522,-0.37313327,10.573421
1.6786276,-0.41402143,0.18751366,0.22694403,-0.16531752,1.6807857
0.1767789,-0.7772019,-1.2524331,-2.3066792,1.0257617,-8.398644
0.9779224,0.33821023,-0.0650097,0.6132634,-0.4574844,2.0475357
-0.30175352,-0.7464837,0.18707818,0.13907672,0.312607,1569.4498
-0.32083622,0.2623393,-1.3621291,-1.5599124,2.1868365,2.0087593
0.14242272,2.5486236,2.6223335,0.023256226,2.467894,26.389912
-0.39153507,1.2035557,0.9034641,-0.8588615,-0.8909324,-1.9009697
-1.0011166,1.9817972,-0.4260201,-0.39893994,-0.74504995,-2.1090593
0.18100868,0.46057066,-0.31443897,0.045246612,0.2640044,196.99962
-0.38690567,-1.440322,0.6040058,1.583596,1.1381698,799.25653
-0.8608182,0.116464734,0.58851135,-1.650176,-0.06066952,-4.3976145
0.16263437,0.410327,0.13930151,-0.09394308,-1.4913332,-5.575793
-1.5994701,2.217253,-0.9845235,1.8665977,1.0232502,14.211319
1.9549133,-0.56329495,0.31995025,-1.2320988,0.54782087,-0.32804194
-1.074634,0.21839789,-0.5179416,-0.10580434,-1.9799986,-10.9067955
2.3018258,0.9147757,0.57696503,0.5481897,-0.34576875,6.1525455
1.0389875,-0.48791704,0.84990114,1.1888722,0.6982444,173.6934
-1.2732584,0.66586673,-1.1210202,-0.9860897,0.47265825,-3.2188919
-2.0912051,-1.2630739,-1.1182171,0.4553336,1.3307315,2.5411253
-1.4707377,-1.8424581,0.19042268,1.9381174,0.5755889,7.7649016
-0.3524553,-0.12714379,-0.45559958,-0.38222855,0.87251025,2.043704
-0.602414,-1.6467063,1.193154,0.15532623,0.5203306,733.79456
-0.16637005,0.15284684,1.7876602,-0.3313761,-0.048961222,1314.6393
0.9215225,1.6792965,-0.010112839,0.74276865,0.058677204,8.0412
-1.0179967,0.45417133,0.5631503,0.08302349,0.21675138,4.427186
-0.58845335,-0.73911023,-0.2775839,0.0026952832,-0.662631,908.2262
0.073184475,-0.4661544,-0.59331214,0.6762579,-0.595396,1784.4028
1.0224644,0.15644167,-0.119142435,0.7267585,-0.7033386,0.89230865
1.4982939,0.20016567,0.03258719,-1.7779711,-1.602339,-12.950423
0.6293363,-0.5269285,-0.043112256,1.9016865,-0.49184805,5.274077
-0.22637498,-2.175219,-2.6367218,1.6217846,3.1072187,10.592056
-0.05253664,0.8007909,-0.18752831,0.009034696,-0.117202625,1790.4939
0.04798767,0.6787159,0.25777435,0.4472328,0.74602485,2961.324
-0.20780414,-0.6864764,-0.3791387,0.32167396,-1.6363995,596.7938
-0.47771284,-0.42881367,0.1941125,-1.0031999,-0.47267848,-5.903939
0.42647067,-0.28546304,0.13241534,-0.99782103,-1.5313371,-10.629119
1.5238923,0.6096651,-0.66858786,2.0178063,0.6625553,12.29706
0.79586613,-0.28823575,0.08383525,-1.1441815,-0.8695521,-7.902302
-1.3564305,-0.47674993,-0.19054998,-0.07182609,1.3135421,5.1766787
0.4695239,1.314792,-0.19369724,0.6815421,-0.10913454,1310.8816
1.1505268,-0.24587351,0.4181731,-1.4079982,0.057334986,501.30496
-1.6345823,-0.42356992,1.8661791,-1.0139011,0.20269844,1120.0939
-0.15574908,0.624435,0.3090852,0.4704464,0.08685727,2157.292
0.15833287,-1.120227,1.6155149,1.0925246,0.36198935,9.87172
-0.31925553,0.6337736,-0.35935134,0.9677226,-1.923714,-4.7487335
-0.80288,1.5671632,-0.81932586,-0.91978115,0.86241364,1.9169766
0.9061356,0.51570207,-0.6832411,0.25546476,-0.5243019,1222.8412
-1.7988437,0.40948328,1.6537362,0.36563092,-1.6762693,-1.0874968
1.0681131,-1.3473624,0.122594856,2.0070624,0.71983045,10.868707
1.0954759,1.051397,-1.8725737,0.019196652,0.04596322,-1.7052956
-0.072824635,-0.114166535,-1.4685036,-0.9226962,0.27173135,1686.8921
-0.17946352,-0.24932975,-1.3489811,0.19705947,0.17574114,-1.9725266
-0.71387506,0.687566,0.10232877,0.45246106,-1.4559493,-3.1006024
-3.0480938,-1.1514618,0.10990108,0.254608,-1.7403803,-10.137364
-1.1613852,-1.1108811,-0.46828938,0.05782572,-0.51063436,931.0682
-0.051230032,-1.1556098,-0.11609426,-0.62155616,-0.5803928,-503.42368
-1.6299208,0.3800671,0.4092213,0.11623959,-0.70867926,-0.9489388
1.8803793,1.2197925,0.043847617,-1.0471225,1.3009907,2197.8613
1.2276969,0.5610492,1.5125359,0.66960675,-0.9913465,732.2002
0.3444302,-0.4865687,-0.9221458,-0.6796282,1.8762934,2791.081
-2.0125012,1.2181726,-1.248806,-0.68037987,0.49953255,-492.9009
-2.548633,-0.43094337,-0.41991434,1.119599,0.9672756,6.9401217
1.761584,0.402612,-1.6267763,0.36042717,0.51368034,1.7885002
-0.51947933,-0.576273,-0.53359604,0.32291344,1.3231795,895.2154
-0.40748373,1.100992,0.23158526,-1.51231,-0.1644459,-64.83157
-0.22854888,-0.7360157,0.35714358,-0.24710861,1.596365,724.5704
-0.5520773,0.26969203,-2.007738,-1.5201929,0.12531784,1163.4292
-1.0332576,1.202705,-0.8586709,0.18842313,-0.5754779,1551.2529
0.8343794,-0.87124723,0.4660561,-0.79700905,0.28581107,1691.4347
-0.6490893,1.1167555,-0.42636895,-2.0169458,1.8813604,1054.4307
-1.591732,0.8352535,-0.9437742,1.6583802,-1.3109881,976.42834
-0.35307065,-0.018538121,-0.9377039,0.13140312,-0.6177169,911.00055
-0.5082256,1.0302978,0.105941646,-0.20208834,0.5280727,4.925857
-0.8270926,-1.1302085,-0.80109847,0.83699214,-0.0017327145,-1063.9995
-0.34720853,-0.49935457,0.62656087,0.52564293,2.0821755,14.154592
2.1181724,-0.050038025,-0.4303739,0.025046734,0.2772767,67.93954
0.49931577,0.36715743,-0.734238,1.182419,1.3790054,11.380848
1.6707101,-0.7417757,-0.2676994,-1.9052628,0.049210597,1384.3175
-1.5188764,0.70498663,-1.0358074,-0.47564554,-0.9906322,-8.381843
-0.37066287,0.39503223,0.66278636,0.595249,-0.9578172,1.1893926
-1.221114,2.0118783,-0.767971,-1.0611289,-1.2494941,-8.353586
0.9737576,-1.7227798,-1.6912577,-1.7306284,-1.1613301,2068.7925
0.30280498,-0.6109196,1.0045407,-0.8716583,-0.43112478,-36.08018
1.3783108,0.32887596,0.95199543,0.05970207,1.0195563,10.523673
0.56059164,0.8084177,1.4810406,-0.7773664,-0.16093647,3.3899946
2.261972,-0.4569939,0.5341182,0.9682075,-1.5002497,2932.0054
-0.039501335,1.7985535,-0.44404575,-0.9771654,-0.66051173,-3.9846613
-0.080822185,-0.472993,0.11190151,0.72318107,-0.9493898,-1.601631
-0.7815797,0.46982113,0.88940907,0.46820974,0.18397176,7.121547
0.06502682,0.45629922,-0.47380346,-0.81780547,-0.30024847,210.8597
0.9701023,-1.4684023,-0.4590082,-0.72250396,0.6443956,-2.529566
0.68826705,-0.14865313,-0.6396657,0.13590185,-0.8449353,775.62225
-0.8870869,0.37815276,-0.21344475,-1.0204052,-0.5916717,-999.76843
0.98387665,0.090442084,-0.10834619,1.7809491,1.1043348,-785.4171
0.9156033,1.0476687,0.38727224,1.1478411,0.7254775,12.970851
-0.4078809,-0.75306636,-0.27731112,-0.04930703,0.17381798,-0.804177
-0.36696422,-0.31350476,1.51853,-0.056606434,-0.6504097,1.1861395
0.5587951,1.6118522,-1.8360254,1.123,0.6216506,6.572232
-1.589809,-1.2286098,0.9069975,0.115246065,-1.9522258,1085.1346
0.6053344,0.40440884,1.1565173,1.0267355,-0.9766362,200.90143
0.72945493,-1.7280496,-0.126209,-0.7004244,-0.04216183,1638.9166
0.92255867,-0.6189249,-0.80994874,0.12799096,0.0125223175,-409.5536
-1.9321705,-0.0041864947,-1.0335227,-0.96656287,0.121467024,-6.304204
0.6519645,0.927467,0.954425,0.025717132,0.052819464,-1213.5397
-0.22149518,0.93081886,-0.6806693,-1.3300769,0.22006212,1326.0428
-0.42852682,-0.70602846,-0.10424353,1.4175353,0.5047006,7.265195
0.70055175,-0.9207945,0.6941429,0.32541892,3.1195624,18.484549
-0.95459384,2.1281872,0.29649505,1.9243305,-0.6927688,9.936015
-0.9229955,0.025142625,-2.4342039,-0.7694826,1.2011144,750.8166
-0.6699316,0.44351733,-0.14788167,-0.08321757,0.8393588,421.37863
0.87379915,-0.47175273,0.06612633,0.15334682,-0.44920647,89.75248
-0.5387398,0.39866722,-1.5650079,1.5025649,0.30693227,1259.5137
-0.8043195,1.6462973,0.9966477,0.8518223,0.8087988,14.278284
-0.96282697,-0.86090267,-0.22784695,0.6774453,-1.3563135,-5.936377
-0.5819864,-2.5877407,0.24848431,1.588136,0.04596496,2.8364391
-0.55258936,-0.994611,0.4787998,0.019314235,-0.10837626,-0.28766164
-0.19810791,-0.40744984,0.77327704,1.1376114,1.9106928,754.2492
-0.24800536,-1.0120974,0.22081003,1.3404984,-1.3015087,1442.0312
0.32263246,0.7178268,-0.9458868,-0.06377811,-1.1329267,-6.1832848
0.82444835,0.17941079,0.5268941,-0.29726574,0.50680894,1225.699
-0.103184104,0.79256046,-0.6251586,0.315392,0.12339725,2.5271451
-0.6410948,1.8626127,-0.5245178,0.12684236,0.29194897,847.9702
0.5594653,-1.590665,0.66282296,-1.0948018,-0.8049001,-8.234588
2.4153185,-0.09118067,-0.6220805,-0.7111188,-0.8961975,355.4781
-0.74787563,0.55466866,0.31193015,-0.16851288,-0.19886272,1.0378187
-1.6616457,-1.2508413,-1.2150245,1.5256929,0.10927432,998.78864
-1.9802042,-0.7930339,-0.38508525,-1.0604955,0.43940642,-4.7317677
0.8713886,-0.62209004,0.6739235,0.25730783,-0.6652722,-0.10388047
0.41618848,-0.44742617,1.7152234,0.85499406,-1.0390322,495.10898
-0.509542,2.31594,1.5596288,1.9621965,1.9927654,27.824543
0.34754786,0.44617212,-1.0911319,0.5887987,-0.5828658,-1.7775021
-0.70262367,0.5461725,0.035619337,-0.92319286,1.2870555,427.67783
0.47035214,-0.5055788,-1.6716326,0.49819234,0.6547878,0.41654763
1.0074914,0.43168476,-1.263229,-1.441425,-0.31914443,809.8296
-1.2227218,-0.39218506,-0.59756076,0.7169178,-0.16609347,1276.9628
-0.20522572,0.0061325124,-0.49000236,0.7943661,-0.10094295,2.1205502
0.037392545,0.40662527,0.23083639,-1.819317,-1.0452718,-9.898878
-0.12077662,1.2444559,0.10503862,0.38500968,-0.98863024,0.29148325
1.9764457,-1.7172025,-0.4981294,0.6930964,-1.3136611,732.41406
-0.10599298,1.1466842,0.91155875,0.20343356,-0.43171751,4.706865
-0.43947616,0.8067787,-0.06434628,0.96828455,0.16848437,333.66736
0.044771485,-1.8957851,0.73908657,-0.24163345,1.0904145,2053.9993
1.1588035,-0.32866627,0.35918027,-0.49672937,0.95287377,4.804583
-0.11252027,1.4614185,0.48092687,-0.55171317,-0.72049063,2622.7556
0.34618133,-1.3568542,-0.9816169,-1.130339,0.025372522,-8.934739
-0.8517158,-0.77518314,-1.0038329,-0.85655546,0.28699705,-5.9955006
0.8699177,-1.5900482,0.036737155,-2.67144,0.8167763,1753.8383
0.4638602,0.6438128,-0.030810708,1.3853081,-0.5956812,4.9912763
-0.06317697,-0.5299706,1.0992376,0.7183339,0.55400825,-162.24866
0.3697938,-0.8199429,0.5170533,-1.2730321,0.3211249,1806.3242
1.6722456,-0.5997534,-1.3677968,-0.4841615,0.19966774,191.015
0.11833871,0.010746296,-0.14380448,0.67882323,-0.09794951,-944.1562
0.23970175,-0.15304083,1.197289,-1.1433492,0.1667629,75.12781
0.62535024,1.9008698,-0.79419875,-0.43456832,-1.0941863,385.01465
-0.76428366,-1.8045341,0.43709874,0.27374652,1.1354121,493.8507
-0.39930424,0.057238664,-1.2324601,-0.20538568,0.71182626,-0.02591606
-0.52092785,1.4184904,-0.06872401,0.3937327,-1.7467428,-3.913409
-1.923945,2.3028793,-0.648861,-0.26938954,0.20704177,572.2915
1.4250909,1.6532093,-0.41152158,0.9860187,-1.1366204,2.0525115
0.015082108,1.0023295,0.7599863,-0.5496868,-0.66018236,-437.86353
0.7818312,-0.3823507,0.009396212,-0.28493613,-1.5235559,1679.7355
-0.054521173,-1.5018183,0.14467627,-1.0598181,-2.6231542,140.64003
-0.67476755,1.9554195,-0.45576528,-1.3632987,0.23502357,-693.9827
-1.1421607,1.1576551,-0.32606512,-0.05027172,-0.38728,346.44888
-0.53057915,-1.4185362,-1.8394464,0.9059205,-0.20707299,410.46417
0.09228858,0.6339967,-0.24339268,-0.11287243,0.16281646,1.9490101
0.7535248,0.5012974,0.6941048,2.4812706,-0.6641256,11.059901
-0.8988217,-0.32980934,0.49077854,-0.5480068,1.1211958,1330.5261
-1.3018306,-0.13594538,-0.74961054,-0.23423725,1.5641083,4.700586
1.2163477,0.2513213,0.3349548,-0.58590376,0.7788599,537.6281
0.7901309,1.140096,0.046752583,-0.84576094,0.59205884,1836.4279
0.52357966,-0.14168647,0.12854011,0.8528452,1.9302416,1496.2334
1.0627159,-0.54900247,-0.44122586,-0.3775117,-1.1228992,-353.07117
-0.9670659,-1.0159887,-1.0152107,1.0761558,0.38472477,-1059.006
0.25834915,0.5726573,-1.2588373,-0.8129561,0.24247113,-3.4977393
0.6024853,0.47836477,-0.051771965,-0.3336547,1.748997,9.454701
-0.28688237,0.5860442,-0.12274903,0.21556446,0.3739074,4.394431
1.1550266,-1.3937899,1.2397853,1.3158855,-0.5417671,5.1353836
-1.657032,1.6709124,1.4812651,-0.52669454,-0.55661136,68.86288
1.1881449,-1.0980662,0.64955735,1.2553849,0.44687665,3901.4365
-1.5101019,-0.6257738,-0.2801988,-1.4969537,-0.20756936,1223.5333
0.4728671,-0.0043816897,-0.39300522,1.3367485,-1.5454321,1107.0999
0.70058775,-0.89299244,-1.7153656,-0.5529814,-0.49585348,-10.351309
-0.8950788,-0.8944648,-1.2370788,-0.9316783,-0.42395362,-260.38696
-0.7324574,0.69231975,2.5135226,-0.49357828,2.4081635,1012.8411
0.6794457,-0.3134467,-0.41800213,-0.31892043,-0.36677667,737.05023
1.2265762,0.4454471,0.99734485,0.08718182,1.166426,678.5315
0.90406847,-0.54698795,-1.9029545,0.22549951,0.3926926,2686.2607
-0.51460934,2.135697,-0.14531133,0.08239625,0.31558454,6.544816
-0.6104981,0.35438985,-1.0858879,-1.1507845,-1.4798385,-256.1922
-1.0864098,-0.6760054,-0.7448771,0.48443013,0.101879716,1408.9662
-0.2868917,0.9908574,0.83973956,1.4892102,1.32074,17.852934
0.9758249,1.0093353,1.2110344,1.5808008,1.4377046,950.13196
-0.059008867,3.723372,1.4706928,-0.3162802,0.6129337,14.58305
0.36717206,0.81287754,-0.4190012,-0.22975594,0.09194677,2032.0511
0.13039729,-0.20391466,1.1349875,0.73850226,1.4522235,14.178581
-1.6888574,1.5119431,0.4655089,-0.3256173,0.5446938,734.0921
-0.09618457,1.2820203,-0.80002385,0.22951572,0.13092166,2.63146
2.034809,0.07146268,-1.1294037,0.08079711,-1.246508,2091.8147
1.3184975,-0.8621171,-0.21081212,-0.017639218,-0.934064,1088.4022
0.056375425,-0.047500018,0.3269766,-0.31618458,-0.08114985,908.4437
1.6902351,-1.7962532,-0.3518143,1.0734773,0.5815523,-442.2705
0.7411796,0.45946908,1.3408041,-0.5768601,-1.435189,1241.9945
0.23517561,1.0205649,1.3128554,-0.74434704,-0.04244344,3.896967
-0.11368228,-0.15196675,0.5652783,0.015896201,-1.5062047,-5.23549
-0.3280033,0.914094,-0.6321308,-1.1222031,0.90124863,0.7774856
0.5787008,0.17819339,1.190974,-1.6788521,0.49991155,1.0080656
-0.17495815,-1.4428396,-1.7370074,-0.55889386,0.4918435,2281.9026
-0.51389414,-1.978307,0.056522578,-0.26770955,-0.33579302,1784.1078
0.020087173,-0.7580018,-1.2293897,2.0178149,0.4211929,6.0416417
1.0780495,0.7415969,3.0464056,-0.73206854,0.15540926,10.034205
0.4387896,-0.63379097,0.24212077,-1.7138047,0.30406907,2085.3428
-0.82988447,-0.3117051,0.7015318,-0.93859565,0.34040603,958.2806
1.5289131,-0.74438864,0.9559348,-1.650568,1.7455072,5.2850485
0.6694587,-0.44644472,-0.9319365,0.8371113,-0.41149348,338.732
0.012591225,-0.57848775,0.10790099,-0.5965027,-1.0800366,213.02495
1.2085572,-2.2672179,0.067090444,0.14949064,2.2310944,2925.8286
-2.040918,0.37867233,-1.2138594,-1.4054742,0.41416997,-743.4306
0.42636132,-0.23051563,1.0104852,1.0764862,-0.07426507,1237.0111
-0.7014169,0.2626787,1.1443228,0.5366968,-0.81948775,2.6064377
-0.94391465,0.17175037,0.6689687,-1.8041883,-0.38644862,2982.864
-0.4585113,0.020716796,-0.8926756,-0.924118,-0.26450053,1318.9836
-1.3113165,0.65072936,0.1600447,0.18711802,-1.1129403,-2.683887
-1.0899867,1.3093168,0.005739408,-1.6178622,-2.2276113,211.29646
0.28329238,0.98978925,-0.2694521,0.3199351,0.34913677,2588.3193
0.6356357,0.30551615,0.8065704,0.16784753,0.13191836,5.6977015
-0.26365608,-0.5914944,-0.05438219,0.5116613,0.045222837,1.8275985
-0.3837296,-1.0239003,-0.63329774,0.29126525,-0.6895702,-859.4052
0.39309964,2.8056223,1.4309745,-1.2529081,1.1507179,11.816952
-1.0504678,0.051055487,0.4916806,1.2683148,0.2329162,572.28876
1.4277754,-1.6227158,-0.62340134,0.2132325,0.835424,-278.7422
1.3639866,-0.54706866,-0.11598585,0.7387135,-0.23526695,2.0066712
0.21098979,-1.1832737,1.7191608,0.65577453,0.29114065,1816.2787
0.5352156,-1.3392379,0.11890836,-0.58146507,-1.2309408,-9.5877495
0.2489576,1.8835089,-0.6465759,0.880823,-1.8689727,2279.3955
-0.19181074,-0.71170944,-2.2490666,-1.2870297,-0.41436416,-14.549108
-0.75047743,0.7693589,1.3490735,-0.6277026,-0.44664237,1063.74
-1.5647151,0.2622094,-0.16067457,0.0049197795,0.6751202,726.40247
-0.50909275,-1.1764889,-0.554631,-1.4329684,1.6601291,-847.0028
-0.070748836,0.86389184,-0.4138965,-1.7726752,-1.7212137,2220.5947
-1.2476209,0.053875342,2.0745428,1.0479169,0.9695529,15.798361
-0.29119495,-0.16146657,-2.0593421,1.1745049,0.39065078,0.99814326
0.6369082,1.2001065,0.13862127,1.7341663,1.0551202,-1160.361
0.2184272,1.5649983,-0.9963976,-1.288551,-0.9298286,-8.54901
0.739296,-0.30799466,0.8609066,-0.12304542,0.03044244,2.983413
-0.49571684,-1.0868328,-0.19631794,0.6519976,0.7569034,4.3604765
-1.698746,-2.204726,-0.6692189,-0.26579347,0.6733362,-3.9490514
1.4952048,0.29157555,1.0987757,-0.15945874,0.5072015,-596.49274
1.0278887,-1.3043845,1.4488167,-1.8150469,0.52930343,-1.3860198
0.25411025,1.1870434,0.66571546,-0.6224053,-0.6854686,1467.4468
-0.88927066,0.33651194,-0.12047373,0.21545085,0.19007722,2.637141
-0.569185,0.9578071,0.6168127,0.8351632,0.383211,9.773483
-2.049179,1.8788182,0.3949631,1.0567272,1.0804439,14.518713
-1.2911897,0.6259793,0.29843488,2.09918,-1.6692044,1670.7134
-0.24322459,-0.72644055,0.5936518,1.3466285,-0.6926311,3.110181
1.1914444,-1.1026872,0.3447678,0.7648802,-0.8793145,-0.8468549
0.72086114,0.067207426,-1.831091,-0.34698454,-0.4897656,-404.13852
-1.3983189,0.1972463,-0.6163387,1.1788727,-1.4129658,-1128.4536
0.31996843,-1.25033,-0.7204635,0.111253805,0.9099895,1.4842403
0.63155586,-0.33102325,0.16568579,-1.0505532,0.4925727,-0.6170262
-0.105272695,-1.7889128,-0.2472572,-1.7660657,-1.2712309,1855.9677
0.39894488,-1.3658532,-0.54928035,-0.7467765,-0.18613999,-7.0492835
-0.44313693,-1.1117556,-0.19967106,0.07473556,1.2553121,1103.94
-2.1993575,0.3470432,0.5351868,1.0674943,-0.2604868,3373.7483
-0.1929318,1.4785714,0.5306879,2.321724,-0.6002819,11.769278
0.5044756,0.36795834,-0.6479008,-2.2438161,-0.33680683,1481.184
0.9655186,0.9609819,-1.7121924,-0.95736474,0.12899749,-4.886681
-0.9623606,0.1550289,0.042398978,-0.92454475,0.44773686,-0.5079269
-1.2020929,-1.0376259,1.4351293,-0.34926406,-0.42269358,1580.3153
-2.8056846,0.8099876,2.4317856,2.1111772,0.4036611,18.981274
-0.15627453,0.3107944,0.08973616,1.1290234,-0.893225,1.8657663
0.26630825,-0.4065721,-0.757498,0.5453296,-0.37234515,362.39655
-0.17574623,-0.04310021,-0.12401848,0.7132326,1.1628263,9.19952
0.73349243,1.2898782,-0.1714486,0.13494588,-1.7192498,-4.6439524
-1.3502827,-0.49772772,0.8335801,1.1961507,1.0381576,11.784136
-1.4844325,0.89161265,0.53889316,-0.66848177,0.34546453,2.764318
1.0152539,1.1137371,1.6349983,-0.84360313,-0.8626287,0.9750388
-0.11214093,-1.101233,1.125265,-0.2972037,0.4997586,1698.361
-2.6995873,0.07736578,-0.24276567,-1.9777135,0.24369356,292.8442
0.13898252,-0.26173204,-1.5914642,0.7822588,0.5863767,-254.435
0.39851475,1.6246859,1.9630108,-0.23590197,0.09722539,1663.5615
-0.53983176,1.4637902,0.7452068,-1.7675668,1.3035023,1719.6973
-0.92965245,0.5869212,-0.6368829,-0.71687007,-0.83960956,2556.0156
0.51571786,1.1495723,-1.3410697,1.7846162,1.2853944,-446.49542
-1.7338314,0.32379544,-0.24885122,0.10674121,-0.24387316,1383.202
1.614956,0.69099724,0.82109797,-1.0757463,-2.084935,-9.078608
-0.8914591,-0.02741552,0.23159789,1.1634153,1.1950362,2217.6938
1.8457615,-0.91553,1.6182576,-1.3888457,0.2660813,-480.40787
0.4007281,-0.54700005,-1.2522187,0.79403555,-0.43526244,1718.0671
2.4922829,0.9853844,0.17063649,-1.413734,-0.2962486,-2.3632388
0.0548637,-0.6764493,0.91101176,0.23390934,0.64781195,1681.987
0.82286304,0.7559114,-2.1373634,1.1063985,0.7225931,4.563784
0.2584512,-0.020070374,-1.233243,-1.6362818,-0.021206332,-9.25677
0.38689393,1.1241258,-1.0597004,-0.7231844,0.86283326,765.6612
-1.6990702,-1.5729196,1.264637,0.50489825,-1.2520989,-3.4204338
-0.35999134,-0.51555145,1.44808,1.5069968,0.8643939,14.561541
-0.51843524,-0.85326725,0.402694,-0.5609296,0.75918084,1.8528197
-0.27918166,-0.7293331,0.02034062,-1.1390035,0.86291206,-0.7753102
0.25424966,0.74713653,0.3764639,1.0589621,-0.75867444,4.1764917
0.70909595,-0.26156566,-0.15764305,0.9242137,0.37407133,5.9552255
1.3143816,1.8331144,-0.7896331,-1.0708688,-1.5157884,-8.854066
0.9073872,-0.9730973,-0.048564423,-0.31043312,0.63792723,1552.2542
-0.76083314,-1.3323392,-1.9888122,-1.8719579,0.717693,123.07646
1.0886005,-1.6755233,-0.4477218,0.09016605,-0.63173014,1247.5629
-0.27556163,-0.32333592,-1.5549213,0.037440892,-1.3529059,-10.916684
0.88011885,0.6542314,-0.41305426,-1.4885653,0.629201,-1.3087169
-0.145804,0.8843866,0.3859527,0.560592,0.074831285,6.4784718
-0.26832333,-0.69622576,0.38866264,-0.19253127,-0.27696663,681.5642
-0.5101994,0.021127796,0.622933,0.18617661,0.5456574,-790.758
-0.35883477,-0.047772184,-0.93787146,-0.16482541,0.58873045,0.30244252
-0.36305067,-0.87840307,1.2843966,-0.36484525,0.7516866,5.2707863
-0.79098403,0.14588101,1.5647762,0.53417176,0.4659535,9.965824
-0.7331148,1.6011589,-1.8340509,0.016903237,-0.81812954,-5.682581
-0.86922467,-0.5973933,-0.83062994,-1.0452653,-0.48806715,-9.799201
0.5234577,0.54210216,-1.3997369,-0.4385076,1.0528438,1.6074022
-0.9140795,2.1312642,-1.955284,0.6417929,-0.7938206,1330.7806
-0.19013838,-0.5949404,0.097533666,-1.1530689,-1.2392852,680.53754
-0.21277255,0.7479104,2.992451,-1.0857277,-0.20948572,6.0543785
-0.7652927,-1.930831,1.2972394,0.76397496,0.041699238,3.917231
-0.2990019,-1.3928722,0.595142,-1.5382596,-0.46439064,-845.0331
0.7618465,0.20786344,-0.3850705,-0.6592019,0.19305809,-1.0470252
1.2813191,-0.9310056,0.043509815,1.5134109,-0.33432338,4.290508
-0.3690764,0.92299753,1.9182705,-0.6256638,-1.3486615,-0.77898264
1.3906894,-0.38523132,0.514234,-0.76758486,0.81465715,3.4468672
-1.4856768,0.27301258,-1.9713254,-0.83340675,-1.3704828,-15.358736
0.18857487,-0.3102447,1.1225085,0.6882584,0.4168858,193.24272
1.2117274,0.82214975,-0.021552188,-0.6583024,0.26028225,1.8905421
0.3428686,-0.53773385,1.1596246,-0.9152552,0.60757846,2.9191697
-0.58929694,2.2936924,0.52756184,1.6404214,-0.7820745,9.509223
-0.5147635,-0.08261234,-0.9496177,2.48646,0.58520013,10.6144905
0.13170464,-0.12960327,-0.4775074,0.2852533,0.52778506,3.158135
-2.3218415,1.3034618,-0.7721758,-0.6977525,0.36984232,-0.8775375
0.9155487,-0.49226204,0.15485367,-0.2813531,0.5330689,861.48615
-1.4014735,0.7325924,-0.21296331,-0.3438979,-1.0379146,-5.412489
0.6537236,-1.0211089,-0.4072939,-1.1152635,0.10258834,-5.8116474
-1.128862,-0.30872864,1.2315959,0.48395023,-0.7034405,-826.37836
-0.49386168,-0.26111045,-0.6460811,-0.41499788,-0.15092702,1040.5859
-1.979792,-0.44272292,-1.3461292,0.8920846,1.3897998,5.5425363
0.061094392,-0.4241833,1.1993635,0.0761299,0.7003294,7.62211
0.2932341,0.18927369,-0.6285617,-0.58222675,-0.37226462,-4.495476
1.6817484,1.6202482,1.0955848,0.9020034,1.2413766,958.90295
1.3332251,0.30826065,-0.6257626,-0.8610257,-0.21080305,2287.3152
0.20257615,-1.1055418,-0.35455778,0.4691998,-0.19790876,1276.9454
0.42452955,-0.45473087,-1.4694256,1.2383951,-0.6337898,-2.3990307
-0.1519876,0.97783995,-0.06770619,-1.2142023,-0.17928466,-3.030441
-1.6026069,1.1277337,0.39463213,-0.01593883,-0.8106705,1971.8931
1.0034922,0.23932715,-0.7548305,1.3684218,-0.6705925,420.40988
0.23389709,-0.8530218,-0.44497845,-0.7005417,0.83494925,1124.1895
1.5908732,0.8742555,0.10505912,-0.052540284,-1.1407948,-2.1047692
1.7303047,2.4440782,0.23614599,1.1122454,-0.7986607,1417.7096
0.83072746,-0.72768676,-1.1799687,-0.051727794,-1.1242464,-9.402856
-0.45352527,-1.2780067,-2.1283844,0.7341602,-0.34246853,-6.9479613
-2.2124393,1.1049143,-0.023074107,0.5860286,-0.5703121,1.4871119
-0.1971501,-2.172075,1.6352663,-1.972255,-0.2519451,2967.0269
1.586983,-1.31769,0.22921315,-0.15142469,-0.45331633,-3.0169473
0.8254472,-0.6504864,1.7916573,-1.8146971,-0.14220253,-598.6373
0.7729957,-1.0920658,0.14647864,0.044509225,-1.0990846,-5.625665
0.08926682,-0.32979962,2.0625243,0.1206591,-0.24128205,5.8827624
-0.6844973,0.87502843,-1.0493171,2.014767,-1.8595942,-1.952923
-0.08212501,0.103041075,1.0449852,2.5340328,1.1412085,20.140917
0.42672807,0.07932117,-1.1105926,0.35503805,-0.75027007,619.5704
1.1691637,-0.25480524,-0.5221563,1.9566633,-0.35063583,16.200237
1.5707364,-1.6123687,0.5250333,-1.192688,1.2056599,1162.8943
0.3081315,-0.47539297,0.1040995,-1.4379654,0.5764925,-2.4288263
-1.005533,-0.72404927,-1.1929953,-0.8656863,-1.8649881,96.44404
-0.2217423,-0.3461505,0.78107303,-0.40661928,-0.6875165,870.3836
0.3766362,-1.9294494,-1.0130193,-1.3795142,1.0348052,117.75667
0.1653404,0.3467033,1.41251,-1.5858493,0.29293883,1.1737996
1.6906856,-0.4884184,-1.6420618,0.8528367,-0.07068346,-0.9635261
-0.547205,0.891018,1.1007669,1.3810897,0.5526216,427.11456
-0.06777954,0.19052425,-1.1025562,0.7351228,3.0267255,16.105474
0.44820988,-1.0249865,-1.0505936,1.8269734,-0.2816286,1.9723586
1.5549586,0.5476681,-0.0021140866,1.4266967,-1.048596,1470.0311
1.4110438,-0.090002,-1.5534872,-2.7310307,-0.24645369,905.5952
0.50682753,0.24336131,1.1395938,0.9443117,-0.1210847,166.7141
-1.1486651,1.0881419,-0.23013154,-0.16555782,0.8175171,766.5324
0.9973416,-0.3652666,-0.7494607,-0.18512905,-0.2977023,-3.7739835
1.3347718,0.88070774,-0.7280092,-0.2350403,-1.0178849,154.66022
-0.2623487,0.23783648,-0.9625939,-0.8045664,1.5918943,3.1443934
-0.23980221,0.0879737,-0.07355868,1.5545809,-1.763991,696.3856
0.85597384,1.6014116,-1.0326587,0.8391369,3.3367794,21.61909
0.56686974,-0.061717853,-0.43835148,-1.3638223,-0.5939517,-8.548855
-0.6899415,-0.4973096,0.08954476,0.706819,-1.693008,153.65417
1.374501,0.13896576,-1.3297026,-0.89852417,-0.46513173,-1091.6003
-0.84423333,-0.13852794,0.76323956,0.091846846,-1.490025,-4.492233
-0.68116856,0.11401385,-0.30686897,-0.3201848,0.111102305,-0.7610272
0.61231434,1.860128,-0.7267717,0.20247124,-0.7083702,-652.78925
-0.5696989,-0.8599863,-0.7186111,-1.3151071,0.12954482,-7.751638
0.2549748,1.2782764,1.6682711,1.608918,-0.038628314,543.1002
-2.2898753,0.32144165,1.1232744,-0.9305562,0.5171833,2.7504778
0.42178127,0.094520144,0.23527312,-0.28837937,-1.2295872,-5.3121552
-0.5039205,-0.78944206,-0.919753,1.8324507,-1.0308248,350.94296
0.34864032,1.2182105,-0.39216483,1.1519039,0.7034841,1674.624
1.376948,-1.7359048,-0.16767438,0.67709124,0.95493877,5.1661954
-0.29541728,0.052420888,1.2190205,-0.40328333,-0.040778022,2.6899414
0.08599335,0.5192589,0.2315811,0.6660077,-1.6173669,2482.5835
0.20878977,-0.6118797,1.0554194,2.3399415,-0.07971207,1570.8983
0.66875386,-0.33570635,0.11659291,0.8651733,1.0929387,9.902526
1.9117287,-0.54216135,0.75589055,0.1382747,-1.3205723,2776.0356
-1.3224365,-0.15069896,0.22895765,0.46620747,0.9506584,7.348526
-2.2888534,0.0871431,0.68210405,0.30485126,-0.5860902,880.1109
0.48000675,-1.5013354,0.2691275,-0.13106519,0.7296506,2.14167
0.086233824,-1.9285705,1.3690275,-1.0136281,0.9003499,610.47107
0.65602446,0.6717179,1.1595262,0.60962844,-0.8515299,1496.1398
1.5204523,-0.88203585,1.1399661,-1.1141027,-0.27963626,-2.4884155
0.8688394,-0.8875516,-0.8037534,-0.044561535,-2.014517,-12.9313965
-1.3172307,0.6626374,1.0374444,-1.3206472,1.199736,5.510439
-1.2893821,0.64214176,-0.66679806,1.841864,0.99613386,11.9429035
-0.09729804,-1.7765636,-0.5320606,0.73065305,0.7327963,2003.508
-0.95677817,-0.30266264,-0.5627447,0.04282598,-0.073463835,-200.085
1.323438,0.2877975,-0.03647931,-0.40777022,0.86956763,1730.6366
-0.6709476,-0.41506863,-0.6100461,-0.70675457,1.3235132,1.8493525
1.5273738,-1.4235206,0.13654046,-0.61525893,0.2862041,-1.6799527
0.24268664,1.58661,0.28063712,-0.10883567,-1.1280127,2156.7532
-0.29344252,1.3469144,1.018347,1.5335735,-0.895181,905.1229
0.22864266,-1.2688527,-0.77114004,1.2615446,-1.7703037,-350.0141
-0.63279575,0.7529855,0.10253291,-0.89518225,0.5606884,392.64236
-1.5849992,1.0645633,-0.54603696,2.1821368,-0.040286664,9.194277
0.3724552,-0.7926645,2.2981083,-1.3514823,0.44244084,3.2057757
0.51029515,0.75435877,-0.73405385,-0.039988972,-0.9946195,-4.4601064
1.3450674,0.05178986,0.77305543,1.7726389,-1.4560426,433.4355
0.55949026,-0.090120725,0.3612266,-0.30659017,1.2575,3683.2756
1.2560099,-0.4040449,0.7823586,1.247727,2.337457,1684.9243
1.2100111,0.69873124,-2.2836561,-1.2006453,-0.62234634,-11.771843
-0.8111506,-0.14686717,-1.2122961,0.353297,1.3693163,4.936453
-1.951653,0.74599916,1.4411894,0.046654385,0.65698856,9.286899
-0.21236931,0.16826384,-1.8573338,-0.7997734,-1.9330465,-17.146357
1.7383497,0.4861287,-0.14907892,1.9687979,-0.12298974,9.651906
0.24227116,-0.5520548,0.97725916,0.97108626,1.0321991,1149.3208
0.39924085,1.4947968,-0.9376786,-0.30873433,-0.18702927,-0.716928
0.11502484,-0.35258088,-0.6018773,1.1625162,-1.042135,1428.5758
0.2592265,-0.8894531,0.033335805,0.43110156,-0.57403284,730.6851
0.41665658,1.1242186,1.0996029,0.7698033,-1.6725981,1165.3827
1.3830476,-0.121847525,0.2691795,-0.2529563,0.4577663,3.5495527
-0.620985,0.46121857,-0.047534008,-1.1709917,-1.0324498,-8.411066
-1.3823004,-0.4972201,-0.057121657,0.7081975,0.9749819,6.8192353
0.46972883,-0.17134762,2.2679029,0.1453933,-0.99460876,3.326786
-0.39851484,0.684224,-0.27206275,0.6085291,-0.32764274,1155.8387
0.4032314,0.42052114,-1.561745,-0.0131195625,1.4004345,1306.4288
1.2925473,-0.85662985,-0.758826,-1.8827161,-0.93809545,-14.668813
-0.54837286,-0.61043227,-0.5666194,-0.6734404,0.78835267,1833.0013
-0.5151843,-1.1448499,2.2016306,0.30104613,1.3384501,12.880997
-0.72645426,3.2202904,0.62780094,0.09466251,1.641774,-12.912397
-0.21314663,-1.3055183,-0.17737481,0.022442011,1.232398,2059.258
-0.092471525,-0.35482585,0.6042653,-1.3005604,-0.9529434,-485.21628
-0.34123474,0.6319831,1.4406213,2.4154134,-0.46268702,13.75231
0.5035912,0.64078456,1.2427747,0.69597995,-2.0638633,-1.289256
0.4233134,1.1131241,-2.0740829,-0.9921126,-0.89282656,-11.299961
0.15415803,1.606703,-0.096161254,0.17373197,0.88833874,9.202305
0.83356404,-0.5084009,-0.86060345,1.1776898,-1.5080358,276.23212
0.79764855,0.17339289,0.90518594,0.60722154,-1.1129696,-168.07697
-0.18926589,-0.28722623,1.1141318,-1.1699313,1.0553914,-211.12071
0.66015023,-1.201375,0.3140246,-0.4347023,-1.0614054,932.1648
0.20834585,-0.15758306,-0.3696553,-1.1829239,-0.38855326,-273.5483
-0.84270877,0.7039914,-0.081413776,-0.9643858,0.15612136,-1.3134426
1.1222918,-0.612151,0.24573684,1.1568792,0.49512613,8.198003
0.8475363,-1.4772245,0.31054127,-0.6545565,0.5674198,-0.49958518
-0.030119915,-2.0032973,-0.18755344,-1.1732193,0.062244456,144.67137
1.2424406,1.7341574,-0.2895896,0.9921639,0.5120459,1265.133
0.30584294,-0.41799214,-0.95062214,0.70688534,0.35158432,2.054287
-0.12198758,0.038964227,-1.3522937,0.5034052,1.8769318,8.34186
1.4611586,1.2367338,-0.34705848,0.93658465,-0.70289487,-348.6727
-1.5486447,-0.8524144,0.20740637,-0.1420433,-0.12780052,287.90115
0.3100173,-1.946446,-0.49112964,-0.12399367,0.7364363,-919.81805
0.8149002,0.17937264,-0.30663937,-1.3027692,1.4518723,2.9996662
-0.28323516,-2.408534,-0.5910861,1.2850872,0.08556661,-622.427
1.2697105,0.6339693,0.06423749,0.97277975,0.34618276,471.26328
0.4383831,1.0774771,-0.41596133,-0.6916156,-0.5963068,-3.481686
0.59543747,-1.2478937,0.48958966,-1.7428102,-1.7476737,-15.408733
1.0478257,-0.30432928,0.09485713,-0.3453177,-0.096920095,-110.823265
-0.86011285,-0.18430713,1.0119367,-1.6056004,-1.8294363,-12.383142
0.96653926,-0.6599802,0.12412238,-0.4293195,1.4934639,6.3063273
1.4001667,0.54628253,2.257515,-2.246215,1.3953712,909.3656
-2.3364224,-0.17330416,1.4278647,0.7728829,-0.9081571,2.3485494
0.15706493,0.64599776,-0.112985484,0.12197563,-0.73893034,1096.6075
0.56092006,0.81153715,1.3546447,-0.12977378,0.95021236,1223.5521
0.4645486,-1.473411,-0.22868562,0.6292583,-0.31619984,2239.124
-0.25964877,-0.0015029314,-0.86227226,-0.7205045,0.6216371,-1.506602
0.86383754,0.49280185,0.21567182,-0.8296638,-0.4257521,2115.2483
0.63269114,-0.0013393854,1.0873336,0.87239754,1.8044828,-283.08197
0.57681036,1.3623751,0.3753884,0.85693246,-0.34374386,6.8530903
-0.5048376,0.7963328,-0.5878373,2.6482255,-0.101249605,123.27408
0.36772028,-0.2018753,-0.076357365,-1.0473186,0.8173017,140.07721
-0.8891795,0.039350905,1.1682675,-2.1341615,0.33244476,-2.6635482
1.2864333,-1.1797097,-0.6268453,0.7204507,-0.03408787,0.141143
0.4986794,-0.13801108,-0.62627333,-1.6038802,0.1335583,-6.630195
1.6297787,0.8685134,-0.04162913,1.4645782,0.11546438,9.7453785
-0.52760714,-1.6370794,0.3480507,0.5754601,1.2267525,6.9997134
-1.2704712,0.9866848,0.30619073,0.9083764,0.042607468,-661.92474
-1.5293915,-0.111328684,0.58601856,-0.64390683,1.0738723,1270.948
-0.2697103,-0.1302904,1.1282185,-0.60816157,-0.24025774,651.32623
-0.21657774,1.8244615,0.32474712,1.4481272,-0.089705266,10.842003
-1.6124235,-0.7581057,0.5902627,-0.15430479,0.54074955,966.994
-0.43171543,-0.38843706,-0.98322326,-1.1843356,1.7070557,56.687397
-1.0608587,0.566934,-0.33742943,0.25991318,-0.81594914,1693.1049
0.738142,0.17945832,1.0592802,-0.07961477,-0.96305615,-0.2825233
1.9279586,-1.1821574,1.2818755,-0.004964788,0.8181214,1639.1332
0.2171546,-1.6393228,-0.5978414,0.4852728,-0.43710923,591.80396
-0.7129305,-1.3555975,-0.6997626,1.1208974,1.2852411,0.22548914
-1.869117,0.20230313,1.4979106,0.3789463,0.84491277,10.774133
-0.6225924,0.056681905,-2.040166,-0.8821197,0.12212856,2212.1243
-0.5119239,-1.5913559,-0.57557803,-0.6105174,-0.26707995,-8.004795
-0.8472981,0.5814583,-0.19944069,-0.44249287,-1.4905609,-144.60835
-1.4070828,1.213107,-1.7380544,0.47930685,-2.8177104,-14.631717
-1.0421635,-0.8730338,-1.5091062,-0.22327827,0.12829949,430.2417
0.58340347,0.05753993,-0.00046671994,-0.5746121,0.39104715,-422.0997
-0.6512869,-0.6304256,0.5387272,0.33427173,1.3934759,1614.2166
0.18328746,-0.036236204,2.005031,1.4325433,1.4387197,2610.6062
-0.06928897,0.61147636,0.5873837,0.59242374,-0.6701828,2.9815469
0.02158728,-0.2522836,1.5932592,1.8714741,-0.4085067,10.629863
0.01609684,-1.1476747,1.7387326,1.6731352,0.114437245,961.53314
-0.09996019,-1.3719554,-2.025608,-0.042480744,0.4778898,1237.9066
0.91348237,2.5040996,-1.3011608,1.2236421,0.75590986,290.30664
-0.5505221,-0.47755316,0.89184517,-0.43302006,0.7735599,454.132
0.7707598,-0.018862499,0.67994374,-0.67871237,0.28516287,1606.6371
1.0274256,0.9596906,0.41123137,-0.3547063,-1.3338068,-3.4879205
0.5030169,0.785478,-0.61624676,-2.173491,-0.8159156,2844.5547
0.9608762,-1.0250638,1.190408,-0.3641764,-0.8142938,479.3051
1.177268,1.1798161,1.327938,0.06609679,1.4232005,180.1495
-3.060605,-0.5762386,0.6619362,0.66135246,1.4948304,10.43979
1.3998466,-0.07263181,-0.6168667,0.1914058,1.7603823,111.91203
0.82748246,-1.1030016,0.7482814,0.69505733,0.64438874,-18.4595
-0.18547973,0.24516611,0.29883152,-1.2955145,0.6933851,324.2966
-0.8244942,0.43044704,1.3278701,0.6258056,-0.42154106,5.8133345
-1.2582107,1.4807045,1.5508255,0.47306928,0.27498636,1299.7916
1.3693885,1.4524634,-0.3931787,-1.6208127,-0.0145155825,-3.2753665
-0.3031638,1.5210139,1.304034,1.3806872,-0.0192911,-675.6283
-0.054526772,0.71588594,-2.3200116,-0.6235679,-0.63109004,630.8182
-1.0722108,-0.8578143,0.36728573,-0.00010206741,0.93471736,4.4407477
-0.045347843,-0.30215904,2.3045855,-1.3847512,-0.064064585,1654.7502
0.74131316,0.9578602,-0.67746097,-1.0012623,1.3408228,584.65735
0.21678513,0.6890219,1.2788,0.4677838,0.55747014,11.0155115
1.1351964,0.9787778,-1.2468114,1.2228912,-0.57186544,569.96014
0.4506659,-3.0396776,0.114264116,1.8894832,-0.984079,1782.7814
-0.29829496,-1.3915604,-0.22474475,2.8012404,-0.909687,3.9912822
1.2285055,-0.059736002,0.5777689,-0.36470255,1.9074327,1901.6569
1.2499449,-0.52897835,0.85653704,0.10937866,-0.44217935,1.3968832
-0.64013493,0.6509239,-1.290438,-1.0249538,-1.1240568,-11.676742
0.9345309,0.27919248,-1.3114629,-0.62855154,0.23976919,886.27704
-1.7867324,-1.2133616,-1.3821107,-0.1646579,1.7025589,1270.9905
1.8316026,-0.6907449,-1.4829588,-0.59613,0.17390282,-5.5237775
0.22538744,0.595125,0.575717,-0.7740765,-0.12852326,851.6321
0.5066642,-1.4436079,0.8601384,-0.38320917,0.77228576,776.62915
0.3455934,-0.7590419,-0.11748552,1.4803092,-0.83918893,1.0062778
-0.44053182,1.3572773,-0.3773988,-0.17026518,0.63475776,1436.655
-0.90717524,1.419507,0.083297595,0.1563494,-0.45654833,262.0231
-0.23571452,0.5893945,0.057385504,-0.27322745,-2.0582366,-9.153144
1.9721122,-0.66407704,1.7005116,-1.4184334,0.3826231,2.0366235
-1.4690802,0.6063702,-0.025623532,-1.2906613,0.6698099,908.55615
-0.26223817,0.33240667,-0.5736162,1.1595757,0.33706313,6.1516337
-2.5540257,0.7350837,-1.2583658,0.19009516,0.028395088,-1.6562964
0.3640357,0.33998644,1.2567273,-0.82129717,-1.6373312,30.814596
-0.3970024,-0.34317142,0.3962731,0.45495233,1.9192368,2599.6338
-0.16461071,0.47982177,-2.554829,1.8184683,-0.72791445,-428.26083
-0.02467749,0.099651106,1.3908309,0.47416615,-0.08806443,6.762548
-0.28470358,-1.1775367,-1.942573,1.6528139,0.13882482,-0.021712964
1.0116463,0.58874434,-0.82034034,-1.2132012,-0.5990084,387.11252
-0.37193507,0.29645056,-0.63207823,-0.66396207,1.2788624,3.2786167
-1.3238763,2.1215835,-0.2283257,0.8053998,-0.9264181,1408.103
2.697769,-0.23280902,-0.4362374,0.93989146,0.26955116,5.67599
-0.42762414,0.19875968,0.6762103,0.96231616,-1.032443,1.8861144
-0.89563894,-1.238356,-0.17101063,-1.2743713,0.8318997,-3.3524313
1.0450833,0.3289092,1.158733,1.0960706,0.15319051,606.14856
0.027391898,0.40372506,0.21656059,0.6072824,0.24845037,6.1623263
1.3664385,0.70861703,-1.4125655,1.3134922,1.0355917,968.27747
0.9728909,2.7018416,0.06274547,-0.9559087,-0.3983525,1.1820444
-0.0036378235,-1.1822208,0.70693254,-0.277131,0.08086167,0.122851565
0.4063681,0.22663358,-0.7734217,0.29213846,-0.2833391,159.82646
-0.35220486,0.49846435,-0.8270735,-0.23648216,0.38900375,1301.0508
-1.3992271,-0.90733874,1.6335492,-0.66811734,0.8883604,1478.6442
0.12970178,-0.7148196,0.23353195,0.8076276,1.6020625,393.90216
-0.61681783,-0.09995045,1.1598393,0.496898,-0.96344984,1.1638544
2.0493698,1.0527006,1.3883443,1.2972505,0.219359,1378.4088
1.7642208,0.741223,-0.29619467,-0.25451025,-1.7878618,-7.5085826
0.5696591,0.9061387,-1.0513101,-0.11890325,0.24990436,0.7025263
1.6389825,0.3334667,-0.24954803,0.24228862,0.19075102,3.5788991
0.2419565,1.8382481,0.38866413,0.15485568,0.12235847,1031.7678
-0.40384927,1.0707747,0.14718449,2.5952866,0.864407,18.086418
-0.33957192,-0.9435134,1.7300397,-1.847128,-0.87488234,2232.5269
0.9664285,2.304668,1.503579,0.85476696,-0.21914886,12.895681
-1.1706733,1.1448374,-1.075387,-1.1354555,-0.715786,-8.6725235
0.19226682,-0.38174596,0.5365049,-0.65317947,0.22001916,0.42992774
0.9742971,0.11792133,-0.4583451,-0.015778782,-1.3441122,-6.4050837
0.7403603,0.8493537,0.07368618,0.013622229,1.8799554,-829.58997
-0.48455715,1.0983651,0.8834178,-0.74456096,-0.46310377,0.2552054
-0.6735889,-0.6825656,1.6853132,-1.533118,-0.21823221,-2.856913
-0.45100534,-1.012317,0.91042703,-1.1254493,2.3262305,8.577126
-0.6993171,0.16723152,-0.7131113,-0.55910856,0.46162415,-1.0688536
-0.29516143,1.3868356,1.0506058,0.9262538,0.27872455,2382.6833
-0.69105434,-0.513705,1.2067406,-1.2221699,0.4568414,2047.7987
0.7697014,0.3621836,-0.45385394,-0.2587177,2.2206814,10.728944
-0.33987558,-0.77252734,1.1210909,-0.81567466,-0.23104568,-1.7479852
-0.9296239,0.8061751,0.29748273,0.3767676,-0.030940583,1382.3209
0.91221154,-1.3675157,-0.30702052,-0.013468297,0.8204517,787.2622
1.0628984,-0.9415383,-0.94268185,-0.6824779,-2.3569534,2121.932
0.053827707,-1.1631142,-0.37265435,-3.1494098,-0.18993042,-16.001184
-0.52848536,1.108594,1.5044115,1.623176,-0.5307119,722.64343
0.12172143,-0.9478267,0.632694,1.6195645,-1.5896121,2019.0948
-0.7897298,0.82413006,-0.5395292,1.2777612,-0.3046719,4.17666
-1.7130969,-0.7957515,1.0763619,1.7251028,0.18653448,1363.1084
1.8346043,1.141257,0.47993696,-0.67268586,0.17326322,3.8080056
0.26497388,-0.84356415,1.0351206,2.0149066,-0.5964584,7.6381474
0.78522015,0.8193304,-0.040139522,-0.64345354,1.3203347,299.17593
1.3798312,0.14789653,0.76067257,0.53895295,0.11978033,6.9830203
0.069247305,0.4216078,0.9768257,-0.9077433,-1.8588511,-8.125939
1.1345522,1.2919095,0.7832175,-0.7142126,-0.4581066,1284.6403
0.23902525,1.3714384,1.2134022,-0.47902375,-1.4282894,-1.5743868
-0.08999733,-0.50165045,1.8180147,-1.4599591,0.39454988,1273.3939
0.7709935,0.028582158,-0.6315072,0.27412477,-0.9424463,594.9512
1.3742163,-0.33450335,-0.6126217,-1.1748996,-0.91519254,80.50692
-1.8754274,2.0548153,-1.5469793,0.5207953,0.21090859,2.6416726
-0.2942971,-1.7434533,0.9091056,-0.13251042,0.3929666,1.4652282
-1.1708431,0.28158537,0.0065636085,0.31469098,0.24861507,929.4941
-0.043217886,1.0355008,1.6685425,0.4316457,-1.8494351,1523.3269
0.2984831,0.17606063,-0.13367906,-0.72956884,1.0608832,3.4230778
-1.6714914,0.6605862,-1.5298959,0.9265175,-0.28119612,1219.2328
-0.5672143,-0.0025481114,-0.3854757,-2.1719205,-0.8700351,-13.483819
-1.3427346,-0.57673293,-0.4507876,0.0047783707,0.17130005,-330.54282
-1.3807425,0.26717564,0.19760743,-0.22710615,0.632843,749.7328
0.030576633,1.28759,1.9739766,0.3342355,-0.15764281,436.50027
-0.41013345,0.73856056,-1.6243061,-0.60944253,-1.1452706,-10.769053
1.7064899,1.0803134,-0.36138228,0.8409072,3.2773418,22.660915
0.43395585,-0.2861959,1.3042915,0.086038604,-1.3334535,-607.1934
-0.26191527,-0.1440013,0.012557323,-1.9284766,-0.799744,1342.0447
1.1949983,0.99108607,-0.276934,1.4415984,-2.477472,-1146.4475
0.5366288,-0.7250642,-2.6986146,0.5629701,1.5007863,1.5023946
-0.637019,1.5427928,0.80869675,-0.47154686,2.2662904,15.6834955
0.23631433,-0.8440995,-0.41462263,-0.9032471,0.29430258,-4.0152273
-1.7291338,0.21279557,0.89422643,-0.53284127,0.14106528,-88.1834
0.304144,-0.13034233,-1.3607823,0.17263167,-0.22079611,-3.5853536
1.7875569,-0.42716348,0.3413282,0.32141346,-1.9612294,1505.0338
0.09515996,-0.34331992,1.3108325,-0.20683642,-2.0370274,919.2157
-1.016421,-1.4996564,1.893766,-0.87562096,-0.5951834,1392.2598
0.11498834,-1.3859541,0.013375561,-1.8857362,-0.83497,-125.41925
-0.12614939,1.6408656,-0.41016755,-0.9876858,-1.0528687,-6.1502075
-0.9370209,0.38202956,-0.8241122,-1.1317278,-0.020277577,-5.7572837
1.6302621,-0.49722883,0.61636686,0.6774227,-0.48870084,1224.4951
0.30115253,-0.8716988,1.3479275,0.34300217,-0.62261873,398.0153
0.18739907,1.36812,-1.699782,-0.7009418,-0.33069918,-5.7299623
0.6212264,1.2828977,-0.55716413,-0.88378644,-2.1552143,536.0116
-0.15456718,-0.47546244,2.1220431,0.5142425,0.9444291,13.100628
1.2783762,0.40883878,-1.6447927,0.889808,-0.032550972,0.90510654
-1.1498483,-1.6774989,0.37401894,-0.97037196,0.5694269,-2.820146
0.77817756,1.0187348,-0.7918196,-0.35907033,0.42802212,1.7679818
-2.7025092,0.9000082,-0.9203757,0.75637174,0.24430205,481.44186
1.1352036,-0.14434479,0.15679228,0.9667491,-0.35820535,3.7607195
1.4173906,-1.5570766,1.5545992,-0.9454659,1.4832034,1729.6096
1.6733149,1.8603928,-0.76222503,-0.38251588,-0.7619509,-2.0867107
0.18334302,0.5786567,-0.7621059,1.8138449,-0.30105177,5.814566
-1.0615712,-0.49294585,-0.38650998,1.1215752,-0.54273045,1161.5377
-0.7115027,-0.708265,-0.39129683,1.4362298,1.7951759,12.800709
0.8638089,-0.22808182,1.0822104,-1.5030438,1.2223194,1859.0536
2.042208,-0.07410457,-0.5887839,-0.38261038,0.15778676,994.66003
-1.0075384,-0.15449776,-0.6240948,0.70428395,-0.24344268,370.77026
0.7498833,-0.6762245,-1.1686465,0.02429966,-1.2693484,1594.2462
0.5212067,0.09781351,-0.011270679,0.09587339,1.1339332,3235.253
0.8320524,0.29887325,-0.600904,0.27164084,-0.99956423,-3.7686098
0.27769655,1.0988477,0.3851738,-1.4188596,-0.4261469,797.575
0.6223693,-0.10293658,-1.7715702,-0.49464646,0.09596006,1140.0741
-0.32428128,-0.61316365,0.71654046,-0.8956865,0.19100817,-0.84408647
0.718007,-1.6925818,-0.5942696,-0.90462047,1.0126022,-2.4013863
0.765422,-0.25309396,-1.019311,-0.40977332,-0.5267803,-6.3784256
1.048747,-0.077142194,-0.43317562,1.1768459,0.21755745,-154.14462
-0.96823794,-1.8519417,-0.16410643,-1.8944182,-0.75127995,-14.976866
0.20813602,-0.090490565,1.7569481,0.024209388,-1.403627,2223.3677
-0.5582476,1.5905719,-0.76109195,1.5358322,-0.205542,6.710917
0.18035723,0.29419845,-0.079247765,-0.30924347,-0.046301834,10.765254
-0.55285853,0.18598746,0.43708506,-1.1979156,0.17729141,-1.4653376
-0.016566556,-1.4884099,-0.4230084,-0.7949906,-0.82701665,-10.544205
1.6772226,-1.3988671,0.6048783,0.115134366,-1.6040621,3226.5376
-1.0867404,-0.2611656,1.1843041,-0.972554,1.2079986,2094.8516
-0.3233736,0.67187583,0.8665362,0.7279793,1.1185322,13.319205
-1.4942818,-0.08186756,-0.65275,0.44488972,0.11266605,0.38141853
2.0737464,-0.43527445,-2.068233,0.66962194,0.54942954,0.3814506
-0.66814077,1.0693847,1.4166877,1.3084661,-0.28852883,10.758623
-1.7602226,-0.06408469,-0.6074207,-1.1535194,-0.006309914,836.7455
-1.5449727,-0.99514794,1.6995211,0.32380906,0.33166483,1197.5365
0.6380844,-0.32944113,0.5034729,0.9260356,1.4219704,13.01294
-1.0471405,0.54593515,0.32428622,0.24627934,-0.18082054,2.7282426
0.31598014,0.8442656,-0.6094587,0.472786,0.257973,4.2443037
1.2967728,-0.13159856,-0.2914297,0.33724523,1.0504428,6.9780297
2.007361,-0.4779277,0.607113,1.0910044,-0.6173796,4.0595436
-0.26690656,0.61146796,-1.2484109,0.80943936,1.8958273,1084.0657
0.017334435,-0.02707383,-2.2394912,-0.27676752,0.30705473,609.46606
-0.09252429,1.4184353,1.6051432,-1.2517997,-0.7619294,1267.3016
-0.37328002,0.3548071,-0.8273672,0.35967335,-1.0040294,-4.585864
0.41950628,-0.61061734,-1.2004845,1.7626195,0.27870217,4.859655
-1.0997427,0.69945425,0.13061212,0.40630293,-0.90544355,-0.654261
0.006770721,-0.3360558,1.0515677,0.978166,-0.53184867,1221.3009
1.0207698,1.2461127,0.42234117,-0.744525,0.85674405,1038.3448
-1.5703429,0.6015682,-1.3526987,-0.10835947,0.10403614,799.54126
1.7259054,-0.6436275,-0.9128724,1.0600595,-1.4907544,-5.4688845
0.15325835,0.78551924,0.20241989,-0.81948864,0.39665827,1.9419503
-0.3322576,-0.08462488,-0.7077332,0.03391307,-1.8802406,338.73187
0.50967723,-1.2568898,-0.7141392,-1.7877085,0.5837346,1726.3811
-0.91751057,-0.8261953,-0.076587215,0.5072537,0.32538924,2.3968422
0.68487495,-0.77423155,-1.8624535,1.184699,0.530525,1.594084
-0.96228683,1.2838135,-0.20271794,-0.3172884,1.2452344,7.432505
2.6090686,-1.6612729,-1.476919,-0.13176891,-0.35779652,-1705.3851
-0.88247633,-0.4696692,-0.052301697,1.1108246,-0.515731,597.8186
1.5913465,0.41740128,-0.3579125,0.6596065,0.15869835,4.9598694
1.8111175,-0.017112086,-0.93716115,-0.83864486,0.02585771,-4.1390934
-1.2109454,0.4654446,-0.63701564,0.046573076,0.7217225,3.1388812
-0.30915564,0.39139438,1.265553,-0.9496337,-0.49659696,-0.78950226
0.4279677,0.6560681,-1.7977043,2.0282836,-2.3576741,-6.5265527
-1.4456207,0.0025509966,-0.49167833,0.323812,1.705683,8.58583
-0.1703581,-0.97074395,0.2253821,0.85988486,-0.28031543,1.6955972
0.79021084,-0.057811435,0.09487835,1.1136059,0.28443095,7.397873
-0.2834472,1.4480168,-1.0761999,0.11900377,-0.9629931,1086.1743
-0.4643953,0.17178935,-0.19825691,1.0459226,0.72545063,1454.1058
-0.60000443,0.44556516,0.49381945,-1.5403754,-0.038516335,-3.2406337
3.262576,1.4971611,1.055362,0.98517257,-1.6538277,4.4581923
-0.48552242,2.0459366,1.3458014,-0.25054026,1.2097864,13.959731
0.8389677,-1.2266055,0.26546964,-2.4564116,-1.2511412,1845.4851
-0.9507544,0.5175506,-0.5483953,-1.5968918,1.5091002,691.38434
-0.9187962,2.0383456,-0.71601826,-1.2901689,-0.7968616,1479.2324
-2.1455538,0.7141713,0.9809755,-0.1824283,0.42176127,2490.697
0.28232777,-0.084727965,0.8666252,0.4428419,-0.2863672,1178.104
1.4670234,-0.9204499,0.48964792,-0.061836574,1.2765137,7.5357876
0.75889117,-1.0054502,1.3371462,-1.0899414,0.1801976,10.682664
-1.7923453,0.013055249,-0.94819266,0.65260595,-1.6901019,-234.65334
0.62585056,-0.54575694,-0.029000338,0.29867157,0.7056161,4.829031
0.39775315,0.5515211,0.26021725,-0.2626138,0.9488225,1063.1117
-0.4060261,-0.55337673,-0.83950907,0.20304357,-0.82367307,-6.1611834
-0.70544416,1.1393205,-0.06667335,-0.85067445,-0.16788253,2477.4368
0.9088266,0.95408595,1.1228905,1.3053782,0.734836,15.709267
0.49971557,0.04745347,0.41292894,-1.403534,0.25815696,-1.634569
0.519691,0.3689081,-1.2958113,-1.1178263,0.99665195,-787.15015
-1.0535649,-0.3205399,-1.3845136,0.5121698,-0.033696096,-2.4167964
-1.5235008,0.13828254,-0.03723382,-1.2010856,0.6517641,-1.1520561
0.12968548,-1.1816336,-0.8390024,-0.3236151,1.129725,2828.0935
0.4481667,1.1029052,-1.0137274,0.5012918,1.0201224,7.590183
0.16756026,-0.6240152,0.91009396,-0.20234251,-0.007935465,1.6255596
-0.5375626,-0.34561837,-1.6736772,0.36075255,0.5954736,258.94702
0.65130574,-0.68303686,-0.12297684,0.92179304,-0.84199274,-0.91379404
0.07441816,2.1518857,-0.8754583,-0.80569655,0.52451056,2.079024
-0.46329856,0.8870738,0.16256031,0.0289447,-0.69961137,-0.32301646
0.5373364,0.5093431,-1.6455519,-0.81369716,0.42311135,-3.8615875
2.271086,0.3746598,-0.5389767,-0.45910114,0.8597329,651.8144
-0.35216928,-0.6987084,-0.8744147,1.3100411,-0.96620136,-2.7980213
-0.54747975,-0.18547273,0.110098645,0.44434154,0.032220602,1740.2659
0.698363,-0.68478644,-1.3993157,1.2882588,-1.1751242,21.028854
-0.07248111,-0.192554,-1.2208298,0.86353064,-1.8878691,-9.035478
-0.72856563,0.28140754,0.22747092,0.4011949,-1.0273999,-114.35576
2.0502465,-0.3088777,0.05837539,-0.21486218,-1.4192698,556.2578
-0.45065463,-1.624994,1.2481108,-0.3991331,1.4030304,2091.5813
-0.21111158,1.7843137,0.20152807,-0.025227342,0.9941478,9.991479
0.23602718,0.92788076,1.1727159,0.50775516,1.190801,14.479714
1.5191566,-0.31822515,0.49076015,-0.65352654,1.0337462,824.19574
0.78014827,-1.2300173,-0.8946569,-1.3544986,0.3271573,1298.9067
-0.4705406,0.6989314,-0.84938395,-0.92518026,-0.9381331,1673.7883
-0.94389915,-2.4266145,-0.83965427,0.76719016,0.5913329,-0.8014586
-2.475129,0.22931619,-0.18463856,-0.046042033,-0.19694415,3314.6736
1.0908599,1.0456088,0.38589033,0.9220128,-0.2721297,7.1437206
1.6782387,0.6453555,0.1947898,-0.42478463,1.284222,1593.02
-0.04594716,0.580085,-0.8444001,0.017750332,0.16478269,2509.1863
0.4147226,-1.1122315,0.86395824,0.98645896,0.18891194,-232.09021
-1.9558932,1.7097809,-0.70667267,-0.3635297,-1.4509815,74.30065
-0.8339131,0.26233461,0.35199276,0.62008077,-1.166776,1570.4302
0.90345734,0.38800916,1.9777132,-0.8740124,-0.5753689,1.809571
-0.99670476,1.7439314,0.15522392,0.49588466,-0.41119796,4.35967
-1.2763394,0.18944734,0.3308831,-0.3527335,0.055766802,2674.1348
1.1384206,2.3261006,-0.19107431,0.90853506,-0.5816147,378.23795
-0.83978015,-0.2003747,-0.6671416,0.29424042,0.8891483,3.807203
0.82412285,0.008478533,1.6474131,0.5534876,1.0616366,13.86219
0.4319477,1.1639378,0.7870059,0.36481678,0.4855496,9.758326
0.6371582,0.6476107,0.022856714,-1.833623,-0.08764327,3646.1897
-0.17602651,-0.124369815,-0.10715964,0.14912915,0.31706333,2.471036
0.17448802,-1.8171883,0.08547783,-0.5500205,0.9592126,0.3364392
-1.292504,-1.1306392,-0.31034416,-0.2046091,-0.97345006,-8.39692
-0.16932161,-0.46244216,-0.07352897,-0.5568739,-0.53969747,1409.7188
-1.00962,-2.443909,0.48512658,1.6380222,-0.046886504,3.3559234
0.3405808,0.6786188,0.59449637,-1.0557183,0.71869534,3.72173
-0.9505662,-1.577215,0.34833753,-0.72556615,-0.6304238,-7.597945
-0.46269366,1.3798308,-0.54834193,-1.3076103,-0.8616753,1768.7782
1.1429038,-0.23586921,-1.2511715,1.3603028,0.027127303,2.8790624
0.0111346645,0.93580973,-0.58816296,1.5565441,0.34484792,9.130441
0.6221538,-0.58509815,-0.50610876,1.2920096,-0.4971569,1.3869838
0.36313093,-0.78814393,-1.6937432,-0.7542797,0.8272783,-4.365422
1.3203233,-1.0332447,-1.5365578,0.10060633,-0.13812481,508.23413
-0.5448303,-1.2914726,0.26572865,1.4016942,0.24583657,5.825643
-0.47644016,2.4150727,-0.67789847,-0.09133931,-0.2704637,1.824253
-1.0028855,-1.2983747,-0.80921984,0.4306555,-0.9014585,-7.323834
0.49279386,1.008941,-1.0247359,-0.5489668,0.65677273,722.41956
-1.2315369,0.7270672,-0.07517803,-0.6902265,-0.43111697,-584.03784
-0.83226174,-0.44901267,-1.8068322,1.9272501,-0.8439088,1801.2607
0.13546222,-0.668896,0.32714254,-1.1306828,0.7270541,2213.6099
0.02733302,0.9009063,-0.64652,-1.1480235,0.057826467,-3.40854
-0.30522543,0.71077687,-1.3707844,0.2809444,-1.3075186,1522.9199
-1.1870172,-0.33023766,-0.70782065,2.5203464,0.74074453,11.3442745
0.15632986,-0.3779792,1.7224008,0.3509378,0.97942734,11.800983
1.4744203,0.22528787,-1.5896558,0.43521062,1.415585,6.217276
-0.6856457,-1.5428888,-0.26617822,-0.70843637,0.5261482,770.4806
-1.3906596,0.48406845,0.17416726,0.36824733,-1.8800389,-242.96494
1.5721871,0.14183852,0.42762232,0.8547934,-0.5830564,103.476776
-0.9106604,-0.7436559,-0.1079133,0.24429967,-0.8608565,678.1421
0.1726142,1.5272266,0.06843832,0.537355,-0.73172796,560.20984
-0.71674097,-1.6593188,-0.8930538,-1.8834398,-0.17580344,657.6324
-1.0959009,0.651565,-0.08102288,0.804722,-0.2632167,1416.3602
-1.2100663,-0.10671494,0.26968327,0.7335986,0.17125794,4.824355
1.316754,-2.373185,0.15685226,-1.8464948,0.32813737,-8.44962
1.2811344,-0.6258541,-0.5316081,0.18239844,-1.5559345,-8.247313
0.47906134,-1.902355,-0.68993473,-0.9356195,-0.256031,-9.61421
0.27390885,-0.52039415,-0.27928188,0.9059648,0.15714312,3.6820598
1.0189465,-0.5802974,0.31583557,-1.7056766,0.34558338,1944.2936
0.3534403,-2.096017,0.2244359,-0.056824412,-1.235482,908.0844
-0.8972517,-1.7245216,-2.3850527,1.2078464,-0.5114908,1242.0491
0.8600456,-0.6175122,-0.55810887,-2.3312178,0.729404,868.7287
-1.376031,-0.7879307,0.036082502,-0.66354656,1.1844463,659.99084
1.5431297,0.29104653,-0.35237774,-0.8534948,-0.992392,1467.0967
0.16177614,0.0017117271,1.9205502,-0.063304454,-1.3889462,-0.35992035
-1.0153383,-0.12030407,1.3908509,0.426364,-0.053392045,5.9105344
0.96212107,-0.08060231,-1.1116942,0.50900364,-0.498963,1118.3732
-0.81512654,1.4535124,-0.16046414,0.27157164,-1.0595043,-1.1992357
1.5742579,0.6844569,-0.7246737,0.17257173,-0.034230098,1.5369897
1.4725231,-2.8651261,-0.5136643,-0.76563966,0.3955052,-33.92686
-0.94588244,-0.051347937,-0.6297522,-1.7739733,-1.1462885,-14.255985
-1.8683947,-0.1577105,-0.84407324,-1.559335,0.24023531,-7.798255
-1.7575641,2.5989292,-0.34975934,1.621956,1.2461442,1056.0635
0.6161322,0.36607957,-0.771287,-0.7516168,-0.26184672,-4.6603336
-0.6440963,0.6777696,-1.4551395,-1.1749144,0.5050902,-4.420223
-0.7242182,1.9425007,0.9086082,-0.64878064,1.9617018,1524.5294
0.72749496,-2.4636219,-0.8932224,-0.12534194,-1.5070871,-14.360068
-0.17494652,0.85730034,0.7588528,-0.40748668,-0.02216814,-413.08917
-0.7790999,-0.44438007,-1.0166212,0.6765823,0.86278456,2202.0215
0.6801125,-0.067747936,-0.36254406,0.15438369,0.65488535,3.9426441
0.78049105,-1.414545,3.4168885,-0.005099279,0.7216413,1001.7276
-1.8892539,-0.86147195,2.1432562,1.4244695,0.17851833,1456.4487
-0.09772064,1.1556726,1.4534721,-0.71947366,-0.7045473,1.1197766
0.2772751,1.8542011,0.0023437268,-0.59154415,0.7034836,900.2257
-0.5679391,-1.0546842,0.62367827,0.740725,0.7946985,996.0756
1.1659117,1.4106314,0.4061441,1.1034777,0.9218322,14.615924
-0.25607973,0.050109237,0.6314543,-0.3917592,1.8004297,10.255231
-0.26258487,1.0899048,-0.77575946,-0.3062218,0.78452444,1714.6963
-0.21886763,1.1331869,-0.078844406,1.3022252,-1.566282,1893.0511
0.3886423,-0.5798468,-1.6032971,-2.9562075,0.31941968,-14.9326515
-1.1050274,0.31276855,-1.5894394,-0.60317045,1.3201227,0.48809505
1.4598216,-0.018544924,0.42392313,-0.8821189,0.70665425,2316.2375
0.8714264,-0.5986645,1.584489,-0.7367756,-0.28336728,-408.18195
-0.1283933,-1.4129258,0.8681721,-1.0618758,-0.32220262,1092.9473
-1.2367274,-0.36341804,2.6637423,0.57107985,0.012390802,9.988995
-0.7857097,-0.22711153,-1.2940204,-0.24670544,1.3834845,932.16034
-0.369392,0.41079813,-0.31251076,1.3161037,-0.24377678,2049.147
1.257094,-1.3743187,1.6305991,0.41606748,-0.7311839,1573.6688
-0.36323434,-1.5080066,0.68028146,-1.3927381,-0.2840081,95.24148
0.39745992,0.03714235,-0.17246553,-0.9256091,-1.4337938,-10.138039
0.31817427,0.9343585,-1.5591065,1.5295388,1.3137485,10.96334
-0.22603653,0.19208114,1.0283281,0.14615694,-1.6012766,-525.35626
-0.061134722,0.35275102,-0.73782873,0.43664122,-2.1414084,-9.506115
0.6069541,0.81855994,0.83312976,-0.13025157,0.13576911,-322.97836
1.2592483,1.361773,-0.5849306,-0.1600827,0.31911036,3.5025098
0.8131839,-1.0172124,-1.4722937,1.6727538,-0.8211936,-2.4704795
0.5816841,-0.25847062,-1.3024131,-0.7498131,0.52989906,-3.524607
0.66676986,-0.93749136,2.0792835,0.727007,1.8468208,1072.1747
-0.23133536,1.6531748,-2.2279427,-0.5701905,-0.6173963,-7.7764764
-1.0615422,0.3574303,0.2933221,-0.6046842,1.9580495,235.76064
-0.050108172,-1.2055358,0.74246866,0.1981265,-0.564596,583.80005
0.12318992,-0.6431217,0.26888207,-1.1299123,1.3953083,-211.61736
0.6546606,-0.9604191,-0.16624512,-1.8128632,1.4683915,-1.02639
1.3364962,-2.579602,0.75092924,0.71782523,-0.98455954,-3.2981653
0.5556881,0.95879877,-0.45302075,0.5751785,-0.05358887,839.5109
0.32503104,-0.27372077,1.1809242,0.12879002,-0.15913653,3.9975064
-1.090909,0.928336,0.80078673,-1.325892,1.5125837,6.917157
1.4375869,-0.3587589,-0.2825943,-0.73614764,1.2002008,3.134976
-0.78072494,-0.755966,0.5611172,0.8299974,1.4194726,2425.3313
0.19750404,-0.13660574,0.5272991,1.089747,-0.17660014,5.851744
1.5492907,0.74054605,-1.3782169,0.34040678,-1.0938246,527.3285
0.6914123,1.2147071,-1.1373276,1.7447927,0.17655379,2507.0537
-1.2907916,-0.5568732,0.59779555,-0.4853393,0.29315516,0.6337878
-0.03291525,1.5858914,-0.46377578,0.92465657,2.5186837,682.44183
-0.36636204,-0.39604053,-0.08710664,1.257379,1.2016944,1291.315
-0.32525313,-1.769761,1.2123417,-2.1339176,-1.002259,-59.222275
-0.65495014,-2.2923775,0.30389583,-1.2798588,0.14179091,-7.3518734
-1.297846,-0.2514244,-0.46696684,0.2197718,0.6949087,2.7757995
1.212044,-1.4495908,0.45272088,-0.26373938,-1.7922008,-298.86157
-1.1449518,-0.08742724,-0.38845754,-1.2301053,0.9686729,-1.0076835
-0.49572384,0.11212549,-1.267447,0.12645558,1.5793573,2040.9963
-2.5439682,0.66103846,-0.011808679,-0.5680851,-1.4713844,2762.233
1.5931902,0.72942907,0.076209925,-0.5174351,-0.7363652,994.9533
1.1696165,-1.7121576,-0.5743596,1.0641072,0.7170598,4.229603
1.5356826,1.6147982,0.88773954,-1.4794028,-0.02811882,1.6780827
-1.167414,-1.6807815,0.7650567,-0.16280691,0.015030503,2139.5454
1.0731245,0.029406108,-0.69398504,0.49708265,-0.816835,779.4366
1.7163174,-1.1894947,0.67435455,-1.0428048,-2.5187323,-15.260677
-0.8595587,1.1577349,-1.2524981,-0.74515957,1.75721,916.9078
1.167454,0.51640916,-0.32720506,-2.3254566,0.20357956,1198.0383
0.45596653,1.2674625,-0.90868074,0.67151624,-1.0257014,935.37335
0.61356354,-0.7905942,0.86155653,-0.8572382,-1.4887252,267.28528
-2.1260831,-1.1267049,-1.1767383,-0.34662998,-0.81016153,-11.249711
1.2966766,-0.22678103,-1.5108714,1.0850441,-1.1887821,85.724236
0.54399896,0.8530007,-0.35413894,0.5631693,0.9766829,9.08372
-0.42215967,1.1289887,-1.1178195,-1.2669126,-0.49335203,-7.983332
-0.31237245,0.34322995,-0.5442415,-0.0774903,1.3258725,375.8233
-0.49356937,0.24319538,-0.59668165,-1.4464037,-1.4699086,-13.651109
-0.43320298,1.0380617,-0.858442,0.17473006,2.5758088,2159.795
-0.2594918,-0.3457673,-2.1390765,-0.029473796,0.8188947,-2.2698784
-1.0792303,-1.340522,1.0048132,1.8651621,1.1465493,13.974702
-1.2285792,1.0459993,-1.1803038,-1.1811066,-1.8207961,-14.878477
-1.2099419,-0.8412452,0.31109035,0.2795863,0.79729944,4.831569
-0.36562887,0.84787464,-0.8039038,0.49152422,0.51409185,1002.82306
-2.4184499,-0.33579996,0.15361694,0.78387064,0.8882133,908.50214
1.2920572,2.200286,1.4559551,1.8906558,-1.5942241,72.678276
0.59345335,-1.1325028,0.45489335,-0.8222304,0.78717923,1.062102
-1.1990806,-1.258016,-1.0530243,-2.3845463,-0.08329796,64.756516
-0.19724438,1.6937958,-0.5532638,-0.75479764,-0.36870608,-2.1723456
-0.108276494,0.49761412,-0.31444544,-1.2640294,0.4682852,-1.7734891
-0.83854747,0.9275435,0.65069014,0.09461385,1.103715,10.3387375
0.4385578,0.104797594,-0.2889665,-0.01232357,0.6319046,3.6651137
0.49448192,0.18551797,0.99632823,0.07167203,0.5294687,1253.3809
-0.25895306,0.4036649,-0.70416135,0.31073135,-0.2905472,2652.3674
1.1274035,0.29430082,-0.7323761,0.01821961,-0.8490035,-4.1843476
-0.016446833,0.69983137,-1.4470824,-0.48142606,-0.18838245,-4.8428607
0.14032286,0.16764702,0.67562103,1.342294,-0.36416796,805.9633
1.1773889,-1.1745747,0.060479756,2.194668,2.4856694,-222.44513
-0.2957862,0.7033498,-0.30992466,-0.7829394,-0.27682585,-3.1174612
1.6377457,0.30735874,1.6173233,1.1975979,-1.4311453,4.923472
-1.1131816,1.8000722,1.448252,2.014417,1.3893411,23.368877
0.56039536,-0.72569317,0.45522267,-0.34334877,-0.44774318,-2.4451914
-1.0619767,0.6775843,-0.9093279,1.8740549,-0.2735257,5.244308
1.4332746,1.121304,0.66999936,0.28942335,-1.4526691,780.0881
0.06212721,0.4417233,-0.36414734,0.6781056,0.93733513,-579.79834
0.3251999,-2.131371,-0.2330591,-1.2901595,-0.9642632,-13.692557
-0.37981433,0.11956003,-0.708762,-0.5355515,-0.6479804,-6.47749
-0.26648188,-1.6928445,0.29147184,-0.2412764,1.1503283,3.110555
1.2952383,-0.86220855,-0.18153703,0.4915315,0.51560706,504.42264
1.9946648,0.13315105,-0.9532495,0.7140096,0.8516555,393.49246
1.1261941,-0.9523028,-0.7561588,-1.1547383,0.039971214,-7.06054
0.32081187,-0.7466617,-1.8655648,-2.451632,-2.4108539,-27.731686
0.35070235,-0.41561905,-0.43680307,-0.9320638,-1.2334634,2284.2239
1.3474928,1.1572119,-0.47908285,0.3485201,1.2059429,9.944926
-0.0836064,-0.55520904,-1.5749322,-0.74372375,0.46848336,1804.297
1.352551,-1.3250513,-0.30808774,0.043930963,-0.119322434,-2.3749948
-0.5349614,0.01132839,-0.4207361,-1.4527767,-0.6126603,252.1154
-0.62304366,-1.8252121,-0.15590331,-0.23094703,-0.23037007,1997.9736
-1.0927448,-0.22576134,-1.4136631,-0.5637438,-0.51177305,1638.724
0.05067513,-0.031844668,0.45577723,1.1439438,-0.82424307,921.1704
0.24460465,-1.2637278,-0.19479842,1.0633775,0.39938343,-754.79114
-1.093436,-0.3119856,-0.68201613,1.1010832,1.3539901,1299.4606
0.5754412,-0.033186726,1.4825768,1.0004287,0.2800075,11.013427
0.66979486,-0.8581691,-0.36200348,-0.52989084,-0.27114415,462.5261
-0.20409685,0.07772374,0.7387189,-0.84105456,0.24703263,3299.5422
-0.7517055,0.5872424,0.38088024,-0.29642314,0.51191515,1079.6727
-1.7330874,1.270932,-1.3035078,1.2009771,-1.0001822,286.20078
-0.25243,0.3119917,0.9109269,-0.81699985,0.33532992,-216.94469
1.0121334,0.12688243,-1.412397,0.0150266895,-0.24593845,-402.62277
0.9403638,0.4858238,0.4571066,-0.511862,-0.079704106,886.1612
-0.279124,0.6835591,0.9574323,1.3990358,0.09245365,11.111516
1.3397714,-0.67956877,1.3692324,-0.6092632,-1.3468071,2406.6226
-2.8192384,-1.1236551,0.7726851,-0.4240015,-1.1495527,-7.8068585
-0.56644046,0.51852226,1.958816,-2.9845178,1.2054373,1.7490807
-0.4873591,-0.70873547,0.4618358,0.1688664,1.0810742,6.8268495
-0.86279887,-0.19098094,0.12287248,-0.003408855,-1.3440088,-169.20786
0.5589245,0.920666,-0.5327678,3.0277188,-0.560761,10.810599
2.242412,-1.4941634,-0.43541354,-1.4414929,1.2103976,-1.8570465
-1.9868354,0.6938716,-0.46028084,-0.66977537,-0.9630164,435.21982
0.64306617,-0.21644126,0.43419275,1.8392893,-1.7254248,-748.0662
-0.14716859,-0.02969351,-0.13109748,0.54959947,2.3476624,14.451357
-0.65024745,0.23613957,-0.84071046,-0.87877387,0.7872381,-0.9003221
-0.5339099,1.4073712,-0.6664295,0.3525486,0.356807,4.7620125
0.48371294,-0.9069486,-0.19163622,0.8938303,0.62179315,5.61584
-1.3703448,1.074489,-0.6478261,-0.7843013,-0.6457443,1685.5051
-0.021965593,-2.2351298,1.6040424,-0.7688681,-0.023833597,-100.29813
-0.027726026,1.9907426,1.2777952,1.1794709,-1.2721131,1070.6853
0.62999505,0.47449446,0.4811594,-0.9687045,-1.6615868,-8.442779
-1.1422142,-0.4086874,-1.4922715,-0.99148476,-0.663881,-12.092102
0.5257066,-1.088233,1.2379057,-0.41588938,-1.2940079,-5.349414
-1.1451366,0.28663686,-0.4478695,-2.0529978,0.32520416,-6.9076285
2.4197478,-0.7925942,-1.2739724,-0.8227457,0.47805375,-4.074962
-1.106794,-0.2322025,-2.108545,0.5187525,-2.531321,-16.957195
0.52870274,-0.25861564,-1.399046,-0.22148454,0.6472983,598.55457
0.56137633,1.9326624,0.49744022,1.8219714,-0.45041582,11.641383
-0.8056718,0.087027825,0.18807662,0.99596256,0.19916666,1526.0295
-1.0793812,0.8814495,-0.34788388,-2.297407,0.17822053,-7.042571
-0.83809257,-0.17766282,-1.3092926,-2.4866984,0.7713887,-9.795341
-1.723844,1.6896788,-0.5067421,-0.06633045,-0.7585806,-1.974546
0.63908565,1.1589024,0.6272136,0.09329189,-0.7459517,2267.3372
0.1895533,-0.9541042,-0.6378573,-1.4660754,-0.08003478,2506.6956
-0.42566797,-1.1960464,-1.1649561,-0.98550963,0.39203358,1831.6771
-0.27725205,2.2122793,1.1955615,-0.90891886,0.4508522,7.4886336
-1.277036,-0.22765233,0.89972013,-1.0416356,-1.1506569,-7.3468037
-0.46718445,-1.5660373,1.2246406,-1.7104102,-0.7677952,780.5595
-0.67966723,-1.0012811,1.1477333,0.7925131,-0.46420118,2171.022
-1.4717281,-1.2893181,0.36755633,-0.14203767,-0.07841727,-2.1495335
0.37110996,0.23333189,0.43911502,-0.13804641,0.4214236,1721.6678
0.21554719,-1.6933153,0.7876216,-0.76512516,-1.2715586,1191.7152
-0.35325846,0.44133395,0.68092793,0.1783257,1.6491482,1385.6534
0.28785798,0.045052737,-0.17572501,-0.42064065,0.08997605,262.58176
-1.656959,1.4334161,0.62565047,-0.28213164,-0.124722615,1089.084
-1.70664,-0.71128255,-0.41764608,1.128168,1.116565,7.53849
1.0780861,0.8795493,0.3972953,-0.48048663,-1.1409161,-3.122166
0.079111114,0.67601365,0.29799545,-0.3246506,0.24101904,605.52167
1.4399221,0.6510629,1.4817866,-1.285448,0.35039228,1636.3766
0.66992944,0.56013274,0.82648516,0.1559594,-2.1534321,1724.7214
0.9344519,-0.23290735,-0.78877485,0.47532758,0.7918344,351.2711
0.45543084,0.6290129,0.04863165,1.3702861,0.7926889,1184.2365
-0.75974727,-1.3645622,-0.4040839,-0.24292403,-2.419833,-16.357567
-2.241123,1.1305405,0.09090902,0.7745187,-0.2722701,627.8828
-0.8534785,0.50738496,0.47755668,-0.21317114,2.2747736,1424.2955
-0.92663527,-0.7668767,-0.043347266,-0.2755558,1.6506364,5.9612746
1.3185471,-2.0413451,-0.6754569,1.4250646,-1.8879967,1990.4342
1.1865621,-0.820141,0.6646045,-2.6646245,2.401766,3.3003402
1.2480425,-1.0065279,0.3517581,-0.5066414,-1.2076702,1433.1125
-2.411514,0.99629736,1.5983261,0.0068301475,1.382531,-901.45374
-0.6550411,0.5092559,0.9413595,-0.3064199,-1.0539292,167.02058
0.92887014,-0.06874623,-1.681719,-0.80829906,0.20096576,-5.87811
-0.03787005,-0.17650682,-0.7796057,-0.60205317,0.43641943,-1162.061
1.1184348,1.0747133,0.2528146,1.0078424,0.5924376,11.50647
0.42920554,-0.10245664,0.03525595,1.5974165,-0.233382,6.375589
-0.5713347,-1.9839288,-0.22217923,-0.19237183,0.4637445,2026.9312
-0.12976141,-0.17204577,-0.93472856,1.3339413,-0.2985538,1064.13
-1.0338942,0.10530616,-2.1134112,1.243315,-0.38492566,1011.112
-0.36911172,-1.5900712,0.2917273,-1.6117043,-0.21939255,2955.3162
1.002013,1.3489484,1.3302314,0.08713454,0.43661034,734.93335
0.4169601,0.89050466,0.96089494,-0.49725404,0.003507082,3.846398
0.36348677,0.4178436,-0.8719807,-0.7691741,1.2325736,2173.729
-0.1592225,-0.17878796,-0.18130597,-1.2769163,-0.21321557,-866.956
1.6046422,0.28873134,0.71414435,-0.03718563,-0.076995574,1729.1571
0.31484577,0.17167908,1.3732225,-0.15843445,-0.42784306,2.845818
-0.45820263,-0.25820777,0.8469261,-1.1304512,1.4460326,5.531219
-1.0898345,-0.62262547,-0.34360304,-0.6205144,0.20938738,-3.2568805
-0.5045735,1.064391,0.8783371,0.39873356,0.79960054,859.33484
0.67223674,-1.3955631,-0.7648569,1.4904344,0.59720343,-202.10625
0.010221674,-1.7584156,1.1990995,2.4194674,0.5789097,1384.5709
-1.3018711,0.5098254,0.11101708,0.13169193,-0.8142861,-1.8234721
-0.9084036,-0.3729115,-1.4829288,0.357027,-1.2039603,676.3659
-0.9937806,0.878366,0.514083,0.78467005,-0.4040269,4.9864855
0.36674762,0.6940591,0.1998245,-1.6045804,-0.5393159,2581.6458
-0.85382223,-0.51638937,0.3906303,-0.5150825,0.69947314,2.214057
-0.77220416,0.9290954,0.5339654,0.031171147,-1.4721041,673.918
-0.036894437,0.6825369,-0.0052403347,0.02767184,-0.72207606,-1.2173281
-0.70487356,1.1377902,0.013458412,0.6151351,0.8147953,1020.09015
-0.05132721,-1.3055567,-0.7747011,1.8058515,1.5186133,10.888218
-0.9753642,0.0821946,2.1210802,0.19233222,0.5765345,1005.1686
-2.0686853,-0.8058343,0.09980886,0.83347344,-0.17250015,766.10767
-2.2619321,-0.6361316,0.69249374,0.48369867,0.326153,579.0755
-1.138055,0.67524433,-0.8902663,-0.8850399,-0.15112105,-5.187292
1.3689222,0.87396216,-1.35161,-0.40599036,-0.5097577,-4.766598
-0.1569336,0.31524432,2.1300485,2.2006962,-0.12436591,-330.7406
-1.4611317,1.149947,1.893433,-0.4066849,-1.9787104,-3.346019
-0.5681131,1.1387814,0.62632316,0.036598437,0.4015227,417.87103
-0.19774649,-0.6709427,-1.6302198,-1.2740937,-0.3729046,1492.1368
-0.02627899,0.7079718,-0.54097617,0.2875231,0.29564774,689.55505
-0.3809117,-1.6442683,-0.827932,-0.83870816,0.88061255,-3.8357124
0.36072782,-1.9939543,0.27191338,-1.965483,-0.375177,-11.794208
2.609531,-0.21552508,0.47783795,1.4419533,-0.9845013,1398.4827
-0.15087356,0.64746183,-1.0100821,1.7487819,0.21710202,7.268602
-0.5074,-1.5969133,-0.596094,1.4601988,-0.5439588,-1.0861809
-1.9397674,0.67041,-1.6359544,1.5754185,0.5450379,5.570197
0.51931524,-1.299372,-0.055846944,0.27108988,-0.07271111,-0.7239439
-1.1691449,-0.19418335,-0.15761107,-0.10228726,-0.15205455,-1.6331285
-0.9573641,0.3320475,-0.066484794,1.0222639,2.4745688,17.442478
0.80015534,0.83517766,0.10009603,-0.7270136,-0.43122742,678.9255
0.62731117,-1.519508,-0.4082163,-0.28364995,-1.937568,-13.801211
-0.9276612,-0.3042213,-0.08241021,-0.6842639,1.415884,-798.92694
-0.6971011,0.85733026,0.5841743,-2.4388194,1.1457932,1780.8495
0.72366446,-0.2837668,1.2461545,1.1566308,1.7590597,17.972824
1.0813751,-0.7698218,2.4236515,-1.2421837,-0.6696958,-0.97466874
-1.1487336,0.62228984,2.461685,1.3580701,0.0044839173,-3139.4502
-0.0032852523,0.87076056,1.1234181,0.12783216,-1.7015153,-32.39625
0.13579337,0.5096537,-0.33788916,0.9985512,0.24409714,-937.49695
-1.5179391,-0.55779535,-0.34539765,1.9691056,-0.30002815,4.491168
1.4207225,-0.43826348,2.0657938,-0.54984015,0.6892637,775.4719
-1.0307822,-0.54389,-1.0438513,-0.6685411,-0.8420463,-10.57834
0.0044469377,0.22738552,1.2810007,1.7169487,-0.67890996,8.837628
0.70812494,-0.3795816,0.60207295,0.12331537,-0.6486681,-0.4924708
-2.2247438,-0.7540708,-0.32301968,0.8009541,-0.17881978,-0.37871164
-0.36857736,-0.15593302,1.3408945,1.4349264,0.50292003,593.2684
-0.006572673,-0.89120454,-0.5734671,-0.9327834,0.8672326,-1.9442465
-1.5685842,-1.1676824,0.44949886,1.5040946,-1.2678245,1502.5326
-0.36036333,0.35694277,-1.3146961,-2.3698916,-2.393181,-23.74023
-2.166807,0.0168438,-0.40354794,0.21785,0.6366304,218.33203
-0.9606866,-0.45557308,-0.14025912,1.0601768,0.89658624,7.9305816
0.7560244,0.27884424,1.2941943,0.32118657,1.3961325,14.162582
0.94052976,-0.69936645,-1.8327007,-0.6050721,-0.43722323,1825.5187
-0.102590054,-0.18229952,-0.464238,-1.0603603,0.04628822,1397.5212
-2.325649,0.4153127,-0.6923913,0.79240626,-0.9215386,-2.9229956
0.6526139,-0.9452343,-2.028242,-1.1620836,0.07662917,-10.896332
0.828265,1.706556,-0.89772046,1.023336,-0.5376382,3.619062
-0.90890735,-1.523787,-0.44005433,0.5686511,-0.63271904,-4.762403
0.841541,0.23010997,-0.824081,1.4692947,2.094449,985.02637
-1.0037264,-1.2085866,-0.2075554,-0.6220238,0.71593064,1877.5142
-0.072004095,-1.2091267,-0.7239428,1.2670856,0.7754222,5.375282
-1.9465057,-0.50584775,-0.18765184,-0.38725632,0.008464027,1689.2395
1.1110932,1.8673117,1.1277807,0.2367839,0.70312065,13.13739
-1.4015082,-0.79881155,0.13267554,1.412596,-0.8923541,0.26762643
-0.46001738,0.91030747,-1.1152446,0.33965173,-1.089336,638.9277
0.29870838,-0.17285553,0.098093465,0.6151746,-1.232816,-2.6324677
-0.4435631,0.11666577,-1.2847797,1.4607205,0.58999646,5.939013
-0.33694193,1.4108263,0.20234527,0.9441761,-1.4906787,1769.5068
0.6736381,-0.47937244,-1.2837589,1.4274855,-0.6286651,535.70734
-0.6661727,-0.14711085,0.7855339,0.18627433,0.46104053,823.68665
-1.1788983,0.6456438,1.2063154,-0.14186193,0.07486416,5.2033916
0.8638429,0.9535328,0.61681634,1.1218746,0.80425406,13.701536
-0.055010073,-0.23919854,-0.94304913,-0.3662964,-0.22952618,-4.9476156
0.844246,2.2561626,-0.91564757,-1.4843013,0.17013808,-1.8019366
0.6346867,1.6459961,0.72385365,0.49447274,-2.0772548,4.5794177
-1.7361941,0.1143689,1.1093128,1.1884761,0.44054183,10.769014
-0.3606672,-0.46613342,1.4934193,-0.9954516,-0.27076843,644.88934
-0.09622277,1.5611155,-1.1185087,0.68595713,0.5883026,6.390754
-0.65102583,-1.5962511,0.39782003,0.6746549,-0.20098233,0.3951584
-0.10507729,-1.2839465,0.6559549,-1.3170992,-0.27582753,1717.0529
0.1411382,0.14943396,-0.34613562,0.6870012,-0.010369052,3.066633
-1.8449719,-0.19428237,-2.0574882,-1.6260871,1.8387403,64.23169
0.2918752,0.34039685,-1.7535173,0.88973176,0.06517722,-526.79297
0.40944502,0.3844001,0.33884698,-1.7013518,-2.5263696,-16.476578
0.1006667,0.241366,0.5049071,0.69255775,-1.7430757,-2.8858688
-2.7101579,0.46820775,0.61907303,0.8826386,0.7788749,1854.1708
0.14180668,0.6901312,0.6425622,-0.20162365,-0.4022993,1.5657723
0.6390923,0.7290239,0.15346928,-1.8765625,-1.1024389,-9.807257
1.848627,-0.75177,0.5909956,0.7920417,-0.069712214,1891.0931
-1.1253439,0.016458398,-0.71885294,1.2153659,0.28596467,4.602785
2.0660348,-0.7962167,1.0771469,1.6376951,0.47770458,12.643833
-0.8231801,0.54474443,-1.6194499,1.0806887,-0.9417848,-3.5769696
2.1628118,-1.741023,-1.3991866,-1.5557542,-0.19508334,-12.831305
-0.36271983,-0.66823375,1.8773338,0.64699924,-1.7339549,-1275.3706
-1.330771,-0.5496547,-1.0996362,-1.4962037,-1.6579857,1883.353
-0.3093399,-0.917256,-2.8972826,-0.8775384,1.4582185,599.7043
0.117492355,1.945251,-0.27775976,0.26751176,-1.429024,1376.7628
-0.36265248,-0.15480064,-0.18163997,0.78201807,-1.1902918,-2.9078648
-0.8288763,0.5820757,0.16932741,1.5970664,-0.952754,3.8407757
0.4843141,0.12422566,-0.7686491,-1.6884882,0.47080418,-5.187532
0.6578062,-0.5070431,-1.816654,0.5219409,0.8212528,1.0872562
-2.7701457,-1.1667718,-0.6868764,-1.6351352,0.08138566,-220.69836
1.4125011,-1.8848952,-0.18693838,-0.7221731,-1.5827775,-775.2575
0.7426441,1.0238323,0.47924867,0.069846936,0.23717825,6.350731
-1.2044803,0.07612826,0.74860626,-1.0349474,0.1589151,-11.902509
0.7418528,-0.11982706,0.6606345,0.2009253,-1.3612216,-2.8969605
-1.8970318,0.482375,0.9049429,1.369817,-0.6351269,6.000102
0.303367,1.9763967,-1.4111422,-2.08395,0.5340135,-4.7962313
0.88945067,0.07782477,-0.12177169,0.02440183,1.0035224,465.40475
-0.839364,0.06226355,0.75979644,0.42989483,-1.1000923,-543.38745
1.6404198,-0.46802965,1.9443249,-0.75812906,1.1712477,-631.84985
1.0806754,-0.14567395,0.066622786,1.8884389,-0.53028697,6.3316674
0.283418,0.8428638,0.7829153,-1.1661432,0.90390366,5.05273
1.6163999,0.15140828,0.789814,0.07346944,0.13386849,5.4381104
-0.5779871,0.71444863,1.5291158,-1.0626539,-1.713733,-6.0852184
-1.1422142,-1.2628386,1.3931485,-0.7408988,-0.9146901,68.693665
-1.2376033,-0.47080597,0.5878619,-0.0023296014,-1.2378503,-4.990115
-0.37423205,-0.14023219,-0.9959969,-0.15973246,-0.14211293,-106.15118
0.02447676,1.3400462,1.2272766,0.6807093,0.57216084,13.010082
1.096575,0.20437148,-2.1618683,0.46057856,0.44243306,1375.7681
1.1569245,-0.82388645,-0.6344556,-2.9999862,0.10809498,-13.534887
0.8552906,0.16082698,1.7720813,0.76990837,0.64191556,13.30543
0.68092066,1.8239653,-0.33098823,2.129809,-0.013759764,4460.7065
-1.8912994,-0.4597443,-0.0004517681,-1.1409484,-1.7123282,-13.977096
0.025119655,-1.3205191,0.44804415,1.4190145,-1.2820817,1465.9713
-0.23256287,-0.4451103,-1.5828614,2.1820767,0.4985872,6.470315
0.40194207,1.1446754,-0.4565917,-0.23625687,-0.20288397,480.6347
0.619293,-0.1091867,1.3188196,0.34098396,0.6303411,-400.7691
-0.529844,-0.8909156,1.1367074,0.48897943,-1.3596183,-2.4575872
0.6348874,0.53636444,0.11652712,1.3746253,-1.052796,3.0404356
-1.174778,1.1764389,-0.8989148,-0.6680671,0.4340747,-0.44806394
-0.371793,0.067622,-0.023703547,-0.04278757,-0.492586,-144.27295
-0.07637125,0.70434666,1.0318944,1.1824585,1.2413223,2106.0718
1.8244148,0.26839292,-1.1821607,0.5713107,1.1645545,7.051197
-0.20995909,-0.48752588,-0.06381027,0.50265664,0.7396296,2870.892
0.3728384,-0.3550856,-0.15188305,0.6165666,2.0257185,12.635345
-0.19557576,0.8983555,0.88513845,0.9650293,1.2442635,442.35513
0.2803661,-0.27883372,-0.7591062,-0.9760038,-0.20195904,2191.8586
-1.0548631,0.37392455,-2.6306984,-0.5426647,-0.057445727,-9.162133
-0.57242143,-1.1386747,-0.39513835,-0.4807193,-0.37899205,462.30634
-1.2762903,0.5774875,-0.99299353,-0.052205276,0.91442233,1811.878
-0.9102692,-0.87414384,-0.28285372,1.0186493,-0.24436332,0.69343466
-0.8712618,0.94771016,-0.59453565,1.4620318,-1.1156421,0.95006883
-1.5178294,-0.6398974,-0.78213274,-1.2235559,0.16138846,-7.43582
0.17000477,-1.0828635,-0.17595625,-2.6877222,0.752451,1062.4956
-0.031295232,-0.11665272,-0.60390204,-0.63477135,1.4932044,894.98236
-0.4366995,-1.2320006,0.3524516,-0.90139186,0.035907045,3542.4412
0.83893025,0.16894971,0.35272792,-0.25214756,1.0581676,6.970838
0.5933468,2.733236,0.90149766,-0.8127214,0.55902827,1618.2516
-0.024119584,-1.3799734,-0.33988068,-0.7582711,-1.6016877,1890.6742
1.3364065,0.03472342,0.41108257,-1.2227145,-1.0714518,895.9284
-0.023646995,0.02213575,-0.82848835,-0.9945171,-1.8833113,3827.2498
-1.1409601,0.79387766,0.0015883415,1.4554292,-0.25901932,6.5623336
0.054919615,1.9057884,1.9970945,0.44407323,-0.05417163,12.302086
0.35088736,0.8458102,-0.5150613,1.8718305,-0.76962805,1855.3243
-0.18870749,1.0931126,-0.3556785,0.59809095,0.018244993,663.98615
-1.3794239,0.4321935,0.70774287,-0.23402081,0.81670314,6.4731617
1.3543481,0.6961578,1.666253,-0.91719323,1.4364972,11.581414
0.011633025,0.71981174,-0.82846284,-0.7894693,-0.33171403,-4.862891
-0.33812177,-0.11614697,0.14818788,1.1545819,-0.5613967,1269.8849
0.43349427,0.6942199,-1.5583918,-0.6522596,-0.14628315,1279.1274
-0.114218436,-0.0014758464,-0.91892326,-0.2745739,1.4693439,4.4225035
-1.7734401,-0.15640043,0.3610195,0.4990232,-0.8863562,-1.5358534
-0.075729154,0.020352198,0.3103902,-1.3160124,1.1473118,2.4645832
0.01277554,-1.9428719,0.1610867,-0.9097685,1.8640896,3.212122
0.5836998,-1.1424661,0.48113722,1.9406304,1.9907159,18.229616
-1.1960517,0.16252853,1.3654573,-0.026289087,-1.6228238,-3.3596566
-0.7964845,-1.2081143,-1.1283853,1.0432811,0.10184568,-0.52204466
-0.5225638,0.19621664,-1.0017568,0.5832863,0.24474423,228.08917
-1.0781971,-1.8852385,0.9506568,0.31402114,-2.2724943,-10.572233
-0.1500188,0.36139202,-0.22107673,-0.8343652,1.0151047,2641.0288
-1.5675483,-1.519672,0.2320779,-0.04436735,0.506506,766.5483
0.94546497,0.4285619,-0.08473334,0.36416355,0.5492419,6.3326955
-2.8439505,1.3044882,0.2994142,0.7932105,2.2512364,2651.3147
0.9091173,0.7552406,0.7944705,-1.3969238,1.680589,810.25696
1.3761287,-0.879591,-0.66637486,0.36714593,-0.10536612,-1.1544967
0.56460595,-0.0833401,0.17416367,1.1349654,1.9034199,15.708641
-0.41049555,-0.3309887,0.63870627,-1.7323387,-0.24403808,1083.8613
-0.8682733,1.1828294,0.014725987,1.5220541,0.8889236,13.594507
-0.07797314,0.6874645,-3.1516325,-0.43372673,-1.9661611,-18.719116
0.3090503,-1.0637549,-1.9369648,-0.31678516,-1.4475251,-15.242255
0.701897,-0.080920234,-1.0431895,0.6260731,0.016870273,0.6259149
0.7045725,-1.2044059,-0.39807636,-0.57389426,0.01565998,276.87708
-0.15339503,2.2358751,-0.7141575,-0.56709695,-0.37858143,1654.8354
0.24931146,-0.284608,-0.24873938,-0.4676397,0.25093096,1200.0753
-2.91483,0.26026812,-1.2493589,1.2080251,-1.7072653,1241.9528
-0.21894234,0.6157485,1.0749042,-0.9644477,2.272135,1279.5442
0.41709813,1.728023,0.22087084,0.38684055,-0.4097995,1799.5062
-0.3956276,0.9339937,-0.79960054,0.69531274,-0.1024064,2.5453305
-1.0753787,-0.65823305,1.1023178,1.2928957,-0.15553163,1503.843
-0.82327276,-0.58215714,-0.68853676,0.46811035,-0.20325747,-1.7751746
-0.64681786,1.1955464,-1.3925929,0.32291993,0.3827341,2.159847
-2.1651947,-1.2184347,-2.4148004,1.3046603,0.68078256,-1.2059107
0.8752292,-0.51739895,-1.0938034,2.0970886,-0.8414477,691.4273
-0.8865194,-0.098607,0.95908326,0.4561926,-1.2031838,-0.8954771
0.6196888,-0.50111145,-0.27682263,0.47955635,0.6500128,4.6735983
1.2665336,0.9763198,2.1945803,0.1484583,0.60891277,527.7532
-0.4863826,0.018552624,0.028580917,0.37099415,-1.404119,-4.6085777
0.21899942,1.8056773,0.7528221,-0.3238387,-0.22444123,4.645372
-0.5626218,0.1294783,-2.370619,-0.4352516,-0.23101567,1587.2214
-2.3488443,-0.7367118,0.9299399,-0.39311993,-0.24487366,343.06546
-0.78524286,0.14249964,0.9166346,0.081273615,0.016340027,4.0074162
0.17794134,0.9714499,2.2868137,-0.41578647,0.8101902,12.319604
0.44515353,0.4355048,-0.3203607,-0.03282043,0.3743866,2.8530326
0.053637587,1.3829875,-0.91484183,-0.0062631126,-1.1046048,-4.5666127
1.39141,0.07307385,-1.5878216,-1.4705541,1.644941,-0.5727525
-1.362239,1.1687312,-1.024897,-1.7647129,-0.88815403,778.3518
-1.0851068,-0.07458882,-0.041776415,-0.65954494,-0.46639425,-4.776163
1.0118185,-1.4298795,-0.25925454,0.501366,1.7888784,8.807388
0.8362071,-1.2150811,-0.9233592,-1.0408826,-0.61769867,-10.923952
-0.5898679,0.20790587,1.5463719,0.3866294,0.29035044,1084.293
0.5019224,-1.8154265,-1.7761182,0.65877014,-0.31111363,-646.75586
3.0814433,-1.627178,0.17388654,1.7000531,-0.29856747,444.27826
-0.7841777,-1.2926905,1.241078,0.8877399,-0.64277834,2804.428
-0.22502604,1.0903646,-0.26684693,-0.14076574,-0.12376193,-499.98068
0.2146568,0.6581973,2.7305083,-0.53007174,0.30203474,1163.1522
-1.2478303,-0.18294667,0.398835,-2.071301,-1.8185914,894.7335
1.2361592,-0.22785012,0.0996999,0.5244986,-0.08298551,2102.9587
0.5408175,-0.2374929,1.2200594,1.4946771,-0.27228618,8.983068
-1.032928,-0.71167725,-0.79055667,0.49386352,-0.6155752,1456.367
0.41412705,-0.8275189,-0.13176775,-0.15127741,0.77079666,811.97595
-1.4586569,-0.92078286,-1.6828477,0.3680657,-0.5906795,1261.5992
1.2054032,-1.227644,1.0948467,1.0251241,1.8331909,15.708263
0.21651912,-2.3896272,-1.7071234,0.89498085,-1.3734845,-12.058908
1.2154915,-1.3082396,0.25751773,-0.76690674,0.65600497,256.52307
-1.1774017,-2.1026013,-0.042634044,0.49777034,0.2744865,997.4669
0.38691136,0.952533,-0.42553616,-1.0973872,0.081857935,465.78665
0.5389602,-1.5244135,0.27308595,1.2347008,2.1183171,1175.9263
-0.6456272,-0.8307799,-1.672867,-0.72325075,-1.3326893,-15.60772
-0.83215886,-0.8708376,1.178032,-1.148906,-0.9222478,-6.733859
-0.31153786,0.74626243,-0.77364147,2.3647768,-0.62503535,623.3538
-0.59907377,0.62111217,0.8694117,-0.90417707,-0.68045324,-2.40445
-1.1466961,0.77059615,-0.3290335,-0.361975,0.47383928,2015.8402
0.16576077,0.9822848,0.2773677,-0.12540382,-1.0897666,331.11047
1.4915198,-0.79750043,-0.64024526,-0.51264155,-0.14048247,944.66284
0.49418098,-0.7218449,0.07031995,1.0474949,-0.31080225,2.7063522
-1.2728078,-0.6618433,0.4965574,-0.7356249,-0.43758312,526.0976
-1.2166847,0.23334688,0.770282,-0.08003038,0.5327294,-35.359383
-0.15636621,0.07201288,-1.5250306,-2.4340215,1.4179832,-6.124003
0.77181023,0.7605704,-0.015273037,-0.17849378,-0.34275424,101.25808
0.555185,-0.053467326,-0.20442353,0.23704493,0.9259099,6.081834
-0.7707735,1.4980593,-0.16782986,0.8320118,0.38551137,8.42452
-2.4127839,0.64459354,0.6289702,-0.3994297,-2.3300145,-10.253554
-0.019976635,-0.53868145,0.2978971,0.524958,-1.4673172,-4.4677496
-0.118963875,-1.5343125,0.43469548,2.26481,1.6263491,16.41699
1.5671813,-0.8492085,0.032181837,0.11723137,1.0503716,1252.6443
0.21017139,0.41829538,-0.7612205,-0.50363445,-0.8175515,-6.5026155
-1.4543785,-1.4145088,-0.23275496,0.58640015,0.18862481,-0.036882944
0.01665693,-0.32683024,-0.42046022,-0.48607418,0.23794259,-1.6779013
0.25048947,1.4134344,1.3946711,0.43242946,-0.67800456,-20.874863
-1.5274103,0.6290541,0.3940941,-0.39873746,0.011845447,1087.7943
0.90334314,1.6969281,-1.7434212,0.22750877,-1.0766915,1951.3815
0.5998377,0.35402703,-0.109354734,0.19004071,1.3702642,491.5162
-0.121647954,1.1017609,-0.7412516,-1.1769801,-1.67461,-12.235978
-1.1219366,-1.8627979,-0.46515715,0.40264416,-1.0593171,2224.9963
0.39210126,1.3816719,0.06045795,0.96647125,0.59570944,-323.4956
-0.010068971,-0.45179945,-0.8628504,-1.0166006,0.27156547,-5.16158
-0.2029074,-2.5870554,1.4113106,0.5831313,-1.7145991,2339.6726
0.33577248,-0.26132974,-0.3294455,-1.7079254,-0.31520677,-8.692244
-0.61185867,0.058395524,0.13067892,-0.83972216,1.0290673,173.96611
-1.1340938,1.581033,-0.33443296,0.61097056,-0.4700171,-930.02435
0.029644141,-1.2003208,-0.37039304,0.24804805,-0.33482885,-3.13166
0.6286935,-0.022481538,-0.38197938,0.5553066,0.14374048,3.1034987
-0.8325669,-1.9876698,1.7204369,1.140883,-0.69880223,2.8187048
0.62693006,-0.7241757,-1.8983237,0.49351022,-0.30642042,420.3122
1.5924271,1.956501,0.6082035,0.23498863,1.8020214,17.451797
-0.69329756,0.38529533,-0.4438625,0.040037446,0.85849804,1066.0146
0.053818054,0.3679752,0.7293838,-1.3900268,0.4627911,1233.3776
-0.31885117,-1.2247099,1.8864021,-0.35356802,0.091566995,30.472511
-0.71684974,-1.6249362,-0.049684275,-1.315162,0.94856113,-3.2249508
-2.319495,-0.16007218,0.25706708,0.060607247,1.5084769,8.029299
0.82571214,-1.5983069,-0.13813157,-0.0013395698,-0.012087801,-2.2393217
1.8757629,0.71739084,0.35022917,0.23681697,0.25730163,6.6715407
1.6256089,2.6699824,1.1928076,1.1093528,-0.5586988,690.6123
0.5777372,0.057420745,-2.0739715,-0.2011685,-1.4959971,-13.121662
-0.8502365,-0.23535463,-1.2659513,-0.18297887,-2.3004138,507.6355
-1.1747353,-0.41488433,0.5269928,-1.2543821,0.8964186,0.6511574
-0.85626256,-1.3380648,-1.905802,-1.222587,-0.82463104,2643.546
0.3301023,0.7998945,-0.6282504,-0.6724176,0.9146697,1666.2402
-0.27933496,1.385963,0.44798955,-0.028372953,-0.15109794,4.176973
1.8699843,-0.8534692,0.5699359,-1.0177301,-0.13374709,325.8362
0.51507944,-0.5456994,-1.5094934,-0.3714764,-0.5366363,-8.553052
-1.4118707,-0.6515617,0.23360401,0.31444496,1.0485396,642.6528
-0.5816856,-0.11450214,0.08476794,-0.8297196,-0.028822174,41.75264
-0.6774843,-0.8895172,-0.8057121,-0.29168862,-0.9176462,403.77826
1.5224317,0.70125777,1.0172914,-0.6714732,-1.6769091,-4.862764
-0.6023183,-1.6085836,-1.6099119,0.2541981,-0.5130878,150.00652
1.0764301,0.7521572,1.0073168,1.7973503,0.72097826,1891.364
0.34609973,0.21042393,-1.0661814,-0.26581344,1.0776956,1315.3475
0.6785,1.9645349,-0.329006,-0.26013893,0.49713334,1659.4518
-0.7818532,2.5739298,-0.092005186,1.4851835,-2.4664278,-157.94208
0.5999189,0.3352624,-0.36992598,0.28146264,-0.92325634,608.31683
1.4130887,1.1537323,-0.74437755,-0.9575766,0.44568902,0.23178646
2.3070269,1.0667077,-1.799031,-0.3928993,-0.4832664,-5.142433
-0.65362865,-0.23443098,0.08104462,0.3835002,0.21021971,3.0726163
1.4854606,0.13403562,-1.1546053,0.31160662,1.4483427,1225.6797
0.120978095,0.7139875,-0.7703059,1.4727504,0.42530283,2733.3582
1.3695662,-0.5512764,-1.8437382,0.26817328,-0.46864122,2187.4128
-0.22462806,-0.30317482,-0.80733204,0.6386409,-0.45319498,-1.8737279
-1.0750229,-0.56465113,1.3471575,-0.05071582,1.4206481,10.282394
1.4958365,-0.7193757,-0.17068116,-1.6675963,0.18412729,159.1215
-2.206582,-0.1378896,0.23004462,-0.11166705,0.07537583,2263.5647
0.15942317,1.1564103,-1.3604045,-0.9016451,-1.0450895,-9.504547
-0.24848306,1.2785016,0.09541682,-0.292712,-0.6011863,239.52391
0.8462225,0.62857074,0.6004844,-0.652209,-0.4125999,26.224287
-1.4838532,-1.372796,-0.23548736,-0.77915883,0.68413305,-2.8781085
0.20542932,1.5324361,0.5969462,0.10263255,-0.37707037,921.7922
-0.048520915,-1.4705644,-0.30297676,0.09481552,0.27908432,256.0082
-0.108523056,-0.2927134,-1.6038337,0.6738806,-0.11933282,-1223.7814
-0.08140107,3.2929523,0.28596547,0.4109865,1.3673254,16.859503
-0.13722701,0.7258839,-0.607056,-0.6491,-1.1517022,1636.7913
0.05758333,-0.02299086,-1.1276851,-1.0820649,2.2463474,4.5324116
-1.1795402,1.0790008,0.74847114,0.97604513,-0.06633492,870.05963
-0.30941302,0.87230515,0.28582332,-0.6685983,-0.9784021,-4.109581
-1.0265676,1.2778527,0.462781,-0.1318875,-0.81921273,1505.4669
-1.3773696,0.9040093,0.42286876,-0.5497143,-0.48183826,-1.2024914
0.6940863,0.56160283,-1.3494953,-1.0928215,0.8201042,-917.23334
0.12680098,-0.44958544,0.4096376,1.1085199,0.2604954,939.09174
0.18559563,0.7828077,-1.2938462,-1.5441924,1.8954674,2.1117258
1.2543675,-0.925348,-0.9591359,0.2129844,-0.27356574,-3.5689857
0.4013893,-0.41970775,1.084857,-0.22196096,0.5728579,5.4673367
-1.4267474,-0.5601737,0.5364959,0.7587413,-0.0320595,722.55383
-0.9668712,-0.41074356,-1.8945429,0.3842663,-0.079784326,-4.81371
0.53126174,-0.11703185,-1.1340808,2.025882,0.2026184,6.8001113
0.7575097,-1.4054556,0.8338172,-0.2901481,0.34817773,1.6708368
-2.0348103,0.9005729,-1.9794569,0.58845156,0.18200466,-0.89962417
-0.4244187,-1.1164858,-0.80387986,0.78514194,0.61614454,1471.2874
0.79103255,-0.5847101,1.1796097,-0.53450865,-0.47091246,-0.7807479
-0.8743388,-0.36292875,-0.73566496,-0.060072083,-0.060681015,-2.946862
0.9637731,-0.9411375,-1.6380249,-1.6923906,-0.104734555,993.1476
0.08968129,-0.33273336,-0.46144015,1.0351832,0.0633207,2603.7883
-0.95598555,-1.5352601,-0.6758178,-1.5642717,1.8235912,122.75772
0.24123666,1.258113,0.5270391,0.018684288,-0.13904725,1448.697
0.3548989,-0.7810526,-1.0929992,-0.07760042,0.9935521,665.7368
-0.7354051,0.18325563,1.8660414,0.76934284,-0.75816953,5.848595
-1.3808652,0.79938686,-0.7842145,-1.6336489,-0.92663974,297.25757
0.12000907,1.5620766,-1.3307924,0.49860588,0.7940442,6.155118
-1.266064,-0.090614796,0.46770388,1.9730664,-1.360831,2.7130423
-1.7453344,-1.3873343,0.1096557,-0.28768015,-0.083525516,676.9538
-0.18850248,-0.17554504,-1.0329305,0.7256293,-1.5931537,-7.683339
0.8139806,0.327452,0.1357979,0.5162484,0.9221378,1046.6942
1.2152524,-0.8078021,0.7866509,0.38733858,-1.2262924,687.1343
0.7390293,0.8518655,-0.21122766,-1.9498379,0.982693,326.36072
0.43161666,-0.41688755,1.1044562,-0.83054906,0.6528327,3.721874
-0.032296702,-1.0960788,-1.4493302,0.8359116,1.1659515,3.6249712
0.88296646,-0.22910036,-0.9675323,-0.5965873,-1.5351413,1167.4293
0.11854836,-0.30341986,0.7473382,0.42973033,-0.57004225,1167.1478
0.12925611,0.40683866,-0.19659337,0.8331298,-1.0088385,-0.45444864
0.5850044,-2.0310886,0.5685447,1.6063231,-0.5307351,1961.7725
0.6617919,0.35001788,-0.056053363,0.8390965,0.5545239,7.9937873
-1.2909051,-0.34840524,-1.6802167,-0.30920315,0.26173234,1510.553
0.795453,0.0063239825,-0.35879922,-2.3039896,-0.50025845,-11.401442
-0.9012765,0.72273475,-0.73446095,-0.21920437,-0.64649564,-434.8488
0.5548701,-0.11746817,-0.3719957,-1.2753783,-0.36745712,-7.0616155
-1.8095378,1.940594,-1.2356936,0.374455,1.1123687,7.3712707
-1.1111534,-0.27365404,0.54627323,1.8034223,-0.3478592,7.0064006
0.5424169,-1.0823447,0.16864091,0.92430794,-0.2428903,2720.8564
0.1005555,1.5024635,-1.0652457,-0.059285272,0.028261082,0.6311194
0.57466763,-0.32372743,1.8563997,-1.1463675,-1.3954718,-5.297246
-0.8984627,2.5140667,0.600672,0.51334524,0.9686049,-563.6899
-0.09393114,-1.5344627,-0.75202906,1.2368946,-0.79455036,-223.20732
0.50755554,-0.2903982,1.930838,1.6311626,-0.11510743,488.92883
0.08270171,0.4061439,-1.1696472,1.2699635,1.503438,-1470.648
-1.202273,0.4738745,-0.47016582,-1.2893835,-0.11138172,105.99412
1.2339085,-0.6184385,-0.6555292,-0.5004184,-0.6685557,2073.499
0.29956773,-0.8107381,-0.65094626,-0.9462818,-0.25036147,-7.462663
-0.18824294,-0.49215603,-0.3421297,1.2930676,0.5803539,6.9425936
-1.6035857,0.68736434,1.1447897,0.5011907,0.87441945,997.7827
1.2312586,-1.8951812,-0.31395525,0.42914745,-0.81474566,-5.5522213
-0.35104984,-0.05946661,1.2553593,0.77497536,0.90754396,12.086697
0.48506945,0.9483253,-0.824625,0.38208967,1.10365,7.745109
-1.0676148,0.8140629,-0.18857251,-0.34823972,0.61083174,-76.5787
1.940964,0.57793844,-0.99557424,-0.013386129,0.2545669,1.339035
-0.5411696,-0.074217334,-0.20334557,0.7430786,-0.50312144,0.45909595
-1.4564333,-0.5003816,-0.17283776,-0.24341658,-2.392186,486.89706
-0.58034843,-0.45432773,0.16229685,1.5243149,0.27014327,1936.4904
-1.6132064,-0.038379688,0.01884447,-0.8869163,0.22931726,2488.1062
-1.754801,0.023013785,-0.7020435,1.0107902,0.42102376,626.5515
0.5281925,-0.3303204,-1.7239562,0.23842075,0.3525216,1823.4731
1.4411038,-0.14976522,0.8962653,-0.23932348,0.45074502,5.360997
-1.0698414,1.1327705,-0.12208974,0.39368412,0.6330005,478.76337
0.71420616,1.515276,-1.593099,-0.3851682,-0.84817654,1104.8682
-1.0270176,0.053853188,-0.5509607,-1.4449595,1.1646241,-50.78213
0.51639944,-1.3928422,0.17933431,0.5213669,-0.012963133,1.0261354
0.022390956,0.3196788,-0.27365914,0.5186182,-1.1533179,-1746.9233
0.7836389,1.3634318,0.31574908,-1.4466506,0.92648786,132.58598
-0.024059277,-0.9008495,0.8055361,-1.5009831,0.70980597,310.54434
-1.1567535,-0.03594745,0.7319208,0.34063017,-0.7565983,0.1833283
0.44325247,1.8535641,0.14228897,-1.9841818,0.2055846,-1.5613872
-1.8034217,-0.5357335,1.0425401,-1.6228907,0.6702298,803.22833
1.3661249,-1.4921457,0.5398446,0.932828,-0.3666479,2.2221441
0.9491208,-0.7394343,-0.86493754,0.14904964,0.51076317,11.077963
-0.1908335,-2.0782697,0.9963451,-0.9911882,-1.0048581,1886.634
1.2726194,-1.3574972,-0.5522865,0.7339619,-0.5201132,1347.7692
0.21162748,-0.62495977,-0.7928645,0.15026373,-1.3436973,842.74963
0.31883854,-1.5382885,-0.19685328,-0.56691676,-0.84704214,459.2307
-0.39055067,-1.3643062,-1.3073463,-1.8297911,1.0151565,-8.064734
1.0618836,-0.39626613,1.9848787,-1.2278805,-1.1125597,-509.5259
-1.9106003,-0.36463755,-0.3764769,0.8790795,-0.30903006,0.19288237
-0.6283776,-0.5822938,0.19800743,0.105294645,-0.50128305,-1.9285779
0.8031021,-0.46572202,-0.3984432,-0.38534403,-0.5922525,-5.1648364
0.091399476,0.6413447,0.047715925,-1.4868076,1.0383133,1567.3774
-0.24597523,0.4211185,-0.4355382,-0.14730644,1.3295455,6.501194
0.66427547,-1.041186,-0.56488097,-0.24011177,0.9699053,1.5214438
-0.21790703,-1.2138757,0.39437127,0.4968802,-1.4779133,172.95255
1.2322346,-0.8100594,-1.2767348,0.41057977,0.19956304,-743.9385
0.0069997474,0.15604599,0.3980472,2.0230637,1.820044,19.717304
-1.3911349,1.1311692,-0.9380904,0.63205874,-0.07397954,2727.154
-0.26839367,-2.647412,-1.9094468,0.55598205,-0.30557927,-9.552603
0.5777288,0.078711525,-2.3500454,0.9199069,-1.1123177,561.3852
-0.026604809,0.5193814,-0.9983436,-0.15242073,0.8530037,1939.1553
0.06955858,-1.2216018,-0.7446819,0.01505604,-1.0232075,-8.639417
-1.6096616,0.014948513,0.9611799,0.07914787,1.109391,1137.8026
1.273177,-1.1128923,-0.26569203,-1.1602483,-0.7505606,-114.4356
0.18715411,-0.32856488,0.25361535,1.1103305,-0.41974252,2052.5159
-0.3943513,-0.16047366,-0.122437015,-0.13434649,0.48948556,2.0413032
0.4809623,1.7602509,-0.06695851,0.35506916,0.101918966,6.443355
1.4503766,-1.3209192,1.2111675,-1.435739,-0.4813191,3162.0955
-1.5141908,2.0452573,-0.2757953,-1.9953257,1.0420308,1474.153
-0.1993597,0.80879617,0.5889306,-0.12278195,-0.72341806,895.21326
-0.36835092,-2.874481,0.39879626,1.0185286,-1.2095243,1162.9238
-1.3426044,0.121608384,-0.040051293,-0.095579304,-0.24508409,272.70035
-1.0823824,3.0387902,-0.62676954,-0.2270282,0.17983794,4.670508
0.020010687,2.340667,-0.930099,-0.30058843,0.8094206,5.732699
-0.08657953,-0.46281818,-0.036538422,-2.5620086,0.7852114,282.63995
-1.6714877,0.7598946,1.7707982,-0.84975934,-0.7626837,1504.203
0.15935321,-0.21513727,1.385312,1.939561,-0.5544379,1444.5911
-0.9383635,-0.48436245,-0.14340115,-0.8082966,0.14347701,180.47888
-0.2425528,-0.2351011,-1.2638863,0.32191905,-0.85850817,1252.8018
0.06774151,0.92900825,0.42519385,-0.3951458,-0.8209044,-1.5283142
0.46535817,-1.5064176,0.28639203,0.0339042,1.0708401,1303.0352
0.025829045,-0.88700116,-0.52569497,-1.1068715,1.0302604,-1.5651445
-0.93669134,0.25241122,0.7906768,-0.28055808,-0.07903281,764.04663
0.2641854,-1.3274809,0.83418643,-1.1852181,-1.1104013,-9.4865
1.1263509,-0.8459054,-0.24468194,1.3835975,-0.20543052,-329.39752
0.45664042,-0.61492014,-0.35356927,0.6077286,3.0201337,382.03534
-0.09607978,-0.22559068,0.06294725,-1.302342,-0.12723744,-5.2298326
0.4078313,0.73935664,-0.7644299,1.2069354,2.5311182,826.26807
-1.0334616,0.45227224,-1.9412284,-0.9776782,1.1895953,-2.3731942
-0.15728243,-0.41177064,-2.555183,-0.39426085,-0.926736,-13.793984
-0.34070155,1.3332212,0.22886641,-0.040329967,-0.38887173,1504.9989
-1.497575,0.53391033,-0.4012219,0.19932692,-0.028911302,0.7112581
-0.19624814,-1.5303187,0.7039451,0.21385975,0.07306789,1.0613091
-1.3882229,-1.3602713,-0.3017885,0.40202823,-1.1695524,1330.0004
-0.5132436,-0.90714085,0.75602156,0.9468732,1.6917694,13.52896
-0.9588522,-1.0364844,-3.8409932,-0.11859577,0.30918527,1392.413
0.11036287,-0.74951726,-0.2393951,-2.7317343,-0.074101254,689.08417
1.0160135,0.003217507,-1.626399,0.23385197,1.5682968,152.39922
-0.87748164,-1.5375746,-0.1159713,0.0892109,1.0848355,2.8824236
-0.8867284,0.35401976,0.47798175,0.5320168,-1.4700862,979.13324
1.1323344,0.10509287,-1.007103,0.64634436,-1.258907,2225.0962
-0.39246255,-0.019899933,0.33037415,-0.030283093,-1.3835467,1565.1394
0.2118645,1.248446,1.1453668,-0.25271082,0.5061363,8.528395
-0.067088425,-1.0974181,-1.2417051,-0.20781441,-0.41574535,2828.3562
0.8832497,1.3125857,-0.44049624,-1.3100405,-0.9280684,-7.1438236
0.32100597,-0.41571426,-0.35442156,0.122378275,-0.85700643,1355.9119
-1.2797918,0.22923496,-1.7766265,0.36731926,-0.5835751,-5.9451017
0.038709823,0.5768899,-0.7853236,-0.43073168,-1.822408,-10.9210825
0.3510036,-0.96262705,0.7468634,-0.39532068,0.3766657,420.67627
-0.16023456,-0.14726825,0.9123281,-0.868019,-1.1431129,1619.1163
-0.37985876,-0.83129066,-0.9863535,-1.6739346,-0.59225374,2733.5142
-1.1145517,0.15033992,1.3918141,0.8805092,0.25174126,1235.5975
0.21773231,0.080618426,0.93588454,-1.0184915,-0.8981067,-4.390066
1.9042801,0.4024625,2.007164,0.1365955,-0.23335014,8.262447
-0.10181846,-0.2857036,-1.1619228,0.9815809,1.5206779,8.423413
1.0837513,1.4515575,-0.7481696,0.29837573,-1.9596199,-6.4028106
-1.136592,-0.7254278,-0.23044279,0.5867486,-0.107008204,1166.811
-0.096331604,-0.21487005,0.8633315,-0.48459014,0.53383815,3.9087908
-0.65430045,-0.5457884,0.14219534,-0.90888566,0.18180443,1997.0955
-0.8565152,0.96020544,-0.52673197,1.3912672,-2.0386815,-3.6449387
0.96670073,0.52302,0.3377716,0.37244678,1.314216,509.7133
-0.868254,0.051109172,-1.0806589,0.38550687,0.4465565,21.416094
1.2204294,1.7820336,0.14422059,0.11684309,0.39071077,2849.0771
0.56682765,-0.38012975,0.1598295,-1.0447118,0.27084434,152.3946
1.0027536,-0.19258025,1.1288393,0.44510663,-0.8546291,1.9168842
1.5637746,0.08702309,0.81789356,2.3379147,-0.4238621,11.671739
1.3080355,1.1654679,-0.4227815,-0.16275163,-1.3536807,-4.7238607
0.91765076,0.532983,1.4302121,-1.3011512,1.4875383,9.074159
0.76489544,-0.59497046,0.8689872,0.47519726,0.64542377,1411.2772
2.322372,-0.30632663,-1.3106252,0.46315715,-1.2566592,24.581524
0.77048993,-0.12696846,0.3520985,-1.2643025,-0.6312551,403.47614
0.5297001,0.23807602,1.2269534,-1.0210694,0.69312555,1475.3263
0.19238015,-0.8420394,-0.37292704,-0.47994557,0.716805,-0.06716548
0.18274438,-0.55064917,0.37903816,0.8306103,0.59549373,7.489201
0.55603564,-0.2904054,0.20985775,0.37171152,-1.2480221,-3.4356828
1.4904975,-0.18536286,0.22907977,0.9473658,0.38470176,7.672626
-0.8544222,-1.3148649,0.44105121,1.0195428,0.010094891,977.3857
-1.4965184,1.4386673,0.3422608,0.38713336,0.92176116,10.326308
0.8626055,-0.42711416,1.3142527,-1.4026544,1.8124614,728.7555
0.16024205,-1.5495092,-2.0121992,-1.7662781,1.4988312,889.9971
0.27970278,0.32841355,0.81658816,-0.5419716,-1.0458964,-3.2523289
1.1228293,0.74135816,0.0897659,-1.656615,0.014510768,-3.165208
-1.2236092,0.94204587,-0.2701637,-0.43303728,0.0793138,0.09106086
-1.8434973,-1.0954036,0.6134963,1.9416378,-0.29824865,6.0668945
-1.2649741,1.3566655,0.16501859,-2.0174754,0.123519056,1849.3936
-1.1223693,-0.6406111,1.2957299,0.24210972,-2.6199436,521.9004
-0.6489176,-0.043647666,-0.08992954,-1.1436926,-0.36071444,-672.9053
-0.8600293,-0.23230258,0.9410781,0.2732536,-2.5934498,-8.936007
-0.50092083,1.0593097,0.6357672,-0.38910645,1.7880074,12.1577015
0.12333819,-1.0662476,-0.39093333,-0.22168997,-1.4909675,2072.021
-0.8400825,-1.235976,0.5467123,-0.5777255,0.78089476,3512.3801
-1.1685698,1.1269171,0.63190305,-0.02245378,0.6145467,7.588886
-0.19846243,-0.22061309,0.78015965,1.8421555,-0.7581408,6.5305843
-0.75438786,1.6252755,0.5111184,0.3089996,0.37927175,8.630955
-0.06405258,1.4453208,-0.05552641,0.96570766,-0.42784557,5.4663343
0.59131217,0.41050866,-0.1458579,0.24334687,1.43091,9.868716
0.23414671,0.47619346,2.111094,1.4976215,0.20814893,15.490733
-0.17496777,0.088817805,-0.16169408,-0.6376444,-1.0560702,-7.1770697
-1.5835893,-1.2902415,-0.9707262,1.4800347,0.32936025,-785.24084
0.22199045,1.1619694,-1.4707825,-0.22042371,2.3275938,9.814169
0.6409838,-0.31665504,0.67640513,-0.33149326,0.48211324,1165.604
1.2814709,-1.131238,-0.47998184,-0.052014444,0.4541535,0.028055275
0.23316126,-0.12944369,0.7513669,-1.2666707,-1.8393794,1103.7567
1.3729515,-0.0037764413,-0.14737965,0.6618389,-0.36170197,2.1094456
-1.3726434,-0.4912051,-0.7249584,0.62221235,-0.2812174,-1.7003483
0.68773156,-0.11006944,0.16474995,-0.13284019,0.04786809,1.3524736
0.97956544,0.016978707,-0.07230054,-0.021216616,-0.6643957,-77.10142
-1.5100898,0.016057335,0.9131929,1.4391904,1.1165038,14.413593
-0.27730632,-1.0088552,0.58796805,-1.3822554,-0.2498189,-308.1826
0.35886914,0.6621703,-1.2553929,0.5958313,-1.097516,-4.285288
-0.91949755,-0.056635693,-0.36523443,0.6098964,0.29192775,3.2012882
-1.5413253,-1.8956617,-0.7410392,-0.138064,-1.6727524,2219.3071
1.1350855,-0.18083192,0.18860854,-2.3932266,0.41243485,-5.76959
-0.3608223,2.5862453,0.20747907,-0.39409798,0.9690668,9.914123
0.93437326,1.5196742,0.20307246,1.3461505,0.37338316,12.392137
2.1346478,1.1509391,-0.37685555,-0.11470305,-0.54207,0.024085715
-1.3471528,-1.5642548,1.4194235,0.29283583,0.7629106,1223.9788
1.0094987,-0.30711013,1.3892568,-1.3310119,-0.8955512,2151.987
1.5337325,1.3509015,1.101797,-2.2503545,2.0086296,411.85306
-0.5841797,-1.5374842,-0.8189854,-0.76408863,0.29433084,999.962
-1.7830429,-1.9418448,-0.62821996,-0.21444581,0.9527902,-1.6604996
-1.7361587,0.26417977,-0.4029529,0.8295619,0.14094527,77.49447
1.0239477,-0.29785413,1.5317895,-1.0815419,1.7324545,9.906447
-0.6048373,0.4401897,1.2520806,-0.40845984,-1.4278064,1481.9967
1.0531502,-0.43491048,0.3862013,-0.25858247,1.4347063,7.886292
-1.3353491,1.131849,-2.101117,0.68003994,-0.5797623,2270.793
-1.796312,-0.8984113,-1.4036385,0.8810632,0.2323657,-1.217859
1.190924,0.44922435,0.42860654,0.41266975,-1.6668445,516.9211
-0.4379256,0.35328445,0.906399,0.3209745,0.26448953,6.8031154
-0.4897628,-0.23758787,-0.9446562,1.9320667,-2.213292,1307.3196
-1.1926923,0.5451549,0.4672426,0.06588316,1.7265424,11.742222
1.0978178,1.0405121,0.64989865,-0.104205005,-0.23960927,3.9849722
-1.5756482,-0.5449703,1.5377562,0.32087696,0.9978962,9.9923315
0.021133587,-0.9474576,0.4703022,1.19168,0.72148705,1054.3052
